,Total Radiation (MJ/m^2),Total Rainfall (mm),Avg Air Temp (C),Avg Min Temp (C),Avg Max Temp (C),Avg Soil Moisture (%),Class
0,4284.95,1043.2,12.55254881,5.25612022,11.40688186,0.232397845,2
1,1856.67,1043.2,12.55254881,5.25612022,17.67296379,0.232397845,2
2,4284.95,1043.2,9.96722694,5.25612022,11.40688186,0.232397845,2
3,1856.67,837.5,6.40837788,5.25612022,17.67322561,0.232397845,2
4,1856.67,1043.2,12.55254881,5.25612022,17.67322561,0.232397845,2
5,1856.67,1043.2,12.55254881,5.25612022,17.67322561,0.232397845,2
6,4284.95,1043.2,5.53,5.25612022,11.40688186,0.232397845,2
7,4284.95,1043.2,5.53,5.25612022,11.40688186,0.232397845,2
8,1856.67,1043.2,12.55254881,5.25612022,17.67322561,0.232397845,2
9,1856.67,837.5,6.40837788,5.25612022,17.67322561,0.232397845,2
10,1856.67,837.5,6.40837788,5.25612022,11.40688186,0.232397845,2
11,1856.67,1043.2,12.55254881,5.25612022,17.67322561,0.232397845,2
12,1856.67,837.5,6.40837788,5.25612022,17.67322561,0.232397845,2
13,1856.67,837.5,6.40837788,5.25612022,17.67322561,0.232397845,2
14,1856.67,837.5,6.40837788,5.25612022,17.67322561,0.232397845,2
15,1856.67,1043.2,12.55254881,5.25612022,17.67322561,0.232397845,2
16,1856.67,1043.2,12.55254881,5.25612022,17.67251708,0.232397845,2
17,4284.95,1043.2,5.53,5.25612022,11.40688186,0.232397845,3
18,1856.67,1043.2,12.55254881,5.25612022,17.67322561,0.232397845,2
19,4284.95,1043.2,9.96722694,5.25612022,11.40688186,0.232397845,2
20,4284.95,1043.2,9.96722694,5.25612022,11.40688186,0.232397845,2
21,1856.67,1043.2,12.55254881,5.25612022,17.67322561,0.232397845,2
22,4284.95,1043.2,5.53,5.25612022,11.40688186,0.232397845,2
23,1856.67,1043.2,12.55254881,5.25612022,17.67322561,0.232397845,2
24,4284.95,1043.2,5.53,5.25612022,11.40688186,0.232397845,2
25,1856.67,837.5,6.40837788,5.25612022,17.67322561,0.232397845,2
26,1856.67,1043.2,12.55254881,5.25612022,17.67322561,0.232397845,2
27,1856.67,1043.2,12.55254881,5.25612022,17.67322561,0.232397845,2
28,1856.67,1043.2,12.55254881,5.25612022,17.67322561,0.232397845,2
29,1856.67,837.5,6.40837788,5.25612022,17.67322561,0.232397845,2
30,4284.95,1043.2,5.53,5.25612022,11.40688186,0.232397845,2
31,4284.95,1043.2,6.40837788,5.25612022,11.40688186,0.232397845,3
32,1856.67,1043.2,12.55254881,5.25612022,17.67322561,0.232397845,2
33,1856.67,1043.2,12.55254881,5.25612022,17.67322561,0.232397845,2
34,1856.67,1043.2,12.55254881,5.25612022,17.67322561,0.232397845,2
35,4284.95,1043.2,5.53,5.25612022,11.40688186,0.232397845,2
36,1856.67,837.5,6.40837788,5.25612022,17.67322561,0.232397845,2
37,1856.67,1043.2,12.55254881,5.25612022,17.67322561,0.232397845,2
38,1856.67,1043.2,6.40837788,5.25612022,17.67322431,0.232397845,2
39,4284.95,1043.2,12.55254881,5.25612022,11.40688186,0.232397845,2
40,4284.95,1043.2,12.55254881,5.25612022,11.40893855,0.232397845,2
41,1856.67,837.5,6.40837788,5.25612022,17.67322561,0.232397845,2
42,1856.67,1043.2,6.40837788,5.25612022,17.67322561,0.232397845,2
43,4284.95,1043.2,5.53,5.25612022,11.40688186,0.232397845,2
44,1856.67,1043.2,12.55254881,5.25612022,17.67322561,0.232397845,2
45,1856.67,1043.2,12.55254881,5.25612022,17.67322561,0.232397845,2
46,1856.67,1043.2,12.55254881,5.25612022,17.67322561,0.232397845,2
47,4284.95,837.5,6.40837788,5.25612022,11.40688186,0.232397845,3
48,1856.67,1043.2,12.55254881,5.25612022,17.67322561,0.232397845,2
49,1856.67,1043.2,12.55254881,5.25612022,17.67322561,0.232397845,2
50,4284.95,1043.2,9.96722694,5.25612022,11.40688186,0.232397845,2
51,1856.67,837.5,6.40837788,5.25612022,17.67322561,0.232397845,2
52,1856.67,1043.2,12.55254881,5.25612022,17.67322561,0.232397845,2
53,1856.67,837.5,6.40837788,5.25612022,17.67322561,0.232397845,2
54,1856.67,1043.2,12.55254881,5.25612022,17.67322561,0.232397845,2
55,4284.95,837.5,6.40837788,5.25612022,11.40688186,0.232397845,2
56,4284.95,1043.2,9.96722694,5.25612022,11.40688186,0.232397845,2
57,1856.67,1043.2,12.55254881,5.25612022,17.67322561,0.232397845,2
58,1856.67,1043.2,12.55254881,5.25612022,17.67322561,0.232397845,2
59,1856.67,1043.2,12.55254881,5.25612022,17.67322561,0.232397845,2
60,4284.95,1043.2,9.96722694,5.25612022,11.40688186,0.232397845,2
61,1856.67,1043.2,12.55254881,5.25612022,17.67322561,0.232397845,2
62,4284.95,1043.2,9.96722694,5.25612022,11.40688186,0.232397845,3
63,1856.67,837.5,6.40837788,5.25612022,17.67322561,0.232397845,2
64,1856.67,1043.2,12.55254881,5.25612022,17.67322561,0.232397845,2
65,1856.67,1043.2,12.55254881,5.25612022,17.67322561,0.232397845,2
66,1856.67,1043.2,12.55254881,5.25612022,16.7017509,0.232397845,2
67,1856.67,837.5,6.40837788,5.25612022,17.67322561,0.232397845,2
68,4284.95,1043.2,6.40837788,5.25612022,11.40688186,0.232397845,2
69,1856.67,1043.2,12.55254881,5.25612022,17.67322561,0.232397845,2
70,1856.67,1043.2,12.55254881,5.25612022,17.67322561,0.232397845,2
71,1856.67,1043.2,12.55254881,5.25612022,17.67322561,0.232397845,2
72,4284.95,1043.2,9.96722694,5.25612022,11.40688186,0.232397845,2
73,4284.95,1043.2,5.53,5.25612022,11.40688186,0.232397845,2
74,1856.67,837.5,6.40837788,5.25612022,17.67322561,0.232397845,2
75,1856.67,837.5,6.40837788,5.25612022,17.67322561,0.232397845,2
76,1856.67,1043.2,12.55254881,5.25612022,17.67322561,0.232397845,2
77,1856.67,837.5,6.40837788,5.25612022,17.67322561,0.232397845,2
78,1856.67,1043.2,6.40837788,5.25612022,17.67315465,0.232397845,2
79,1856.67,1043.2,12.55254881,5.25612022,17.67322561,0.232397845,2
80,1856.67,1043.2,12.55254881,5.25612022,17.67322561,0.232397845,2
81,1856.67,1043.2,6.40837788,5.25612022,17.67322561,0.232397845,2
82,4284.95,1043.2,5.53,5.25612022,11.40688186,0.232397845,2
83,1856.67,1043.2,12.55254881,5.25612022,11.53314237,0.232397845,2
84,4284.95,1043.2,9.96722694,5.25612022,11.40688186,0.232397845,2
85,1856.67,837.5,6.40837788,5.25612022,17.67322561,0.232397845,2
86,1856.67,1043.2,12.55254881,5.25612022,17.67322561,0.232397845,2
87,1856.67,837.5,6.40837788,5.25612022,17.67322561,0.232397845,2
88,1856.67,837.5,6.40837788,5.25612022,17.67322561,0.232397845,2
89,1856.67,1043.2,12.55254881,5.25612022,17.67322561,0.232397845,2
90,1856.67,1043.2,12.55254881,5.25612022,17.67322561,0.232397845,2
91,1856.67,1043.2,12.55254881,5.25612022,17.67322561,0.232397845,2
92,4284.95,1043.2,5.53,5.25612022,11.40688186,0.232397845,3
93,1856.67,837.5,6.40837788,5.25612022,17.67322561,0.232397845,2
94,1856.67,837.5,6.40837788,5.25612022,17.67322561,0.232397845,2
95,1856.67,837.5,12.55254881,5.25612022,17.67322561,0.232397845,2
96,4284.95,1043.2,9.96722694,5.25612022,11.40688186,0.232397845,2
97,1856.67,837.5,6.40837788,5.25612022,17.67322561,0.232397845,2
98,1856.67,1043.2,12.55254881,5.25612022,17.67322561,0.232397845,2
99,4284.95,1043.2,5.53,5.25612022,11.40688186,0.232397845,2
100,1856.67,1043.2,12.55254881,5.25612022,17.67322561,0.232397845,2
101,4284.95,1043.2,9.96722694,5.25612022,11.40688186,0.232397845,2
102,1856.67,837.5,6.40837788,5.25612022,17.67322561,0.232397845,2
103,4284.95,1043.2,12.55254881,5.25612022,11.40688186,0.232397845,2
104,1856.67,837.5,6.40837788,5.25612022,17.67322561,0.232397845,2
105,1856.67,1043.2,12.55254881,5.25612022,17.67322561,0.232397845,2
106,4284.95,1043.2,5.53,5.25612022,11.40688186,0.232397845,2
107,1856.67,837.5,6.40837788,5.25612022,17.67322561,0.232397845,2
108,1856.67,1043.2,12.55254881,5.25612022,17.67322561,0.232397845,2
109,1856.67,897.1,6.40837788,5.25612022,17.67322561,0.232397845,2
110,1856.67,1043.2,12.55254881,5.25612022,17.67322561,0.232397845,2
111,4284.95,1043.2,5.53,5.25612022,11.40688186,0.232397845,2
112,4284.95,1043.2,5.53,5.25612022,11.40688186,0.232397845,3
113,1856.67,1043.2,12.55254881,5.25612022,17.67322561,0.232397845,2
114,1856.67,1043.2,6.40837788,5.25612022,17.64575371,0.232397845,2
115,1856.67,837.5,6.40837788,5.25612022,17.67322561,0.232397845,2
116,1856.67,1043.2,12.55254881,5.25612022,17.67322561,0.232397845,2
117,1856.67,837.5,7.4293707,5.25612022,17.67322561,0.232397845,2
118,1856.67,1043.2,12.55254881,5.25612022,17.67322561,0.232397845,2
119,1856.67,837.5,6.40837788,5.25612022,17.67322561,0.232397845,2
120,1856.67,1043.2,12.55254881,5.25612022,17.67322561,0.232397845,2
121,1856.67,1043.2,12.55254881,5.25612022,17.67322561,0.232397845,2
122,4284.95,1043.2,9.96722694,5.25612022,11.40688186,0.232397845,2
123,1856.67,1043.2,12.55254881,5.25612022,17.67322561,0.232397845,2
124,4284.95,1043.2,5.53,5.25612022,11.40688186,0.232397845,2
125,4284.95,1043.2,12.55254881,5.25612022,11.40688186,0.232397845,2
126,1856.67,837.5,6.40837788,5.25612022,17.67322561,0.232397845,2
127,1856.67,837.5,6.40837788,5.25612022,17.67322561,0.232397845,2
128,4284.95,1043.2,9.96722694,5.25612022,11.40688186,0.232397845,2
129,1856.67,1043.2,12.55254881,5.25612022,17.67322561,0.232397845,2
130,1856.67,1043.2,12.55254881,5.25612022,17.67322561,0.232397845,2
131,1856.67,837.5,6.40837788,5.25612022,17.67322561,0.232397845,2
132,1856.67,837.5,6.40837788,5.25612022,17.67322561,0.232397845,2
133,1856.67,837.5,6.40837788,5.25612022,17.67322561,0.232397845,2
134,4284.95,1043.2,5.53,5.25612022,11.40688186,0.232397845,2
135,1856.67,1043.2,12.55254881,5.25612022,17.67322524,0.232397845,2
136,1856.67,1043.2,12.55254881,5.25612022,17.67322561,0.232397845,2
137,4284.76,1043.2,12.55254881,5.25612022,11.40688186,0.232397845,2
138,1856.67,1043.2,12.55254881,5.25612022,17.67322561,0.232397845,2
139,4284.95,1043.2,9.96722694,5.25612022,11.40688186,0.232397845,2
140,4284.95,1043.2,9.96722694,5.25612022,11.40688186,0.232397845,2
141,1856.67,837.5,6.40837788,5.25612022,17.67322561,0.232397845,2
142,1856.67,1043.2,12.55254881,5.25612022,17.67322561,0.232397845,2
143,4284.95,837.5,6.40837788,5.25612022,11.40688186,0.232397845,2
144,1856.67,1043.2,12.55254881,5.25612022,17.67322561,0.232397845,2
145,1856.67,837.5,6.40837788,5.25612022,17.67322561,0.232397845,2
146,1856.67,1043.2,12.55254881,5.25612022,11.40688186,0.232397845,2
147,1856.67,1043.2,6.40837788,5.25612022,11.40688186,0.232397845,2
148,4284.95,1043.2,9.96722694,5.25612022,11.40688186,0.232397845,2
149,4284.95,1043.2,9.96722694,5.25612022,11.40688186,0.232397845,2
150,1856.67,837.5,6.40837788,5.25612022,17.67322561,0.232397845,2
151,4284.95,1043.2,9.96722694,5.25612022,11.40688186,0.232397845,1
152,1856.67,1043.2,12.55254881,5.25612022,17.67322561,0.232397845,2
153,1856.67,837.5,6.40837788,5.25612022,17.67322561,0.232397845,2
154,1856.67,1043.2,12.55254881,5.25612022,17.67322561,0.232397845,2
155,1856.67,837.5,6.40837788,5.25612022,17.67322561,0.232397845,2
156,1856.67,837.5,6.40837788,5.25612022,17.67322561,0.232397845,2
157,1856.67,1043.2,12.55254881,5.25612022,17.67322561,0.232397845,2
158,4284.95,1043.2,12.55254881,5.25612022,11.40688186,0.232397845,2
159,4284.95,1043.2,9.96722694,5.25612022,11.40688186,0.232397845,2
160,4284.95,1043.2,9.96722694,5.25612022,11.40688186,0.232397845,2
161,4284.95,1043.2,5.53,5.25612022,11.40688186,0.232397845,3
162,4284.95,1043.2,5.53,5.25612022,11.40688186,0.232397845,2
163,1856.67,1043.2,12.55254881,5.25612022,17.67322561,0.232397845,2
164,1856.67,1043.2,12.55254881,5.25612022,17.67322561,0.232397845,2
165,1856.67,1043.2,12.55254881,5.25612022,17.67322561,0.232397845,2
166,1856.67,1043.2,12.55254881,5.25612022,14.96170452,0.232397845,2
167,1856.67,837.5,6.40837788,5.25612022,17.67322561,0.232397845,2
168,1856.67,837.5,6.40837788,5.25612022,17.67322561,0.232397845,2
169,1856.67,1043.2,12.55254881,5.25612022,17.67322561,0.232397845,2
170,1856.67,1043.2,12.55254881,5.25612022,17.67322561,0.232397845,2
171,4284.95,1043.2,5.53,5.25612022,11.40688186,0.232397845,2
172,1856.67,837.5,6.40837788,5.25612022,17.67322561,0.232397845,2
173,1856.67,1043.2,12.55254881,5.25612022,17.67322561,0.232397845,2
174,4284.95,1043.2,5.53,5.25612022,11.40688186,0.232397845,2
175,1856.67,837.5,6.40837788,5.25612022,17.67322561,0.232397845,2
176,4284.95,1043.2,12.55059447,5.25612022,11.40688186,0.232397845,2
177,4284.95,1043.2,9.96722694,5.25612022,11.40688186,0.232397845,2
178,1856.67,1043.2,12.55254881,5.25612022,17.67322561,0.232397845,2
179,1856.67,837.5,6.40837788,5.25612022,17.67322561,0.232397845,2
180,1856.67,1043.2,12.55254881,5.25612022,17.67322561,0.232397845,2
181,1856.67,1043.2,12.55254881,5.25612022,17.67322561,0.232397845,2
182,1856.67,837.5,6.40837788,5.25612022,17.67322561,0.232397845,2
183,4284.95,1043.2,9.96722694,5.25612022,11.40688186,0.232397845,2
184,4284.95,837.5,6.40837788,5.25612022,11.40688186,0.232397845,2
185,3800.45,1043.2,12.55254881,5.25612022,11.40688186,0.232397845,2
186,1856.67,837.5,6.40837788,5.25612022,17.67322561,0.232397845,2
187,1856.67,1043.2,12.55254881,5.25612022,17.67322561,0.232397845,2
188,1856.67,837.5,6.40837788,5.25612022,17.67322561,0.232397845,2
189,1856.67,1043.2,12.55254881,5.25612022,17.67322561,0.232397845,2
190,4284.95,1043.2,9.96722694,5.25612022,11.40688186,0.232397845,2
191,1856.67,837.5,6.40837788,5.25612022,11.45182027,0.232397845,2
192,4284.95,1043.2,5.53,5.25612022,11.40688186,0.232397845,2
193,1856.67,1043.2,12.55254881,5.25612022,17.67322561,0.232397845,2
194,1856.67,837.5,6.40837788,5.25612022,11.40688186,0.232397845,2
195,1856.67,1043.2,12.55254881,5.25612022,17.67322561,0.232397845,2
196,1856.67,1043.2,12.55254881,5.25612022,17.67322561,0.232397845,2
197,1856.67,1043.2,12.55254881,5.25612022,17.67322561,0.232397845,2
198,4284.95,1043.2,9.96722694,5.25612022,11.40688186,0.232397845,2
199,1856.67,837.5,6.40837788,5.25612022,17.67322561,0.232397845,2
200,4284.95,1043.2,9.96722694,5.25612022,11.40688186,0.232397845,2
201,1856.67,837.5,6.40837788,5.25612022,17.67322561,0.232397845,2
202,4284.95,1043.2,9.96722694,5.25612022,11.40688186,0.232397845,2
203,4284.95,1043.2,12.55254881,5.25612022,11.40688186,0.232397845,2
204,4284.95,1043.2,12.55254881,5.25612022,11.40688186,0.232397845,2
205,1856.67,1043.2,12.55254881,5.25612022,17.67322561,0.232397845,2
206,1856.67,837.5,6.40837788,5.25612022,17.67322561,0.232397845,2
207,1856.67,1043.2,12.55254881,5.25612022,17.67322561,0.232397845,2
208,4284.95,1043.2,9.96722694,5.25612022,11.40688186,0.232397845,2
209,1856.67,837.5,12.55254881,5.25612022,17.67322561,0.232397845,2
210,4284.95,1043.2,9.96722694,5.25612022,11.40688186,0.232397845,2
211,1856.67,837.5,6.40837788,5.25612022,17.67322561,0.232397845,2
212,1856.67,1043.2,6.40837788,5.25612022,17.67322561,0.232397845,2
213,1856.67,1043.2,12.55254881,5.25612022,17.67322561,0.232397845,2
214,1856.67,1043.2,12.55254881,5.25612022,17.67322561,0.232397845,2
215,1856.67,1043.2,12.55254881,5.25612022,17.67322561,0.232397845,2
216,1856.67,1043.2,12.55254881,5.25612022,17.67322561,0.232397845,2
217,1856.67,1043.2,12.55254881,5.25612022,17.67322561,0.232397845,2
218,4284.95,1043.2,12.55254881,5.25612022,11.40688186,0.232397845,2
219,4284.95,1043.2,5.53,5.25612022,11.40688186,0.232397845,3
220,1856.67,1043.2,12.55254881,5.25612022,17.67322561,0.232397845,2
221,1856.67,1043.2,12.55254881,5.25612022,17.67322561,0.232397845,2
222,1856.67,837.5,6.40837788,5.25612022,17.67322561,0.232397845,2
223,4284.95,1043.2,9.96722694,5.25612022,11.40688186,0.232397845,2
224,1856.67,837.5,6.40837788,5.25612022,17.67322561,0.232397845,2
225,4284.95,1043.2,9.96722694,5.25612022,11.40688186,0.232397845,2
226,1856.67,1043.2,12.55254881,5.25612022,17.67322561,0.232397845,2
227,1856.67,837.5,6.40837788,5.25612022,17.67322561,0.232397845,2
228,4284.95,837.5,6.40837788,5.25612022,11.40688186,0.232397845,2
229,1856.67,837.5,6.40837788,5.25612022,11.40688186,0.232397845,2
230,1856.67,1043.2,12.55254881,5.25612022,17.67322561,0.232397845,2
231,1856.67,837.5,6.40837788,5.25612022,17.67322561,0.232397845,2
232,4284.95,1043.2,5.53,5.25612022,11.40688186,0.232397845,3
233,1856.67,1043.2,12.55254881,5.25612022,17.67322561,0.232397845,2
234,1856.67,837.5,12.55254881,5.25612022,17.67322561,0.232397845,2
235,4284.95,1043.2,9.96722694,5.25612022,11.40688186,0.232397845,2
236,1856.67,1043.2,12.55254881,5.25612022,11.41000304,0.232397845,2
237,1856.67,1043.2,12.55254881,5.25612022,17.67322561,0.232397845,2
238,4284.95,1043.2,6.40837788,5.25612022,11.40688186,0.232397845,2
239,4284.95,1043.2,9.96722694,5.25612022,11.40688186,0.232397845,2
240,1856.67,837.5,6.40837788,5.25612022,17.67322561,0.232397845,2
241,1856.67,837.5,6.40837788,5.25612022,17.67322561,0.232397845,2
242,1856.67,837.5,6.40837788,5.25612022,17.67322561,0.232397845,2
243,1856.67,1043.2,12.55254881,5.25612022,17.67322561,0.232397845,2
244,4284.95,1043.2,9.96722694,5.25612022,11.40688186,0.232397845,2
245,1856.67,1043.2,12.55254881,5.25612022,17.67322561,0.232397845,2
246,4284.95,837.5,6.40837788,5.25612022,11.40688186,0.232397845,2
247,4284.95,1043.2,9.96722694,5.25612022,11.40688186,0.232397845,2
248,1856.67,1043.2,12.55254881,5.25612022,17.67322561,0.232397845,2
249,1856.67,837.5,6.40837788,5.25612022,17.67322561,0.232397845,2
250,1856.67,1043.2,12.55254881,5.25612022,17.67322561,0.232397845,2
251,4284.95,1043.2,5.53,5.25612022,11.40688186,0.232397845,2
252,1856.67,1043.2,12.55254881,5.25612022,17.67322561,0.232397845,2
253,4284.95,1043.2,9.96722694,5.25612022,11.40688186,0.232397845,2
254,4284.95,1043.2,9.96722694,5.25612022,11.40688186,0.232397845,2
255,4284.95,1043.2,12.55254881,5.25612022,11.40688186,0.232397845,2
256,1856.67,1043.2,12.55254881,5.25612022,17.67322561,0.232397845,2
257,1856.67,837.5,6.40837788,5.25612022,17.67322561,0.232397845,2
258,1856.67,837.5,6.40837788,5.25612022,17.67322561,0.232397845,2
259,1856.67,837.5,6.40837788,5.25612022,17.67322561,0.232397845,2
260,1856.67,1043.2,12.55254881,5.25612022,17.67322561,0.232397845,2
261,4284.95,1043.2,9.96722694,5.25612022,11.40688186,0.232397845,1
262,1856.67,837.5,6.40837788,5.25612022,17.67322561,0.232397845,2
263,1856.67,1043.2,12.55254881,5.25612022,11.40688186,0.232397845,2
264,1856.67,1043.2,12.55254881,5.25612022,17.67322561,0.232397845,2
265,4284.95,837.5,6.40837788,5.25612022,11.40688186,0.232397845,2
266,1856.67,1043.2,12.55254881,5.25612022,17.67322561,0.232397845,2
267,1856.67,837.5,6.40837788,5.25612022,17.67322561,0.232397845,2
268,1856.67,1043.2,12.55254881,5.25612022,17.67322561,0.232397845,2
269,1856.67,1043.2,12.55254881,5.25612022,17.67219699,0.232397845,2
270,4284.95,1043.2,9.96722694,5.25612022,11.40688186,0.232397845,2
271,1856.67,837.5,6.40837788,5.25612022,17.67322561,0.232397845,2
272,1856.67,1043.2,12.55254881,5.25612022,17.67322561,0.232397845,2
273,4284.95,1043.2,9.96722694,5.25612022,11.40688186,0.232397845,2
274,1856.67,837.5,6.40837788,5.25612022,11.40688186,0.232397845,2
275,1856.67,837.5,12.55254881,5.25612022,17.67322561,0.232397845,2
276,1856.67,1043.2,12.55254881,5.25612022,17.67322561,0.232397845,2
277,4284.95,1043.2,5.53,5.25612022,11.40688186,0.232397845,2
278,1856.67,837.5,6.40837788,5.25612022,17.67322561,0.232397845,2
279,4284.95,1043.2,6.40837788,5.25612022,11.40688186,0.232397845,3
280,1856.67,1043.2,12.55254881,5.25612022,17.67322561,0.232397845,2
281,1856.67,1043.2,12.55254881,5.25612022,17.67322561,0.232397845,2
282,4284.95,837.5,6.40837788,5.25612022,11.40688186,0.232397845,3
283,4284.95,1043.2,9.96722694,5.25612022,11.40688186,0.232397845,2
284,1856.67,1043.2,12.55254881,5.25612022,11.58429681,0.232397845,2
285,4284.95,1043.2,6.40837788,5.25612022,11.40688186,0.232397845,3
286,4284.95,837.5,6.40837788,5.25612022,11.40688186,0.232397845,2
287,1856.67,1043.2,12.55254881,5.25612022,17.67322561,0.232397845,2
288,1856.67,1043.2,12.55254881,5.25612022,17.67322561,0.232397845,2
289,1856.67,1043.2,12.55254881,5.25612022,17.67322561,0.232397845,2
290,1856.67,1043.2,12.55254881,5.25612022,17.67322561,0.232397845,2
291,4284.95,1043.2,5.53,5.25612022,11.40688186,0.232397845,1
292,4284.95,1043.2,5.53,5.25612022,11.40688186,0.232397845,2
293,1856.67,1043.2,12.55254881,5.25612022,17.67322561,0.232397845,2
294,1856.67,1043.2,12.55254881,5.25612022,17.67322561,0.232397845,2
295,1856.67,1043.2,12.55254881,5.25612022,17.67322561,0.232397845,2
296,1856.67,837.5,6.40837788,5.25612022,17.67322561,0.232397845,2
297,4284.95,837.5,6.40837788,5.25612022,11.40688186,0.232397845,2
298,1856.67,837.5,6.40837788,5.25612022,17.67322561,0.232397845,2
299,1856.67,837.5,6.40837788,5.25612022,17.67322561,0.232397845,2
300,1856.67,1043.2,12.55254881,5.25612022,17.67322561,0.232397845,2
301,1856.67,837.5,6.40837788,5.25612022,17.67322561,0.232397845,2
302,4284.95,1043.2,12.55254881,5.25612022,17.67322561,0.232397845,2
303,4284.95,1043.2,5.53,5.25612022,11.40688186,0.232397845,2
304,1856.67,1043.2,12.55254881,5.25612022,17.67322561,0.232397845,2
305,1856.67,1043.2,12.55254881,5.25612022,17.67322561,0.232397845,2
306,1856.67,837.5,6.40837788,5.25612022,17.67322561,0.232397845,2
307,4284.95,1043.2,12.55254881,5.25612022,11.40688186,0.232397845,2
308,4284.95,1043.2,12.55254881,5.25612022,11.40688186,0.232397845,2
309,4284.95,1043.2,12.55254881,5.25612022,11.40688186,0.232397845,2
310,4284.95,1043.2,9.96722694,5.25612022,11.40688186,0.232397845,2
311,1856.67,1043.2,12.55254881,5.25612022,17.67322561,0.232397845,2
312,1856.67,1043.2,12.55254881,5.25612022,17.67321646,0.232397845,2
313,1856.67,837.5,6.40837788,5.25612022,17.67322561,0.232397845,2
314,1856.67,1043.2,6.40837788,5.25612022,11.40688186,0.232397845,2
315,1856.67,1043.2,12.55254881,5.25612022,11.40688186,0.232397845,2
316,1856.67,837.5,6.40837788,5.25612022,17.67322561,0.232397845,2
317,4284.95,1043.2,9.96722694,5.25612022,11.40688186,0.232397845,1
318,1856.67,837.5,6.40837788,5.25612022,17.67322561,0.232397845,2
319,1856.67,837.5,6.40837788,5.25612022,17.67322561,0.232397845,2
320,4284.95,1043.2,6.40837788,5.25612022,11.40688186,0.232397845,3
321,4284.95,1043.2,9.96722694,5.25612022,11.40688186,0.232397845,2
322,1856.67,1043.2,12.55254808,5.25612022,17.67322561,0.232397845,2
323,4284.95,1043.2,9.96722694,5.25612022,11.40688186,0.232397845,2
324,4284.95,1043.2,9.96722694,5.25612022,11.40688186,0.232397845,2
325,1856.67,1043.2,12.55254881,5.25612022,11.40688186,0.232397845,2
326,1856.67,837.5,6.40837788,5.25612022,17.67322561,0.232397845,2
327,4284.95,1043.2,9.96722694,5.25612022,11.40688186,0.232397845,2
328,1856.67,837.5,6.40837788,5.25612022,17.67322561,0.232397845,2
329,1856.67,1043.2,12.55254881,5.25612022,17.67322561,0.232397845,2
330,4284.95,1043.2,12.55254881,5.25612022,11.40688186,0.232397845,2
331,1856.67,1043.2,12.55254881,5.25612022,17.67322561,0.232397845,2
332,1856.67,1043.2,12.55254881,5.25612022,17.67322561,0.232397845,2
333,1856.67,837.5,6.40837788,5.25612022,11.40688186,0.232397845,2
334,4284.95,1043.2,5.53,5.25612022,11.40688186,0.232397845,2
335,1856.67,1043.2,12.55254881,5.25612022,17.67322561,0.232397845,2
336,1856.67,1043.2,12.55254881,5.25612022,17.67322561,0.232397845,2
337,1856.67,1043.2,12.55150252,5.25612022,17.67322561,0.232397845,2
338,1856.67,837.5,6.40837788,5.25612022,17.67322561,0.232397845,2
339,1856.67,1043.2,6.40837788,5.25612022,17.66897851,0.232397845,2
340,1856.67,837.5,6.40837788,5.25612022,17.67322561,0.232397845,2
341,4284.95,1043.2,9.96722694,5.25612022,11.40688186,0.232397845,2
342,1856.67,1043.2,12.55254881,5.25612022,11.40688186,0.232397845,2
343,4284.95,1043.2,6.40837788,5.25612022,11.40688186,0.232397845,3
344,1856.67,837.5,6.40837788,5.25612022,17.67322561,0.232397845,2
345,1856.67,1043.2,12.55254881,5.25612022,17.67322561,0.232397845,2
346,1856.67,1043.2,6.40837788,5.25612022,17.67322561,0.232397845,2
347,4284.95,1043.2,9.96722694,5.25612022,11.40688186,0.232397845,2
348,1856.67,837.5,6.40837788,5.25612022,17.67322561,0.232397845,2
349,1856.67,1043.2,12.55254881,5.25612022,17.67322561,0.232397845,2
350,1856.67,1043.2,12.55254881,5.25612022,17.67322561,0.232397845,2
351,4284.95,1043.2,9.96722694,5.25612022,11.40688186,0.232397845,2
352,1856.67,837.5,6.40837788,5.25612022,17.67322561,0.232397845,2
353,1856.67,1043.2,12.55254881,5.25612022,17.67322561,0.232397845,2
354,1856.67,837.5,6.40837788,5.25612022,17.67322561,0.232397845,2
355,4284.95,837.5,6.40837788,5.25612022,11.40688186,0.232397845,2
356,1856.67,1043.2,12.55254881,5.25612022,17.67322561,0.232397845,2
357,1856.67,1043.2,12.55254881,5.25612022,17.67322561,0.232397845,2
358,4284.95,1043.2,9.96722694,5.25612022,11.40688186,0.232397845,2
359,1856.67,1043.2,6.40837788,5.25612022,11.40688186,0.232397845,2
360,1856.67,1043.2,12.55254881,5.25612022,17.67322561,0.232397845,2
361,1856.67,1043.2,12.55254881,5.25612022,17.67322561,0.232397845,2
362,1856.67,837.5,6.40837788,5.25612022,11.40688186,0.232397845,2
363,1856.67,1043.2,12.55254881,5.25612022,17.67322561,0.232397845,2
364,1856.67,1043.2,12.55254881,5.25612022,17.67322561,0.232397845,2
365,1856.67,837.5,6.40837788,5.25612022,17.67322561,0.232397845,2
366,4284.95,1043.2,9.96722694,5.25612022,11.40688186,0.232397845,2
367,1856.67,1043.2,12.55254881,5.25612022,17.67322561,0.232397845,2
368,4284.95,1043.2,5.53,5.25612022,11.40688186,0.232397845,3
369,4284.95,1043.2,6.40837788,5.25612022,11.40688186,0.232397845,2
370,4284.95,1043.2,5.53,5.25612022,11.40688186,0.232397845,2
371,1856.67,837.5,6.40837788,5.25612022,17.67322561,0.232397845,2
372,4284.95,1043.2,9.96722694,5.25612022,11.40688186,0.232397845,2
373,1856.67,837.5,6.40837788,5.25612022,17.67322561,0.232397845,2
374,1856.67,1043.2,6.40837788,5.25612022,17.67322561,0.232397845,2
375,1856.67,1043.2,12.55254881,5.25612022,17.67322561,0.232397845,2
376,4284.95,1043.2,9.96722694,5.25612022,11.40688186,0.232397845,2
377,1856.67,1043.2,12.55254881,5.25612022,17.67322561,0.232397845,2
378,1856.67,1043.2,12.55254881,5.25612022,17.67322561,0.232397845,2
379,1856.67,1043.2,12.55254881,5.25612022,17.67322561,0.232397845,2
380,1856.67,1043.2,12.55254881,5.25612022,17.67322561,0.232397845,2
381,1856.67,837.5,6.40837788,5.25612022,17.67322561,0.232397845,2
382,1856.67,1043.2,12.55254881,5.25612022,17.67322561,0.232397845,2
383,4284.95,1043.2,6.40837788,5.25612022,11.40688186,0.232397845,3
384,4284.95,837.5,6.40837788,5.25612022,11.40688186,0.232397845,2
385,1856.67,1043.2,12.55254881,5.25612022,17.67322561,0.232397845,2
386,4284.95,1043.2,5.53,5.25612022,11.40688186,0.232397845,2
387,1856.67,1043.2,12.55254881,5.25612022,17.67322561,0.232397845,2
388,1856.67,1043.2,12.55254881,5.25612022,17.67322561,0.232397845,2
389,1856.67,1043.2,12.55254881,5.25612022,17.67322561,0.232397845,2
390,4284.95,1043.2,9.96722694,5.25612022,11.40688186,0.232397845,2
391,1856.67,1043.2,12.55254881,5.25612022,17.67322561,0.232397845,2
392,4284.95,837.5,6.40837788,5.25612022,11.40688186,0.232397845,2
393,4284.95,1043.2,9.96722694,5.25612022,11.40688186,0.232397845,2
394,4284.95,1043.2,12.55254881,5.25612022,11.40688186,0.232397845,2
395,1856.67,1043.2,12.55254881,5.25612022,17.67322561,0.232397845,2
396,1856.67,1043.2,12.55254881,5.25612022,17.67322561,0.232397845,2
397,1856.67,1043.2,6.40837788,5.25612022,17.67322561,0.232397845,2
398,1856.67,1043.2,12.55254881,5.25612022,17.67322561,0.232397845,2
399,1856.67,837.5,6.40837788,5.25612022,17.67322561,0.232397845,2
400,1856.67,1043.2,12.55254881,5.25612022,17.67322561,0.232397845,2
401,4284.95,1043.2,12.55254881,5.25612022,11.40688186,0.232397845,2
402,1856.67,837.5,6.40837788,5.25612022,17.67322561,0.232397845,2
403,1856.67,1043.2,12.55254881,5.25612022,17.67322561,0.232397845,2
404,4284.95,1043.2,5.53,5.25612022,11.40688186,0.232397845,2
405,1856.67,1043.2,12.55254881,5.25612022,17.67322561,0.232397845,2
406,1856.67,837.5,6.40837788,5.25612022,17.67322561,0.232397845,2
407,1856.67,1043.2,12.55254881,5.25612022,17.67322561,0.232397845,2
408,4284.95,837.5,6.40837788,5.25612022,11.40688186,0.232397845,2
409,1856.67,1043.2,12.55254881,5.25612022,17.67322561,0.232397845,2
410,4284.95,1043.2,12.55254881,5.25612022,11.40688186,0.232397845,2
411,1856.67,1043.2,12.55254881,5.25612022,17.67322561,0.232397845,2
412,4284.95,1043.2,9.96722694,5.25612022,11.40688186,0.232397845,2
413,1856.67,1043.2,12.55254881,5.25612022,17.67322561,0.232397845,2
414,1856.67,1043.2,12.55254881,5.25612022,17.67322561,0.232397845,2
415,1856.67,1043.2,12.55254881,5.25612022,11.40688186,0.232397845,2
416,1856.67,1043.2,12.55254881,5.25612022,17.67322561,0.232397845,2
417,1856.67,837.5,6.40837788,5.25612022,17.67322561,0.232397845,2
418,1856.67,837.5,6.40837788,5.25612022,17.67322561,0.232397845,2
419,1856.67,837.5,6.40837788,5.25612022,17.67322561,0.232397845,2
420,1856.67,837.5,6.40837788,5.25612022,17.67322561,0.232397845,2
421,4284.95,1043.2,9.96722694,5.25612022,11.40688186,0.232397845,2
422,1856.67,1043.2,12.55254881,5.25612022,17.67322561,0.232397845,2
423,1856.67,1043.2,12.55254881,5.25612022,17.67322561,0.232397845,2
424,1856.67,1043.2,12.55254881,5.25612022,17.67322561,0.232397845,2
425,4284.95,1043.2,12.55254881,5.25612022,11.40688186,0.232397845,2
426,4284.95,1043.2,9.96722694,5.25612022,11.40688186,0.232397845,2
427,1856.67,837.5,6.40837788,5.25612022,17.67322561,0.232397845,2
428,4284.95,837.5,6.40837788,5.25612022,11.40688186,0.232397845,2
429,1856.67,837.5,6.40837788,5.25612022,11.41171499,0.232397845,2
430,4284.95,1043.2,9.96722694,5.25612022,11.40688186,0.232397845,2
431,4284.95,1043.2,12.55254881,5.25612022,11.40688186,0.232397845,2
432,1856.67,1043.2,12.55254881,5.25612022,17.67322561,0.232397845,2
433,4284.95,837.5,6.40837788,5.25612022,11.40688186,0.232397845,2
434,1856.67,1043.2,12.55254881,5.25612022,17.67322561,0.232397845,2
435,1856.67,837.5,6.40837788,5.25612022,17.67322561,0.232397845,2
436,4284.95,1043.2,5.53,5.25612022,11.40688186,0.232397845,2
437,1856.67,837.5,6.40837788,5.25612022,17.67322561,0.232397845,2
438,1856.67,1043.2,12.55254881,5.25612022,17.67322561,0.232397845,2
439,1856.67,1043.2,12.55254881,5.25612022,17.67322561,0.232397845,2
440,1856.67,1043.2,12.55254881,5.25612022,17.67322561,0.232397845,2
441,1856.67,1043.2,12.55254881,5.25612022,17.67322561,0.232397845,2
442,1856.67,837.5,6.40837788,5.25612022,17.67322561,0.232397845,2
443,1856.67,1043.2,6.40837788,5.25612022,17.67322561,0.232397845,2
444,1856.67,1043.2,12.55254881,5.25612022,17.67322561,0.232397845,2
445,4284.95,1043.2,9.96722694,5.25612022,11.40688186,0.232397845,2
446,1856.67,837.5,6.40837788,5.25612022,17.67322561,0.232397845,2
447,4284.95,837.5,6.40837788,5.25612022,11.40688186,0.232397845,2
448,1856.67,1043.2,12.55254881,5.25612022,17.67322561,0.232397845,2
449,4284.95,1043.2,9.96722694,5.25612022,11.40688186,0.232397845,2
450,1856.67,837.5,6.40837788,5.25612022,17.67322561,0.232397845,2
451,4284.95,1043.2,5.53,5.25612022,11.40688186,0.232397845,2
452,1856.67,1043.2,12.55254881,5.25612022,17.67322561,0.232397845,2
453,4284.95,837.5,6.40837788,5.25612022,11.40688186,0.232397845,2
454,1856.67,1043.2,12.55254881,5.25612022,17.67322561,0.232397845,2
455,1856.67,1043.2,12.55254881,5.25612022,17.67322561,0.232397845,2
456,1856.67,837.5,6.40837788,5.25612022,17.67322561,0.232397845,2
457,1856.67,1043.2,12.55254881,5.25612022,17.67322561,0.232397845,2
458,1856.67,837.5,12.55254094,5.25612022,17.67322561,0.232397845,2
459,4284.95,1043.2,9.96722694,5.25612022,11.40688186,0.232397845,2
460,1856.67,837.5,6.40837788,5.25612022,17.67322561,0.232397845,2
461,1856.67,1043.2,12.55254881,5.25612022,17.67322561,0.232397845,2
462,4284.95,1043.2,6.40837788,5.25612022,11.40688186,0.232397845,2
463,4284.95,1043.2,12.55254881,5.25612022,11.40688186,0.232397845,2
464,1856.67,1043.2,12.55254881,5.25612022,17.67322561,0.232397845,2
465,1856.67,1043.2,12.55254881,5.25612022,17.67322561,0.232397845,2
466,4284.95,1043.2,9.96722694,5.25612022,11.40688186,0.232397845,2
467,1856.67,837.5,6.40837788,5.25612022,17.67322561,0.232397845,2
468,1856.67,1043.2,12.55254881,5.25612022,17.67322561,0.232397845,2
469,4284.95,1043.2,5.53,5.25612022,11.40688186,0.232397845,2
470,1856.67,1043.2,12.55254881,5.25612022,17.67322561,0.232397845,2
471,1856.67,1043.2,12.55254881,5.25612022,17.67322561,0.232397845,2
472,1856.67,837.5,6.40837788,5.25612022,17.67322561,0.232397845,2
473,1856.67,1043.2,12.55254881,5.25612022,17.67322561,0.232397845,2
474,4284.95,837.5,6.40837788,5.25612022,11.40688186,0.232397845,2
475,1856.67,1043.2,12.55254881,5.25612022,17.67322561,0.232397845,2
476,1856.67,1043.2,12.55254881,5.25612022,17.67322561,0.232397845,2
477,1856.67,1043.2,12.55254881,5.25612022,17.67322561,0.232397845,2
478,4284.95,1043.2,9.96722694,5.25612022,11.40688186,0.232397845,2
479,1856.67,1043.2,12.55254881,5.25612022,17.67322561,0.232397845,2
480,4284.95,1043.2,6.40837788,5.25612022,11.40688186,0.232397845,3
481,1856.67,837.5,6.40837788,5.25612022,17.67322561,0.232397845,2
482,4284.95,1043.2,9.96722694,5.25612022,11.40688186,0.232397845,2
483,1856.67,1043.2,12.55254881,5.25612022,17.67322561,0.232397845,2
484,1856.67,1043.2,12.55254881,5.25612022,17.67322561,0.232397845,2
485,1856.67,1043.2,12.55254881,5.25612022,17.67322561,0.232397845,2
486,1856.67,837.5,6.40837788,5.25612022,17.67322561,0.232397845,2
487,1856.67,1043.2,12.55254881,5.25612022,17.67322561,0.232397845,2
488,1856.67,1043.2,12.55254881,5.25612022,12.25608301,0.232397845,2
489,4284.95,1043.2,6.40837788,5.25612022,11.40688186,0.232397845,2
490,1856.67,1043.2,12.55254881,5.25612022,17.67322561,0.232397845,2
491,4284.95,1043.2,6.40837788,5.25612022,11.40688186,0.232397845,2
492,4284.95,1043.2,9.96722694,5.25612022,11.40688186,0.232397845,2
493,4284.95,1043.2,12.55254881,5.25612022,11.40688186,0.232397845,2
494,1856.67,837.5,6.40837788,5.25612022,17.67322561,0.232397845,2
495,4284.95,1043.2,5.53,5.25612022,11.40688186,0.232397845,3
496,1856.67,837.5,6.40837788,5.25612022,17.67322561,0.232397845,2
497,1856.67,1043.2,12.55254881,5.25612022,17.67322561,0.232397845,2
498,4284.95,1043.2,9.96722694,5.25612022,11.40688186,0.232397845,2
499,1856.67,1043.2,12.55254881,5.25612022,17.67322561,0.232397845,2
500,4284.95,1043.2,9.96722694,5.25612022,11.40688186,0.232397845,2
501,1856.67,837.5,6.40837788,5.25612022,17.67322561,0.232397845,2
502,4284.95,1043.2,9.96722694,5.25612022,11.40688186,0.232397845,2
503,1856.67,837.5,6.40837788,5.25612022,17.67322561,0.232397845,2
504,1856.67,1043.2,12.55254881,5.25612022,17.67322561,0.232397845,2
505,1856.67,1043.2,12.55254881,5.25612022,17.67322561,0.232397845,2
506,1856.67,1043.2,12.55254881,5.25612022,17.67322561,0.232397845,2
507,4284.95,1043.2,9.96722694,5.25612022,11.40688186,0.232397845,2
508,1856.67,1043.2,6.40837788,5.25612022,17.67322561,0.232397845,2
509,1856.67,837.5,6.40837788,5.25612022,17.67322561,0.232397845,2
510,1856.67,837.5,6.40837788,5.25612022,17.67322561,0.232397845,2
511,1856.67,1043.2,12.55254881,5.25612022,17.67322561,0.232397845,2
512,4284.95,1043.2,9.96722694,5.25612022,11.40688186,0.232397845,2
513,1856.67,837.5,6.40837788,5.25612022,17.67322561,0.232397845,2
514,4284.95,1043.2,9.96722694,5.25612022,11.40688186,0.232397845,2
515,1856.67,1043.2,12.55254881,5.25612022,17.67322561,0.232397845,2
516,4284.95,1043.2,12.55254881,5.25612022,11.40688186,0.232397845,2
517,4284.95,1043.2,9.96722694,5.25612022,11.40688186,0.232397845,3
518,1856.67,837.5,6.40837788,5.25612022,17.67322561,0.232397845,2
519,1856.67,837.5,6.40837788,5.25612022,17.67322561,0.232397845,2
520,4284.95,1043.2,9.96722694,5.25612022,11.40688186,0.232397845,2
521,1856.67,837.5,6.40837788,5.25612022,17.67322561,0.232397845,2
522,4284.95,1043.2,6.40837788,5.25612022,17.67322543,0.232397845,2
523,1856.67,1043.2,12.55254881,5.25612022,17.67322561,0.232397845,2
524,1856.67,1043.2,12.55254881,5.25612022,11.40688204,0.232397845,2
525,1856.67,1043.2,12.55254881,5.25612022,17.67322561,0.232397845,2
526,1856.67,1043.2,12.55254881,5.25612022,17.67322561,0.232397845,2
527,4284.95,1043.2,6.40837788,5.25612022,11.40688186,0.232397845,2
528,1856.67,1043.2,12.55254881,5.25612022,17.67322561,0.232397845,2
529,4284.95,837.5,6.40837788,5.25612022,11.40688186,0.232397845,2
530,1856.67,837.5,6.40837788,5.25612022,17.67322561,0.232397845,2
531,1856.67,1043.2,12.55254881,5.25612022,17.67322561,0.232397845,2
532,4284.95,1043.2,9.96722694,5.25612022,11.40688186,0.232397845,2
533,1856.67,837.5,6.40837788,5.25612022,17.67322561,0.232397845,2
534,4284.95,1043.2,9.96722694,5.25612022,11.40688186,0.232397845,2
535,4284.95,1043.2,12.55254881,5.25612022,11.40688186,0.232397845,2
536,4284.95,1043.2,12.55254881,5.25612022,11.40688186,0.232397845,2
537,1856.67,1043.2,12.55254881,5.25612022,17.67322561,0.232397845,2
538,4284.95,1043.2,9.96722694,5.25612022,11.40688186,0.232397845,2
539,1856.67,1043.2,12.55254881,5.25612022,17.67322561,0.232397845,2
540,4284.95,1043.2,9.96722694,5.25612022,11.40688186,0.232397845,2
541,1856.67,1043.2,12.55254881,5.25612022,17.67322561,0.232397845,2
542,1856.67,1043.2,12.55254881,5.25612022,17.67322561,0.232397845,2
543,1856.67,1043.2,12.55254881,5.25612022,17.67322561,0.232397845,2
544,4284.95,1043.2,9.96722694,5.25612022,11.40688186,0.232397845,2
545,4284.95,1043.2,9.96722694,5.25612022,11.40688186,0.232397845,2
546,1856.67,1043.2,12.55254881,5.25612022,17.67322561,0.232397845,2
547,1856.67,837.5,6.40837788,5.25612022,17.67322561,0.232397845,2
548,1856.67,837.5,6.40837788,5.25612022,17.67322561,0.232397845,2
549,4284.95,837.5,6.40837788,5.25612022,11.40688186,0.232397845,2
550,4284.95,1043.2,9.96722694,5.25612022,11.40688186,0.232397845,2
551,4284.95,1043.2,9.96722694,5.25612022,11.40688186,0.232397845,2
552,1856.67,837.5,6.40837788,5.25612022,17.67322561,0.232397845,2
553,1856.67,1043.2,12.55254881,5.25612022,17.67322561,0.232397845,2
554,1856.67,837.5,12.55254881,5.25612022,17.67322561,0.232397845,2
555,1856.67,837.5,6.40837788,5.25612022,17.67322561,0.232397845,2
556,1856.67,837.5,6.40837788,5.25612022,17.65222876,0.232397845,2
557,4284.95,1043.2,5.53,5.25612022,11.40688186,0.232397845,2
558,1856.67,1043.2,12.55254881,5.25612022,17.32172288,0.232397845,2
559,1856.67,1043.2,12.55254881,5.25612022,17.67322561,0.232397845,2
560,1856.67,1043.2,12.55254881,5.25612022,17.67322561,0.232397845,2
561,1856.67,1043.2,12.55254881,5.25612022,17.67322561,0.232397845,2
562,1856.67,1043.2,12.55254881,5.25612022,11.40688186,0.232397845,2
563,1856.67,1043.2,6.40837788,5.25612022,17.67322561,0.232397845,2
564,1856.67,837.5,6.40837788,5.25612022,17.67322561,0.232397845,2
565,1856.67,837.5,6.40837788,5.25612022,17.67322561,0.232397845,2
566,4284.95,1043.2,9.96722694,5.25612022,11.40688186,0.232397845,2
567,1856.67,1043.2,12.55254881,5.25612022,17.67322561,0.232397845,2
568,4284.95,1043.2,9.96722694,5.25612022,11.40688186,0.232397845,2
569,1856.67,837.5,6.40837788,5.25612022,17.67322561,0.232397845,2
570,4284.95,1043.2,12.55254881,5.25612022,11.40688186,0.232397845,2
571,1856.67,837.5,6.40837788,5.25612022,17.67322561,0.232397845,2
572,1856.67,1043.2,12.55254881,5.25612022,17.67322561,0.232397845,2
573,1856.67,1043.2,12.55254881,5.25612022,17.67322561,0.232397845,2
574,4284.95,837.5,6.40837788,5.25612022,11.40688186,0.232397845,3
575,1856.67,1043.2,6.40837788,5.25612022,17.67322561,0.232397845,2
576,4284.95,1043.2,9.96722694,5.25612022,11.40688186,0.232397845,2
577,4284.95,1043.2,9.96722694,5.25612022,11.40688186,0.232397845,2
578,4284.95,837.5,6.40837788,5.25612022,11.40688186,0.232397845,2
579,1856.67,1043.2,12.55254881,5.25612022,17.67322561,0.232397845,2
580,4284.95,1043.2,9.96722694,5.25612022,11.40688186,0.232397845,2
581,1856.67,837.5,6.40837788,5.25612022,17.67322561,0.232397845,2
582,4284.95,1043.2,9.96722694,5.25612022,11.40688186,0.232397845,2
583,4284.95,1043.2,12.21865347,5.25612022,11.40688186,0.232397845,2
584,1856.67,1043.2,12.55254881,5.25612022,17.67322561,0.232397845,2
585,4284.95,1043.2,12.55254881,5.25612022,11.40688186,0.232397845,2
586,1856.67,837.5,6.40837788,5.25612022,11.40688186,0.232397845,3
587,1856.67,1043.2,12.55254881,5.25612022,17.67322561,0.232397845,2
588,4284.95,1043.2,6.40837788,5.25612022,11.40688186,0.232397845,3
589,1856.67,1043.2,12.55254881,5.25612022,17.67322561,0.232397845,2
590,1856.67,1043.2,12.55254881,5.25612022,17.67322561,0.232397845,2
591,1856.67,1043.2,12.55254881,5.25612022,17.67322561,0.232397845,2
592,4284.95,1043.2,9.96722694,5.25612022,11.40688186,0.232397845,2
593,1856.67,855.3,6.40837788,5.25612022,17.67322561,0.232397845,2
594,4284.95,1043.2,9.96722694,5.25612022,11.40688186,0.232397845,2
595,1856.67,837.5,6.40837788,5.25612022,17.67322561,0.232397845,2
596,4284.95,1043.2,9.96722672,5.25612022,11.40688186,0.232397845,3
597,1856.67,837.5,6.40837788,5.25612022,17.67322561,0.232397845,2
598,1856.67,1043.2,12.55254881,5.25612022,17.67322561,0.232397845,2
599,1856.67,837.5,6.40837788,5.25612022,17.67322561,0.232397845,2
600,4284.95,1043.2,5.53,5.25612022,11.40688186,0.232397845,3
601,1856.67,1043.2,12.55254844,5.25612022,17.67322561,0.232397845,2
602,4284.95,1043.2,9.96722694,5.25612022,11.40688186,0.232397845,2
603,4284.95,1043.2,9.96722694,5.25612022,11.40688186,0.232397845,2
604,1856.67,1043.2,12.55254881,5.25612022,17.67322561,0.232397845,2
605,1856.67,1043.2,12.55254881,5.25612022,11.40688186,0.232397845,2
606,1856.67,1043.2,12.55254881,5.25612022,17.67322561,0.232397845,2
607,4284.95,1043.2,5.53,5.25612022,11.40688186,0.232397845,2
608,1856.67,837.5,6.40837788,5.25612022,17.67322561,0.232397845,2
609,1856.67,837.5,6.40837788,5.25612022,17.67322561,0.232397845,2
610,1856.67,837.5,6.40837788,5.25612022,17.67322561,0.232397845,2
611,4284.95,1043.2,9.96722694,5.25612022,11.40688186,0.232397845,2
612,1856.67,1043.2,12.55254881,5.25612022,17.67322561,0.232397845,2
613,1856.67,1043.2,12.55254881,5.25612022,17.67322561,0.232397845,2
614,4284.95,1043.2,6.40837788,5.25612022,11.40688186,0.232397845,2
615,1856.67,1043.2,12.55254881,5.25612022,17.53485743,0.232397845,2
616,1856.67,837.5,6.40837788,5.25612022,17.67322561,0.232397845,2
617,1856.67,837.5,6.40837788,5.25612022,17.67322561,0.232397845,2
618,1856.67,837.5,6.40837788,5.25612022,17.67322561,0.232397845,2
619,4284.95,1043.2,5.53,5.25612022,11.40688186,0.232397845,2
620,1856.67,837.5,6.40837788,5.25612022,17.67322561,0.232397845,2
621,1856.67,837.5,6.40837788,5.25612022,17.67322561,0.232397845,2
622,1856.67,837.5,6.40837788,5.25612022,17.67322561,0.232397845,2
623,4284.95,1043.2,9.96722694,5.25612022,11.40688186,0.232397845,3
624,4284.95,1043.2,9.96722694,5.25612022,11.40688186,0.232397845,2
625,4284.95,1043.2,6.40837788,5.25612022,11.40688186,0.232397845,2
626,1856.67,837.5,6.40837788,5.25612022,17.67322169,0.232397845,2
627,1856.67,837.5,6.40837788,5.25612022,17.67322561,0.232397845,2
628,4284.95,1043.2,12.55254881,5.25612022,11.40688186,0.232397845,2
629,1856.67,1043.2,12.55254881,5.25612022,17.67322561,0.232397845,2
630,4284.95,1043.2,9.96722694,5.25612022,11.40688186,0.232397845,2
631,1856.67,1043.2,12.55254881,5.25612022,17.67322561,0.232397845,2
632,1856.67,1043.2,12.55254881,5.25612022,17.67322561,0.232397845,2
633,1856.67,1043.2,6.40837788,5.25612022,11.40688186,0.232397845,2
634,1856.67,837.5,12.55254881,5.25612022,17.67322561,0.232397845,2
635,4284.95,1043.2,12.55254881,5.25612022,11.40688186,0.232397845,2
636,1856.67,837.5,6.40837788,5.25612022,17.67322561,0.232397845,2
637,1856.67,1043.2,12.55254881,5.25612022,17.67322561,0.232397845,2
638,4284.95,1043.2,9.96722694,5.25612022,11.40688186,0.232397845,2
639,1856.67,1043.2,6.40837788,5.25612022,17.67322561,0.232397845,2
640,1856.67,837.5,6.40837788,5.25612022,17.67322561,0.232397845,2
641,1856.67,837.5,6.40837788,5.25612022,17.67322561,0.232397845,2
642,1856.67,1043.2,12.55254881,5.25612022,17.67322561,0.232397845,2
643,4284.95,1043.2,5.53,5.25612022,11.40688186,0.232397845,3
644,1856.67,1043.2,12.55254881,5.25612022,17.67322561,0.232397845,2
645,1856.67,1043.2,12.55254881,5.25612022,17.67322561,0.232397845,2
646,1856.67,1043.2,12.55254881,5.25612022,17.67322561,0.232397845,2
647,1856.67,1043.2,12.55254881,5.25612022,11.40688186,0.232397845,2
648,4284.95,837.5,6.40837788,5.25612022,11.40688186,0.232397845,2
649,4284.95,837.5,6.40837788,5.25612022,11.40688186,0.232397845,3
650,1856.67,1043.2,12.55254881,5.25612022,17.67322561,0.232397845,2
651,1856.67,1043.2,12.55254881,5.25612022,17.67322561,0.232397845,2
652,1856.67,1043.2,12.55254881,5.25612022,17.67322561,0.232397845,2
653,4284.95,1043.2,9.96722694,5.25612022,11.40688186,0.232397845,2
654,1856.67,1043.2,12.55254881,5.25612022,17.67322561,0.232397845,2
655,1856.67,837.5,6.40837788,5.25612022,17.67322561,0.232397845,2
656,1856.67,837.5,12.54726552,5.25612022,17.67322561,0.232397845,2
657,4284.95,1043.2,6.40837788,5.25612022,11.40688186,0.232397845,3
658,1856.67,837.5,12.55254881,5.25612022,17.67322561,0.232397845,2
659,4284.95,1043.2,6.40837788,5.25612022,11.40688186,0.232397845,3
660,1856.67,837.5,6.40837788,5.25612022,17.67322561,0.232397845,2
661,4284.95,1043.2,6.40837788,5.25612022,11.40688186,0.232397845,3
662,1856.67,837.5,6.40837788,5.25612022,17.67322561,0.232397845,2
663,1856.67,1043.2,12.55254881,5.25612022,17.67322561,0.232397845,2
664,4284.95,1043.2,9.96722694,5.25612022,11.40688186,0.232397845,2
665,1856.67,1043.2,12.55254881,5.25612022,17.67322561,0.232397845,2
666,4284.95,1043.2,9.96722694,5.25612022,11.40688186,0.232397845,2
667,1856.67,837.5,6.40837788,5.25612022,17.67322561,0.232397845,2
668,1856.67,1043.2,12.55254881,5.25612022,17.67322561,0.232397845,2
669,4284.95,1043.2,6.40837788,5.25612022,11.40688186,0.232397845,2
670,1856.67,837.5,12.55254881,5.25612022,17.67322561,0.232397845,2
671,1856.67,1043.2,12.55254881,5.25612022,17.67322561,0.232397845,2
672,4284.95,1043.2,9.96722694,5.25612022,11.40688186,0.232397845,2
673,4283.72,1043.2,12.55254881,5.25612022,11.40688186,0.232397845,2
674,1856.67,837.5,6.40837788,5.25612022,17.67322561,0.232397845,2
675,4284.95,1043.2,9.96722694,5.25612022,11.40688186,0.232397845,2
676,1856.67,837.5,6.40837788,5.25612022,17.67322561,0.232397845,2
677,4284.95,1043.2,6.40837788,5.25612022,11.40688186,0.232397845,2
678,1856.67,837.5,6.40837788,5.25612022,17.67322561,0.232397845,2
679,1856.67,837.5,6.40837788,5.25612022,17.67322561,0.232397845,2
680,1856.67,1043.2,12.55254881,5.25612022,17.67322561,0.232397845,2
681,1856.67,1043.2,12.55254881,5.25612022,17.67322561,0.232397845,2
682,1856.67,1043.2,12.55254881,5.25612022,11.40688186,0.232397845,2
683,4284.95,1043.2,9.96722694,5.25612022,11.40688186,0.232397845,2
684,1856.67,837.5,6.40837788,5.25612022,17.67322561,0.232397845,2
685,4284.95,1043.2,9.96722694,5.25612022,11.40688186,0.232397845,2
686,1856.67,1043.2,12.55254881,5.25612022,17.67322561,0.232397845,2
687,1856.67,837.5,6.40837788,5.25612022,17.67322561,0.232397845,2
688,1856.67,837.5,6.40837788,5.25612022,17.67322561,0.232397845,2
689,4284.95,1043.2,12.55254881,5.25612022,11.40688186,0.232397845,2
690,1856.67,837.5,6.40838245,5.25612022,17.67322561,0.232397845,2
691,4284.95,1043.2,5.53,5.25612022,11.40688186,0.232397845,3
692,1856.67,1043.2,12.55254881,5.25612022,17.67322561,0.232397845,2
693,4284.95,1043.2,5.53,5.25612022,11.40688186,0.232397845,3
694,1856.67,1043.2,12.55254881,5.25612022,17.67322561,0.232397845,2
695,4284.95,1043.2,12.55254881,5.25612022,11.40688186,0.232397845,2
696,1856.67,837.5,6.40837788,5.25612022,17.67322561,0.232397845,2
697,1856.67,837.5,12.55254881,5.25612022,17.67322561,0.232397845,2
698,1856.67,837.5,6.40837788,5.25612022,17.67322561,0.232397845,2
699,1856.67,1043.2,12.55254881,5.25612022,17.67322561,0.232397845,2
700,1856.67,837.5,6.40837788,5.25612022,17.67322561,0.232397845,2
701,1856.67,1043.2,12.55254881,5.25612022,17.67322561,0.232397845,2
702,1856.67,837.5,6.40837788,5.25612022,17.67322561,0.232397845,2
703,4284.95,1043.2,9.96722694,5.25612022,11.40688186,0.232397845,2
704,1856.67,1043.2,12.55254881,5.25612022,17.67322561,0.232397845,2
705,1856.67,837.5,6.40837788,5.25612022,17.67322561,0.232397845,2
706,1856.67,837.5,6.40837788,5.25612022,17.67322561,0.232397845,2
707,1856.67,1043.2,12.55254881,5.25612022,17.67322561,0.232397845,2
708,1856.67,837.5,6.40837788,5.25612022,17.67322561,0.232397845,2
709,4284.95,1043.2,9.96722694,5.25612022,11.40688186,0.232397845,3
710,1856.67,1043.2,12.55254881,5.25612022,17.67322561,0.232397845,2
711,4284.95,1043.2,5.53,5.25612022,11.40688186,0.232397845,2
712,4284.95,1043.2,12.55254881,5.25612022,11.40688186,0.232397845,2
713,1856.67,837.5,6.40837788,5.25612022,17.67322561,0.232397845,2
714,4284.95,1043.2,9.96722694,5.25612022,11.40688186,0.232397845,2
715,4284.95,1043.2,12.55254881,5.25612022,11.40688186,0.232397845,2
716,4284.95,1043.2,9.96722694,5.25612022,11.40688186,0.232397845,2
717,1856.67,837.5,6.40837788,5.25612022,17.67322561,0.232397845,2
718,1856.67,837.5,6.40837788,5.25612022,17.67322561,0.232397845,2
719,1856.67,1043.2,6.40837788,5.25612022,17.67322561,0.232397845,2
720,4284.95,1043.2,12.55254881,5.25612022,11.40688186,0.232397845,2
721,4284.95,1043.2,5.53,5.25612022,11.40688186,0.232397845,2
722,1856.67,837.5,12.55254881,5.25612022,17.67322561,0.232397845,2
723,4284.95,1043.2,6.40837788,5.25612022,11.40688186,0.232397845,3
724,1856.67,1043.2,12.55254881,5.25612022,17.67322561,0.232397845,2
725,1856.67,1043.2,6.40837788,5.25612022,17.67322561,0.232397845,2
726,1856.67,837.5,6.40837788,5.25612022,17.67322561,0.232397845,2
727,4284.95,1043.2,9.96722694,5.25612022,11.40688186,0.232397845,2
728,1856.67,1043.2,12.55254881,5.25612022,17.67322561,0.232397845,2
729,4284.95,1043.2,9.96722694,5.25612022,11.40688186,0.232397845,2
730,4284.95,1043.2,5.53,5.25612022,11.40688186,0.232397845,3
731,1856.67,837.5,6.40837788,5.25612022,17.67322561,0.232397845,2
732,1856.67,1043.2,12.55254881,5.25612022,17.67322561,0.232397845,2
733,1856.67,837.5,6.40837788,5.25612022,17.67322561,0.232397845,2
734,1856.67,1043.2,12.55254881,5.25612022,17.67322561,0.232397845,2
735,4284.95,1043.2,5.53,5.25612022,11.40688186,0.232397845,2
736,1856.67,837.5,6.40837788,5.25612022,17.67322561,0.232397845,2
737,1856.67,1043.2,12.55254881,5.25612022,17.67322561,0.232397845,2
738,1856.67,837.5,6.40837788,5.25612022,17.67322561,0.232397845,2
739,1856.67,1043.2,12.55254881,5.25612022,17.67322561,0.232397845,2
740,4284.95,1043.2,6.40837788,5.25612022,11.40688186,0.232397845,3
741,4284.95,1043.2,9.96722694,5.25612022,11.40688186,0.232397845,2
742,1856.67,837.5,6.40837788,5.25612022,17.67322561,0.232397845,2
743,1856.67,837.5,6.40837788,5.25612022,17.67322561,0.232397845,2
744,1856.67,1043.2,6.40837788,5.25612022,17.67322561,0.232397845,2
745,4284.95,837.5,6.40837788,5.25612022,11.40688186,0.232397845,3
746,1856.67,1043.2,12.55254881,5.25612022,11.40688186,0.232397845,2
747,1856.67,1043.2,12.55254881,5.25612022,17.67322561,0.232397845,2
748,1856.67,1043.2,12.55254881,5.25612022,17.67322561,0.232397845,2
749,4284.95,1043.2,12.55254881,5.25612022,11.40688186,0.232397845,2
750,4284.95,1043.2,12.55254881,5.25612022,11.40688186,0.232397845,2
751,1856.67,837.5,12.55254881,5.25612022,17.67322561,0.232397845,2
752,1856.67,1043.2,12.55254881,5.25612022,17.67322561,0.232397845,2
753,1856.67,1043.2,6.40837788,5.25612022,11.40688186,0.232397845,2
754,4284.95,837.5,6.40837788,5.25612022,11.40688186,0.232397845,3
755,1856.67,1043.2,12.55254881,5.25612022,17.67322561,0.232397845,2
756,1856.67,1043.2,12.55254881,5.25612022,17.67322561,0.232397845,2
757,4284.95,1043.2,9.96722694,5.25612022,11.40688186,0.232397845,2
758,4284.95,1043.2,12.55254881,5.25612022,11.40688186,0.232397845,2
759,1856.67,837.5,6.40837788,5.25612022,17.67322561,0.232397845,2
760,4284.95,1043.2,6.40837788,5.25612022,11.40688186,0.232397845,2
761,4284.95,1043.2,6.40837788,5.25612022,11.40688186,0.232397845,2
762,1856.67,837.5,6.40837788,5.25612022,17.67322561,0.232397845,2
763,1856.67,1043.2,12.55254881,5.25612022,17.67322561,0.232397845,2
764,4284.95,1043.2,9.96722694,5.25612022,11.40688186,0.232397845,2
765,4284.95,1043.2,9.96722694,5.25612022,11.40688186,0.232397845,1
766,1856.67,1043.2,12.55253361,5.25612022,17.67322543,0.232397845,2
767,1856.67,837.5,6.40837788,5.25612022,17.67322561,0.232397845,2
768,1856.67,1043.2,12.55254881,5.25612022,17.67322561,0.232397845,2
769,4284.95,1043.2,9.96722694,5.25612022,11.40688186,0.232397845,2
770,1856.67,1043.2,6.40837788,5.25612022,11.40688186,0.232397845,2
771,1856.67,1043.2,12.55254881,5.25612022,11.40688186,0.232397845,2
772,1856.67,837.5,6.40837788,5.25612022,11.40688186,0.232397845,2
773,1856.67,837.5,6.40837788,5.25612022,17.67322561,0.232397845,2
774,4284.95,1043.2,6.40837788,5.25612022,11.40688186,0.232397845,2
775,4284.95,1043.2,9.96722694,5.25612022,11.40688186,0.232397845,2
776,1856.67,837.5,6.40837788,5.25612022,17.67322561,0.232397845,2
777,1856.67,1043.2,12.55254881,5.25612022,17.67322561,0.232397845,2
778,1856.67,1043.2,12.55254881,5.25612022,17.67322561,0.232397845,2
779,4284.95,1043.2,9.96722694,5.25612022,11.40688186,0.232397845,2
780,1856.67,837.5,6.40837788,5.25612022,17.67322561,0.232397845,2
781,1856.67,837.5,6.40837788,5.25612022,17.67322561,0.232397845,2
782,4284.95,1043.2,9.96722694,5.25612022,11.40688186,0.232397845,2
783,1856.67,1043.2,12.55254881,5.25612022,17.67322561,0.232397845,2
784,4284.95,1043.2,9.96722694,5.25612022,11.40688186,0.232397845,2
785,1856.67,1043.2,12.55254881,5.25612022,17.67322561,0.232397845,2
786,1856.67,837.5,6.40837788,5.25612022,17.67322561,0.232397845,2
787,4284.95,1043.2,9.96722694,5.25612022,11.40688186,0.232397845,2
788,1856.67,1043.2,12.55254881,5.25612022,17.67322561,0.232397845,2
789,1856.67,1043.2,12.55254881,5.25612022,17.67322561,0.232397845,2
790,4284.95,1043.2,6.40837788,5.25612022,11.40688186,0.232397845,3
791,1856.67,837.5,6.40837788,5.25612022,17.67322561,0.232397845,2
792,4284.95,1043.2,6.40837788,5.25612022,11.40688186,0.232397845,2
793,1856.67,1043.2,12.55254881,5.25612022,17.67322561,0.232397845,2
794,1856.67,1043.2,12.55254881,5.25612022,17.67322561,0.232397845,2
795,4284.95,1043.2,9.96722694,5.25612022,11.40688186,0.232397845,2
796,1856.67,1043.2,12.55254881,5.25612022,11.68204166,0.232397845,2
797,1856.67,837.5,6.40837788,5.25612022,17.67322561,0.232397845,2
798,1856.67,1043.2,12.55254881,5.25612022,17.67322561,0.232397845,2
799,1856.67,1043.2,12.55254881,5.25612022,17.67322561,0.232397845,2
800,1856.67,837.5,6.40837788,5.25612022,17.67322561,0.232397845,2
801,1856.67,1043.2,12.55246623,5.25612022,17.67322561,0.232397845,2
802,4284.95,1043.2,12.55254881,5.25612022,11.40688186,0.232397845,2
803,1856.67,1043.2,12.55254881,5.25612022,17.67322561,0.232397845,2
804,1856.67,837.5,6.40837788,5.25612022,17.67322561,0.232397845,2
805,4284.95,1043.2,9.96722694,5.25612022,11.40688186,0.232397845,2
806,1856.67,837.5,6.40837788,5.25612022,17.67322561,0.232397845,2
807,1856.67,1043.2,12.55254881,5.25612022,17.42083979,0.232397845,2
808,4284.95,1043.2,5.53,5.25612022,11.40688186,0.232397845,2
809,1856.67,1043.2,6.40837788,5.25612022,17.67322561,0.232397845,2
810,1856.67,837.5,6.40837788,5.25612022,17.67322561,0.232397845,2
811,1856.67,1043.2,12.55254881,5.25612022,17.67322561,0.232397845,2
812,1856.67,1043.2,12.55254881,5.25612022,17.67322561,0.232397845,2
813,4284.95,1043.2,9.96722694,5.25612022,11.40688186,0.232397845,2
814,1856.67,837.5,6.40837788,5.25612022,17.67322561,0.232397845,2
815,4284.95,1043.2,5.53,5.25612022,11.40688186,0.232397845,2
816,1856.67,1043.2,12.55254881,5.25612022,17.67322561,0.232397845,2
817,1856.67,1043.2,12.55254881,5.25612022,17.67322561,0.232397845,2
818,1856.67,837.5,6.40837788,5.25612022,11.40688186,0.232397845,2
819,1856.67,1043.2,12.55254881,5.25612022,11.40688186,0.232397845,2
820,1856.67,1043.2,12.55254881,5.25612022,17.67322561,0.232397845,2
821,4284.95,1043.2,5.53,5.25612022,11.40688186,0.232397845,3
822,4284.95,1043.2,9.96722694,5.25612022,11.40688186,0.232397845,2
823,1856.67,837.5,6.40837788,5.25612022,17.67322561,0.232397845,2
824,4284.95,1043.2,6.40837788,5.25612022,11.40688186,0.232397845,2
825,1856.67,1043.2,12.55254881,5.25612022,17.67322561,0.232397845,2
826,1856.67,837.5,6.40837788,5.25612022,17.67322561,0.232397845,2
827,1856.67,1043.2,12.55254881,5.25612022,17.67322561,0.232397845,2
828,3962.16,837.5,6.40837788,5.25612022,11.40688186,0.232397845,2
829,4284.95,1043.2,9.96722694,5.25612022,11.40688186,0.232397845,2
830,1856.67,837.5,6.40837788,5.25612022,17.67322561,0.232397845,2
831,1856.67,1043.2,12.55254881,5.25612022,17.67322561,0.232397845,2
832,1856.67,837.5,6.40837788,5.25612022,17.67322561,0.232397845,2
833,1856.67,1043.2,12.55254881,5.25612022,17.67322561,0.232397845,2
834,1856.67,837.5,6.40837788,5.25612022,17.67322561,0.232397845,2
835,4284.95,1043.2,9.96722694,5.25612022,11.40688186,0.232397845,1
836,4284.95,837.5,6.40837788,5.25612022,11.40688186,0.232397845,2
837,1856.67,1043.2,12.55254881,5.25612022,17.67322561,0.232397845,2
838,4284.95,1043.2,9.96722694,5.25612022,11.40688186,0.232397845,2
839,4284.95,1043.2,9.96722694,5.25612022,11.40688186,0.232397845,2
840,1856.67,837.5,6.40837788,5.25612022,17.67322561,0.232397845,2
841,1856.67,1043.2,12.55254881,5.25612022,17.67322561,0.232397845,2
842,1856.67,837.5,6.40837788,5.25612022,11.40688186,0.232397845,2
843,4284.95,1043.2,9.96722694,5.25612022,11.40688186,0.232397845,2
844,1856.67,1043.2,12.55254881,5.25612022,17.67322561,0.232397845,2
845,4284.95,1043.2,12.55254881,5.25612022,11.40688186,0.232397845,2
846,1856.67,1043.2,12.55254881,5.25612022,17.67322561,0.232397845,2
847,1856.67,1043.2,12.55254881,5.25612022,17.67322561,0.232397845,2
848,1856.67,837.5,6.40837788,5.25612022,17.67322561,0.232397845,2
849,4284.95,1043.2,6.40837788,5.25612022,11.40688186,0.232397845,3
850,4284.95,1043.2,5.53,5.25612022,11.40688186,0.232397845,2
851,4284.95,1043.2,12.55254881,5.25612022,11.40688186,0.232397845,2
852,4284.95,1043.2,5.53,5.25612022,11.40688186,0.232397845,3
853,1856.67,1043.2,12.55254881,5.25612022,17.67322561,0.232397845,2
854,1856.67,1043.2,6.40837788,5.25612022,11.40688186,0.232397845,2
855,1856.67,1043.2,12.55254881,5.25612022,17.67322561,0.232397845,2
856,1856.67,837.5,6.40837788,5.25612022,17.67322561,0.232397845,2
857,1856.67,1043.2,12.55254881,5.25612022,14.40555288,0.232397845,2
858,1856.67,837.5,6.40837788,5.25612022,17.67322561,0.232397845,2
859,1856.67,1043.2,12.55254881,5.25612022,17.67322561,0.232397845,2
860,4284.95,1043.2,9.96722694,5.25612022,11.40688186,0.232397845,2
861,1856.67,1043.2,12.55254881,5.25612022,17.67322561,0.232397845,2
862,1856.67,837.5,6.40837788,5.25612022,17.67322561,0.232397845,2
863,1856.67,1043.2,12.55254881,5.25612022,17.67322561,0.232397845,2
864,4284.95,1043.2,9.96722694,5.25612022,11.40688186,0.232397845,2
865,1856.67,837.5,6.40837788,5.25612022,17.67322561,0.232397845,2
866,1856.67,837.5,6.40837788,5.25612022,17.67322561,0.232397845,2
867,1856.67,837.5,6.40837788,5.25612022,17.67322561,0.232397845,2
868,3222.43,1043.2,12.55254881,5.25612022,11.40688186,0.232397845,2
869,1856.67,1043.2,12.55254881,5.25612022,17.67322561,0.232397845,2
870,1856.67,1043.2,12.55254881,5.25612022,17.67322561,0.232397845,2
871,1856.67,837.5,6.40837788,5.25612022,17.67322561,0.232397845,2
872,1856.67,837.5,6.40837788,5.25612022,17.67322561,0.232397845,2
873,4284.95,1043.2,5.53,5.25612022,11.40688186,0.232397845,2
874,4284.95,1043.2,9.96722694,5.25612022,11.40688186,0.232397845,2
875,4284.95,1043.2,9.96722694,5.25612022,11.40688186,0.232397845,2
876,1856.67,837.5,6.40837788,5.25612022,17.67322561,0.232397845,2
877,1856.67,1043.2,12.55254881,5.25612022,11.40688204,0.232397845,2
878,1856.67,837.5,6.40837788,5.25612022,17.67322561,0.232397845,2
879,1856.67,1043.2,12.55254881,5.25612022,17.67322561,0.232397845,2
880,4284.95,1043.2,9.96722694,5.25612022,11.40688186,0.232397845,2
881,4284.95,1043.2,12.55254881,5.25612022,11.40688186,0.232397845,2
882,1856.67,837.5,6.40837788,5.25612022,17.67322561,0.232397845,2
883,1856.67,1043.2,12.55254881,5.25612022,17.67322561,0.232397845,2
884,1856.67,1043.2,6.40837934,5.25612022,17.67322561,0.232397845,2
885,1856.67,837.5,6.40837788,5.25612022,17.67322561,0.232397845,2
886,4284.95,1043.2,12.55254881,5.25612022,11.40688186,0.232397845,2
887,1856.67,837.5,6.40837788,5.25612022,17.67322561,0.232397845,2
888,1856.67,837.5,6.40837788,5.25612022,17.67320507,0.232397845,2
889,4284.95,1043.2,5.53,5.25612022,11.40688186,0.232397845,2
890,4284.95,1043.2,9.96722694,5.25612022,11.40688186,0.232397845,2
891,4284.95,1043.2,9.96722694,5.25612022,11.40688186,0.232397845,2
892,1856.67,837.5,6.40837788,5.25612022,17.67322561,0.232397845,2
893,4284.95,1043.2,9.96722694,5.25612022,11.40688186,0.232397845,2
894,1856.67,1043.2,12.55254881,5.25612022,17.67322561,0.232397845,2
895,1856.67,837.5,6.40837788,5.25612022,17.67322561,0.232397845,2
896,4284.95,1043.2,12.55254881,5.25612022,11.40688186,0.232397845,2
897,1856.67,837.5,6.40837788,5.25612022,17.67322561,0.232397845,2
898,1856.67,1043.2,12.55254881,5.25612022,17.67322561,0.232397845,2
899,1856.67,837.5,6.40837788,5.25612022,17.67322561,0.232397845,2
900,1856.67,1043.2,12.55254881,5.25612022,17.67322561,0.232397845,2
901,4284.95,842.2,6.40837788,5.25612022,11.40688186,0.232397845,3
902,4284.95,1043.2,9.96722694,5.25612022,11.40688186,0.232397845,2
903,1856.67,837.5,6.40837788,5.25612022,17.67322561,0.232397845,2
904,1856.67,1043.2,12.55254881,5.25612022,11.40688186,0.232397845,2
905,1856.67,1043.2,12.55254881,5.25612022,17.67322561,0.232397845,2
906,4284.95,1043.2,6.40837788,5.25612022,11.40688186,0.232397845,2
907,4284.95,1043.2,6.40837788,5.25612022,11.40688186,0.232397845,3
908,1856.67,1043.2,12.55254881,5.25612022,11.40700661,0.232397845,2
909,1856.67,837.5,12.55254881,5.25612022,17.67322561,0.232397845,2
910,1856.67,1043.2,12.55254881,5.25612022,17.67322561,0.232397845,2
911,4284.95,1043.2,6.40837788,5.25612022,11.40688186,0.232397845,2
912,4284.95,1043.2,9.96722694,5.25612022,11.40688186,0.232397845,2
913,1856.67,1043.2,12.55233549,5.25612022,17.67322561,0.232397845,2
914,1856.67,1043.2,12.55254881,5.25612022,17.67322561,0.232397845,2
915,1856.67,1043.2,12.55254881,5.25612022,17.67322561,0.232397845,2
916,4284.95,1043.2,6.40837788,5.25612022,11.40688186,0.232397845,2
917,1856.67,837.5,6.40837788,5.25612022,17.67322561,0.232397845,2
918,1856.67,1043.2,12.55254881,5.25612022,17.67322561,0.232397845,2
919,1856.67,837.5,6.40837788,5.25612022,17.67322561,0.232397845,2
920,1856.67,837.5,6.40837788,5.25612022,17.67322561,0.232397845,2
921,1856.67,837.5,6.40837788,5.25612022,17.67322561,0.232397845,2
922,4284.95,1043.2,9.96722694,5.25612022,11.40688186,0.232397845,2
923,1856.67,837.5,6.40837788,5.25612022,17.67322561,0.232397845,2
924,4284.95,1043.2,9.96722694,5.25612022,11.40688186,0.232397845,2
925,4284.95,1043.2,5.53,5.25612022,11.40688186,0.232397845,2
926,1856.67,837.5,6.40837788,5.25612022,17.67322561,0.232397845,2
927,4284.95,1043.2,9.96722694,5.25612022,11.40688186,0.232397845,2
928,1856.67,1043.2,12.55254881,5.25612022,17.67322561,0.232397845,2
929,1856.67,1043.2,12.55254881,5.25612022,17.67322561,0.232397845,2
930,1856.67,837.5,6.40837788,5.25612022,17.67322561,0.232397845,2
931,1856.67,1043.2,12.55254881,5.25612022,17.67322561,0.232397845,2
932,4284.95,1043.2,9.96722694,5.25612022,11.40688186,0.232397845,2
933,4284.95,1043.2,6.40837788,5.25612022,11.40688186,0.232397845,2
934,4284.95,1043.2,9.96722694,5.25612022,11.40688186,0.232397845,2
935,4284.95,1043.2,9.96722694,5.25612022,11.40688186,0.232397845,2
936,1856.67,837.5,6.40837788,5.25612022,11.40688186,0.232397845,2
937,4284.95,1043.2,12.55254881,5.25612022,11.40688186,0.232397845,2
938,1856.67,1043.2,12.55254881,5.25612022,17.67322561,0.232397845,2
939,1856.67,837.5,12.55254881,5.25612022,17.67322561,0.232397845,2
940,4284.95,1043.2,9.96722694,5.25612022,11.40688186,0.232397845,2
941,4284.95,1043.2,6.40837788,5.25612022,11.55099956,0.232397845,2
942,1856.67,1043.2,12.55254881,5.25612022,17.67322561,0.232397845,2
943,1856.67,1043.2,12.55254881,5.25612022,17.67322561,0.232397845,2
944,4284.95,1043.2,9.96722694,5.25612022,11.40688186,0.232397845,2
945,4284.95,1043.2,5.53,5.25612022,11.40688186,0.232397845,2
946,1856.67,1043.2,6.40837788,5.25612022,17.67322561,0.232397845,2
947,1856.67,837.5,6.40837788,5.25612022,17.67322561,0.232397845,2
948,1856.67,837.5,6.40837788,5.25612022,17.67322561,0.232397845,2
949,1856.67,837.5,6.40837788,5.25612022,17.67322561,0.232397845,2
950,4284.95,1043.2,9.96722694,5.25612022,11.40688186,0.232397845,2
951,4284.95,1043.2,9.96722694,5.25612022,11.40688186,0.232397845,2
952,1856.67,1043.2,12.55254881,5.25612022,17.67322561,0.232397845,2
953,1856.67,837.5,6.40837788,5.25612022,17.67322561,0.232397845,2
954,1856.67,1043.2,12.55254881,5.25612022,17.67322561,0.232397845,2
955,1856.67,1043.2,12.55254881,5.25612022,17.67322561,0.232397845,2
956,4284.95,1043.2,5.53,5.25612022,11.40688186,0.232397845,3
957,1856.67,837.5,6.40837788,5.25612022,17.67322561,0.232397845,2
958,4284.95,1043.2,12.55254881,5.25612022,11.40688186,0.232397845,2
959,1856.67,837.5,6.40837788,5.25612022,17.67322561,0.232397845,2
960,1856.67,837.5,6.40837788,5.25612022,17.67322561,0.232397845,2
961,1856.67,1043.2,12.55254881,5.25612022,17.67322561,0.232397845,2
962,4284.95,1043.2,9.96722694,5.25612022,11.40688186,0.232397845,2
963,1856.67,1043.2,12.55254881,5.25612022,17.67322561,0.232397845,2
964,1856.67,1043.2,6.40837788,5.25612022,17.67322561,0.232397845,2
965,4284.95,1043.2,9.96722694,5.25612022,11.40688186,0.232397845,2
966,1856.67,837.5,6.40837788,5.25612022,17.67322561,0.232397845,2
967,4284.95,837.5,6.40837788,5.25612022,11.40688186,0.232397845,2
968,4284.95,1043.2,9.96722694,5.25612022,11.40688186,0.232397845,2
969,1856.67,1043.2,12.55254881,5.25612022,17.67322561,0.232397845,2
970,1856.67,1043.2,12.55254881,5.25612022,17.67322561,0.232397845,2
971,4284.95,1043.2,9.96722694,5.25612022,11.40688186,0.232397845,2
972,4284.95,837.5,6.40837788,5.25612022,11.40688186,0.232397845,2
973,1856.67,837.5,6.40837788,5.25612022,17.67322561,0.232397845,2
974,4284.95,1043.2,12.55254881,5.25612022,11.40688186,0.232397845,2
975,1856.67,837.5,6.40837788,5.25612022,17.67322561,0.232397845,2
976,1856.67,1043.2,12.55254881,5.25612022,17.67322561,0.232397845,2
977,1856.67,1043.2,12.55254881,5.25612022,17.67322561,0.232397845,2
978,4284.95,1043.2,12.55254881,5.25612022,11.40688186,0.232397845,2
979,4284.95,1043.2,9.96722694,5.25612022,11.40688186,0.232397845,2
980,4284.95,1043.2,5.53,5.25612022,11.40688186,0.232397845,3
981,4284.95,1043.2,6.40837788,5.25612022,11.40688186,0.232397845,2
982,1856.67,837.5,6.40837788,5.25612022,17.67322561,0.232397845,2
983,1856.67,1043.2,12.55254881,5.25612022,17.67322561,0.232397845,2
984,1856.67,1043.2,12.55254881,5.25612022,17.67322561,0.232397845,2
985,1856.67,1043.2,12.55254881,5.25612022,17.67322561,0.232397845,2
986,1856.67,1043.2,12.55254881,5.25612022,17.67322561,0.232397845,2
987,1856.67,1043.2,6.40837788,5.25612022,17.67322561,0.232397845,2
988,4284.95,1043.2,5.53,5.25612022,11.40688186,0.232397845,2
989,1856.67,837.5,6.40837788,5.25612022,17.67322561,0.232397845,2
990,1856.67,1043.2,12.55254881,5.25612022,17.67322561,0.232397845,2
991,1856.67,837.5,6.40837788,5.25612022,17.67322561,0.232397845,2
992,1856.67,837.5,6.40837788,5.25612022,17.67322561,0.232397845,2
993,1856.67,1043.2,12.55254881,5.25612022,17.67322561,0.232397845,2
994,4284.95,1043.2,9.96722694,5.25612022,11.40688186,0.232397845,2
995,1856.67,1043.2,12.55254881,5.25612022,17.67322561,0.232397845,2
996,4284.95,1043.2,12.55254881,5.25612022,11.40688186,0.232397845,2
997,4284.95,1043.2,5.53,5.25612022,11.40688186,0.232397845,2
998,1856.67,837.5,6.40837788,5.25612022,17.67322561,0.232397845,2
999,1856.67,1043.2,12.55254881,5.25612022,11.40689231,0.232397845,2
