,State,City,Date Sown,Variety,Date of Cut,Julian Day,Yield (tons/acre),Time Since Sown (Days),Time Since Last Harvest (Days),Total Radiation (MJ/m^2),Total Rainfall (mm),Avg Air Temp (C),Avg Min Temp (C),Avg Max Temp (C),Avg Soil Moisture (%),Harvested in Sown Year,First Date of Season,Percent Cover (%),,Class
344,Georgia,Tifton,2/21/2008,Hybri Force 600,12/7/2009,341,0.01,655,33,332.68,125.982,13.36,8.083636364,18.86575758,0.162939394,0,0,79.62242563,,0
358,Georgia,Tifton,2/21/2008,Bara 503,12/7/2009,341,0.02,655,33,332.68,125.982,13.36,8.083636364,18.86575758,0.162939394,0,0,77.01830664,,0
406,Georgia,Tifton,2/21/2008,GA-505,11/17/2010,321,0.02,1000,36,547.84,71.882,17.49444444,10.74777778,24.84416667,0.095333333,0,0,61.89016018,,0
388,Georgia,Tifton,2/21/2008,Hybri Force 600,11/17/2010,321,0.03,1000,36,547.84,71.882,17.49444444,10.74777778,24.84416667,0.095333333,0,0,75.67505721,,0
400,Georgia,Tifton,2/21/2008,BaraWet 501,11/17/2010,321,0.03,1000,36,547.84,71.882,17.49444444,10.74777778,24.84416667,0.095333333,0,0,85.98947368,,0
418,Georgia,Tifton,2/21/2008,Bara 503,11/17/2010,321,0.03,1000,36,547.84,71.882,17.49444444,10.74777778,24.84416667,0.095333333,0,0,66.75514874,,0
316,Georgia,Tifton,2/21/2008,GA-505,12/7/2009,341,0.04,655,33,332.68,125.982,13.36,8.083636364,18.86575758,0.162939394,0,0,72.94279176,,0
376,Georgia,Tifton,2/21/2008,Attention II,11/17/2010,321,0.04,1000,36,547.84,71.882,17.49444444,10.74777778,24.84416667,0.095333333,0,0,62.58443936,,0
382,Georgia,Tifton,2/21/2008,TS 8031,11/17/2010,321,0.04,1000,36,547.84,71.882,17.49444444,10.74777778,24.84416667,0.095333333,0,0,65.58215103,,0
309,Georgia,Tifton,2/21/2008,Attention II,12/7/2009,341,0.05,655,33,332.68,125.982,13.36,8.083636364,18.86575758,0.162939394,0,0,58.40022883,,0
295,Georgia,Tifton,2/21/2008,BaraWet 501,12/7/2009,341,0.06,655,33,332.68,125.982,13.36,8.083636364,18.86575758,0.162939394,0,0,84.17368421,,0
364,Georgia,Tifton,2/21/2008,Bulldog 805,11/17/2010,321,0.06,1000,36,547.84,71.882,17.49444444,10.74777778,24.84416667,0.095333333,0,0,81.87551487,,0
46,Georgia,Athens,10/10/2007,CW 35106,8/28/2008,241,0.07,323,69,953.74,134.634,25.7098,20.6416,31.9352,0.1077,0,0,NA,,0
394,Georgia,Tifton,2/21/2008,Hybri Force 700,11/17/2010,321,0.07,1000,36,547.84,71.882,17.49444444,10.74777778,24.84416667,0.095333333,0,0,77,,0
38,Georgia,Athens,10/10/2007,Hybri Force 600,8/28/2008,241,0.08,323,69,953.74,134.634,25.7098,20.6416,31.9352,0.1077,0,0,NA,,0
323,Georgia,Tifton,2/21/2008,Hybri Force 700,12/7/2009,341,0.08,655,33,332.68,125.982,13.36,8.083636364,18.86575758,0.162939394,0,0,77,,0
330,Georgia,Tifton,2/21/2008,TS 8031,12/7/2009,341,0.08,655,33,332.68,125.982,13.36,8.083636364,18.86575758,0.162939394,0,0,76.00320366,,0
405,Georgia,Tifton,2/21/2008,GA-505,10/12/2010,285,0.08,964,29,538.37,56.642,22.80103448,16.54793103,29.56137931,0.10037931,0,0,63.04347826,,0
417,Georgia,Tifton,2/21/2008,Bara 503,10/12/2010,285,0.08,964,29,538.37,56.642,22.80103448,16.54793103,29.56137931,0.10037931,0,0,67.82608696,,0
18,Georgia,Athens,10/10/2007,Phoenix,8/28/2008,241,0.09,323,69,953.74,134.634,25.7098,20.6416,31.9352,0.1077,0,0,NA,,0
42,Georgia,Athens,10/10/2007,Hybri Force 700,8/28/2008,241,0.09,323,69,953.74,134.634,25.7098,20.6416,31.9352,0.1077,0,0,NA,,0
370,Georgia,Tifton,2/21/2008,PGI 801,11/17/2010,321,0.09,1000,36,547.84,71.882,17.49444444,10.74777778,24.84416667,0.095333333,0,0,73.82700229,,0
381,Georgia,Tifton,2/21/2008,TS 8031,10/12/2010,285,0.09,964,29,538.37,56.642,22.80103448,16.54793103,29.56137931,0.10037931,0,0,66.66956522,,0
387,Georgia,Tifton,2/21/2008,Hybri Force 600,10/12/2010,285,0.09,964,29,538.37,56.642,22.80103448,16.54793103,29.56137931,0.10037931,0,0,76.08695652,,0
412,Georgia,Tifton,2/21/2008,PGI 909,11/17/2010,321,0.09,1000,36,547.84,71.882,17.49444444,10.74777778,24.84416667,0.095333333,0,0,62.97025172,,0
2,Georgia,Athens,10/10/2007,TS 4010,8/28/2008,241,0.1,323,69,953.74,134.634,25.7098,20.6416,31.9352,0.1077,0,0,NA,,0
10,Georgia,Athens,10/10/2007,GA-505,8/28/2008,241,0.1,323,69,953.74,134.634,25.7098,20.6416,31.9352,0.1077,0,0,NA,,0
14,Georgia,Athens,10/10/2007,Bulldog 805,8/28/2008,241,0.1,323,69,953.74,134.634,25.7098,20.6416,31.9352,0.1077,0,0,NA,,0
34,Georgia,Athens,10/10/2007,CW 500,8/28/2008,241,0.1,323,69,953.74,134.634,25.7098,20.6416,31.9352,0.1077,0,0,NA,,0
363,Georgia,Tifton,2/21/2008,Bulldog 805,10/12/2010,285,0.1,964,29,538.37,56.642,22.80103448,16.54793103,29.56137931,0.10037931,0,0,81.9826087,,0
375,Georgia,Tifton,2/21/2008,Attention II,10/12/2010,285,0.1,964,29,538.37,56.642,22.80103448,16.54793103,29.56137931,0.10037931,0,0,62.14782609,,0
30,Georgia,Athens,10/10/2007,Bara 503,8/28/2008,241,0.11,323,69,953.74,134.634,25.7098,20.6416,31.9352,0.1077,0,0,NA,,0
337,Georgia,Tifton,2/21/2008,Bulldog 805,12/7/2009,341,0.11,655,33,332.68,125.982,13.36,8.083636364,18.86575758,0.162939394,0,0,82.90183066,,0
399,Georgia,Tifton,2/21/2008,BaraWet 501,10/12/2010,285,0.11,964,29,538.37,56.642,22.80103448,16.54793103,29.56137931,0.10037931,0,0,85.8,,0
6,Georgia,Athens,10/10/2007,BaraWet 501,8/28/2008,241,0.12,323,69,953.74,134.634,25.7098,20.6416,31.9352,0.1077,0,0,NA,,0
22,Georgia,Athens,10/10/2007,Evermore,8/28/2008,241,0.12,323,69,953.74,134.634,25.7098,20.6416,31.9352,0.1077,0,0,NA,,0
26,Georgia,Athens,10/10/2007,Attention II,8/28/2008,241,0.12,323,69,953.74,134.634,25.7098,20.6416,31.9352,0.1077,0,0,NA,,0
411,Georgia,Tifton,2/21/2008,PGI 909,10/12/2010,285,0.12,964,29,538.37,56.642,22.80103448,16.54793103,29.56137931,0.10037931,0,0,64.7826087,,0
369,Georgia,Tifton,2/21/2008,PGI 801,10/12/2010,285,0.13,964,29,538.37,56.642,22.80103448,16.54793103,29.56137931,0.10037931,0,0,73.84347826,,0
393,Georgia,Tifton,2/21/2008,Hybri Force 700,10/12/2010,285,0.13,964,29,538.37,56.642,22.80103448,16.54793103,29.56137931,0.10037931,0,0,77,,0
247,Georgia,Midville,11/1/2007,PGI 801,6/25/2009,176,0.14,602,41,849.13,183.892,24.74195122,20.01609756,30.60439024,0.188926829,0,0,NA,,0
351,Georgia,Tifton,2/21/2008,PGI 909,12/7/2009,341,0.14,655,33,332.68,125.982,13.36,8.083636364,18.86575758,0.162939394,0,0,80.33867277,,0
302,Georgia,Tifton,2/21/2008,PGI 801,12/7/2009,341,0.16,655,33,332.68,125.982,13.36,8.083636364,18.86575758,0.162939394,0,0,73.98489703,,0
239,Georgia,Midville,11/1/2007,Attention II,6/25/2009,176,0.18,602,41,849.13,183.892,24.74195122,20.01609756,30.60439024,0.188926829,0,0,NA,,0
243,Georgia,Midville,11/1/2007,CW 36106,6/25/2009,176,0.19,602,41,849.13,183.892,24.74195122,20.01609756,30.60439024,0.188926829,0,0,NA,,0
235,Georgia,Midville,11/1/2007,Bulldog 805,6/25/2009,176,0.2,602,41,849.13,183.892,24.74195122,20.01609756,30.60439024,0.188926829,0,0,NA,,0
231,Georgia,Midville,11/1/2007,Hybri Force 700,6/25/2009,176,0.21,602,41,849.13,183.892,24.74195122,20.01609756,30.60439024,0.188926829,0,0,NA,,0
207,Georgia,Midville,11/1/2007,Attention II,11/20/2008,325,0.22,385,76,690.13,70.36,15.0712,8.7542,22.1626,0.18154,0,0,NA,,0
227,Georgia,Midville,11/1/2007,Bara 503,6/25/2009,176,0.22,602,41,849.13,183.892,24.74195122,20.01609756,30.60439024,0.188926829,0,0,NA,,0
187,Georgia,Midville,11/1/2007,Hybri Force 600,11/20/2008,325,0.23,385,76,690.13,70.36,15.0712,8.7542,22.1626,0.18154,0,0,NA,,0
219,Georgia,Midville,11/1/2007,Hybri Force 600,6/25/2009,176,0.24,602,41,849.13,183.892,24.74195122,20.01609756,30.60439024,0.188926829,0,0,NA,,0
223,Georgia,Midville,11/1/2007,BaraWet 501,6/25/2009,176,0.24,602,41,849.13,183.892,24.74195122,20.01609756,30.60439024,0.188926829,0,0,NA,,0
182,Georgia,Midville,11/1/2007,BaraWet 501,11/20/2008,325,0.28,385,76,690.13,70.36,15.0712,8.7542,22.1626,0.18154,0,0,NA,,0
212,Georgia,Midville,11/1/2007,Hybri Force 700,11/20/2008,325,0.29,385,76,690.13,70.36,15.0712,8.7542,22.1626,0.18154,0,0,NA,,0
45,Georgia,Athens,10/10/2007,CW 35106,6/20/2008,172,0.3,254,45,1045.84,85.106,23.02977778,16.89888889,29.45133333,0.1252,0,0,NA,,0
202,Georgia,Midville,11/1/2007,CW 36106,11/20/2008,325,0.3,385,76,690.13,70.36,15.0712,8.7542,22.1626,0.18154,0,0,NA,,0
192,Georgia,Midville,11/1/2007,GA-505,11/20/2008,325,0.31,385,76,690.13,70.36,15.0712,8.7542,22.1626,0.18154,0,0,NA,,0
244,Georgia,Midville,11/1/2007,CW 36106,8/14/2009,226,0.33,652,50,1097.84,162.048,26.678,21.5494,33.1964,0.16648,0,0,NA,,0
248,Georgia,Midville,11/1/2007,PGI 801,8/14/2009,226,0.33,652,50,1097.84,162.048,26.678,21.5494,33.1964,0.16648,0,0,NA,,0
284,Georgia,Tifton,2/21/2008,Bara 503,11/11/2008,316,0.33,264,62,801.86,163.046,17.7974,12.3276,24.0582,0.1406,1,0,NA,,0
215,Georgia,Midville,11/1/2007,GA-505,6/25/2009,176,0.35,602,41,849.13,183.892,24.74195122,20.01609756,30.60439024,0.188926829,0,0,NA,,0
13,Georgia,Athens,10/10/2007,Bulldog 805,6/20/2008,172,0.36,254,45,1045.84,85.106,23.02977778,16.89888889,29.45133333,0.1252,0,0,NA,,0
260,Georgia,Tifton,2/21/2008,TS 8031,11/11/2008,316,0.36,264,62,801.86,163.046,17.7974,12.3276,24.0582,0.1406,1,0,NA,,0
172,Georgia,Midville,11/1/2007,PGI 801,11/20/2008,325,0.38,385,76,690.13,70.36,15.0712,8.7542,22.1626,0.18154,0,0,NA,,0
177,Georgia,Midville,11/1/2007,Bara 503,11/20/2008,325,0.38,385,76,690.13,70.36,15.0712,8.7542,22.1626,0.18154,0,0,NA,,0
357,Georgia,Tifton,2/21/2008,Bara 503,11/4/2009,308,0.38,622,47,676.75,125.986,20.91042553,16.06361702,26.61702128,0.122914894,0,0,78,,0
272,Georgia,Tifton,2/21/2008,Bulldog 805,11/11/2008,316,0.39,264,62,801.86,163.046,17.7974,12.3276,24.0582,0.1406,1,0,NA,,0
240,Georgia,Midville,11/1/2007,Attention II,8/14/2009,226,0.4,652,50,1097.84,162.048,26.678,21.5494,33.1964,0.16648,0,0,NA,,0
350,Georgia,Tifton,2/21/2008,PGI 909,11/4/2009,308,0.4,622,47,676.75,125.986,20.91042553,16.06361702,26.61702128,0.122914894,0,0,82,,0
41,Georgia,Athens,10/10/2007,Hybri Force 700,6/20/2008,172,0.41,254,45,1045.84,85.106,23.02977778,16.89888889,29.45133333,0.1252,0,0,NA,,0
148,Georgia,Athens,10/10/2007,Bulldog 805,4/23/2010,113,0.41,926,183,885.11,76.198,13.9814,7.3202,20.5942,0.1445,0,1,74.2704918,,0
286,Georgia,Tifton,2/21/2008,PGI 909,7/30/2008,212,0.41,160,42,950.4,104.382,25.85238095,21.29904762,32.04380952,0.097142857,1,0,NA,,0
322,Georgia,Tifton,2/21/2008,Hybri Force 700,11/4/2009,308,0.41,622,47,676.75,125.986,20.91042553,16.06361702,26.61702128,0.122914894,0,0,77,,0
329,Georgia,Tifton,2/21/2008,TS 8031,11/4/2009,308,0.41,622,47,676.75,125.986,20.91042553,16.06361702,26.61702128,0.122914894,0,0,77,,0
197,Georgia,Midville,11/1/2007,Bulldog 805,11/20/2008,325,0.42,385,76,690.13,70.36,15.0712,8.7542,22.1626,0.18154,0,0,NA,,0
276,Georgia,Tifton,2/21/2008,Attention II,11/11/2008,316,0.42,264,62,801.86,163.046,17.7974,12.3276,24.0582,0.1406,1,0,NA,,0
280,Georgia,Tifton,2/21/2008,BaraWet 501,11/11/2008,316,0.42,264,62,801.86,163.046,17.7974,12.3276,24.0582,0.1406,1,0,NA,,0
308,Georgia,Tifton,2/21/2008,Attention II,11/4/2009,308,0.42,622,47,676.75,125.986,20.91042553,16.06361702,26.61702128,0.122914894,0,0,58,,0
343,Georgia,Tifton,2/21/2008,Hybri Force 600,11/4/2009,308,0.42,622,47,676.75,125.986,20.91042553,16.06361702,26.61702128,0.122914894,0,0,80,,0
236,Georgia,Midville,11/1/2007,Bulldog 805,8/14/2009,226,0.43,652,50,1097.84,162.048,26.678,21.5494,33.1964,0.16648,0,0,NA,,0
232,Georgia,Midville,11/1/2007,Hybri Force 700,8/14/2009,226,0.44,652,50,1097.84,162.048,26.678,21.5494,33.1964,0.16648,0,0,NA,,0
256,Georgia,Tifton,2/21/2008,GA-505,11/11/2008,316,0.44,264,62,801.86,163.046,17.7974,12.3276,24.0582,0.1406,1,0,NA,,0
336,Georgia,Tifton,2/21/2008,Bulldog 805,11/4/2009,308,0.44,622,47,676.75,125.986,20.91042553,16.06361702,26.61702128,0.122914894,0,0,83,,0
37,Georgia,Athens,10/10/2007,Hybri Force 600,6/20/2008,172,0.45,254,45,1045.84,85.106,23.02977778,16.89888889,29.45133333,0.1252,0,0,NA,,0
315,Georgia,Tifton,2/21/2008,GA-505,11/4/2009,308,0.45,622,47,676.75,125.986,20.91042553,16.06361702,26.61702128,0.122914894,0,0,74,,0
25,Georgia,Athens,10/10/2007,Attention II,6/20/2008,172,0.46,254,45,1045.84,85.106,23.02977778,16.89888889,29.45133333,0.1252,0,0,NA,,0
281,Georgia,Tifton,2/21/2008,Bara 503,6/18/2008,170,0.46,118,118,1261.64,83.558,23.9276,18.262,30.0158,0.10612,1,1,NA,,0
301,Georgia,Tifton,2/21/2008,PGI 801,11/4/2009,308,0.46,622,47,676.75,125.986,20.91042553,16.06361702,26.61702128,0.122914894,0,0,74,,0
1,Georgia,Athens,10/10/2007,TS 4010,6/20/2008,172,0.47,254,45,1045.84,85.106,23.02977778,16.89888889,29.45133333,0.1252,0,0,NA,,0
17,Georgia,Athens,10/10/2007,Phoenix,6/20/2008,172,0.47,254,45,1045.84,85.106,23.02977778,16.89888889,29.45133333,0.1252,0,0,NA,,0
294,Georgia,Tifton,2/21/2008,BaraWet 501,11/4/2009,308,0.47,622,47,676.75,125.986,20.91042553,16.06361702,26.61702128,0.122914894,0,0,84,,0
288,Georgia,Tifton,2/21/2008,PGI 909,11/11/2008,316,0.48,264,62,801.86,163.046,17.7974,12.3276,24.0582,0.1406,1,0,NA,,0
264,Georgia,Tifton,2/21/2008,Hybri Force 700,11/11/2008,316,0.49,264,62,801.86,163.046,17.7974,12.3276,24.0582,0.1406,1,0,NA,,0
29,Georgia,Athens,10/10/2007,Bara 503,6/20/2008,172,0.5,254,45,1045.84,85.106,23.02977778,16.89888889,29.45133333,0.1252,0,0,NA,,0
252,Georgia,Tifton,2/21/2008,Hybri Force 600,11/11/2008,316,0.5,264,62,801.86,163.046,17.7974,12.3276,24.0582,0.1406,1,0,NA,,0
9,Georgia,Athens,10/10/2007,GA-505,6/20/2008,172,0.51,254,45,1045.84,85.106,23.02977778,16.89888889,29.45133333,0.1252,0,0,NA,,0
224,Georgia,Midville,11/1/2007,BaraWet 501,8/14/2009,226,0.51,652,50,1097.84,162.048,26.678,21.5494,33.1964,0.16648,0,0,NA,,0
242,Georgia,Midville,11/1/2007,CW 36106,5/15/2009,135,0.53,561,30,635.79,108.994,20.71833333,14.50233333,27.18333333,0.201366667,0,0,NA,,0
245,Georgia,Midville,11/1/2007,PGI 801,4/15/2009,105,0.53,531,145,817.34,285.736,14.2048,8.3222,20.541,0.20838,0,1,NA,,0
21,Georgia,Athens,10/10/2007,Evermore,6/20/2008,172,0.54,254,45,1045.84,85.106,23.02977778,16.89888889,29.45133333,0.1252,0,0,NA,,0
268,Georgia,Tifton,2/21/2008,PGI 801,11/11/2008,316,0.55,264,62,801.86,163.046,17.7974,12.3276,24.0582,0.1406,1,0,NA,,0
5,Georgia,Athens,10/10/2007,BaraWet 501,6/20/2008,172,0.56,254,45,1045.84,85.106,23.02977778,16.89888889,29.45133333,0.1252,0,0,NA,,0
27,Georgia,Athens,10/10/2007,Attention II,12/5/2008,340,0.56,422,99,622.84,95.254,9.7902,3.9436,16.041,0.13408,0,0,85.97883598,,0
163,Georgia,Athens,10/10/2007,CW 35106,4/23/2010,113,0.56,926,183,885.11,76.198,13.9814,7.3202,20.5942,0.1445,0,1,73.03551913,,0
216,Georgia,Midville,11/1/2007,GA-505,8/14/2009,226,0.56,652,50,1097.84,162.048,26.678,21.5494,33.1964,0.16648,0,0,NA,,0
220,Georgia,Midville,11/1/2007,Hybri Force 600,8/14/2009,226,0.56,652,50,1097.84,162.048,26.678,21.5494,33.1964,0.16648,0,0,NA,,0
241,Georgia,Midville,11/1/2007,CW 36106,4/15/2009,105,0.56,531,145,817.34,285.736,14.2048,8.3222,20.541,0.20838,0,1,NA,,0
246,Georgia,Midville,11/1/2007,PGI 801,5/15/2009,135,0.56,561,30,635.79,108.994,20.71833333,14.50233333,27.18333333,0.201366667,0,0,NA,,0
353,Georgia,Tifton,2/21/2008,Bara 503,5/7/2009,127,0.57,441,30,700.05,99.818,19.484,13.758,25.255,0.1653,0,0,NA,,0
33,Georgia,Athens,10/10/2007,CW 500,6/20/2008,172,0.58,254,45,1045.84,85.106,23.02977778,16.89888889,29.45133333,0.1252,0,0,NA,,0
122,Georgia,Athens,10/10/2007,Phoenix,11/1/2010,305,0.58,1118,73,802.31,190.746,19.2948,12.6746,26.917,0.11228,0,0,73.44863388,,0
142,Georgia,Athens,10/10/2007,TS 4010,11/1/2010,305,0.58,1118,73,802.31,190.746,19.2948,12.6746,26.917,0.11228,0,0,61.09344262,,0
147,Georgia,Athens,10/10/2007,Attention II,11/1/2010,305,0.58,1118,73,802.31,190.746,19.2948,12.6746,26.917,0.11228,0,0,83.82404372,,0
229,Georgia,Midville,11/1/2007,Hybri Force 700,4/15/2009,105,0.58,531,145,817.34,285.736,14.2048,8.3222,20.541,0.20838,0,1,NA,,0
269,Georgia,Tifton,2/21/2008,Bulldog 805,6/18/2008,170,0.58,118,118,1261.64,83.558,23.9276,18.262,30.0158,0.10612,1,1,NA,,0
278,Georgia,Tifton,2/21/2008,BaraWet 501,7/30/2008,212,0.58,160,42,950.4,104.382,25.85238095,21.29904762,32.04380952,0.097142857,1,0,NA,,0
127,Georgia,Athens,10/10/2007,GA-505,11/1/2010,305,0.59,1118,73,802.31,190.746,19.2948,12.6746,26.917,0.11228,0,0,76.86502732,,0
234,Georgia,Midville,11/1/2007,Bulldog 805,5/15/2009,135,0.59,561,30,635.79,108.994,20.71833333,14.50233333,27.18333333,0.201366667,0,0,NA,,0
133,Georgia,Athens,10/10/2007,Bara 503,4/23/2010,113,0.6,926,183,885.11,76.198,13.9814,7.3202,20.5942,0.1445,0,1,79.83060109,,0
157,Georgia,Athens,10/10/2007,Hybri Force 700,11/1/2010,305,0.6,1118,73,802.31,190.746,19.2948,12.6746,26.917,0.11228,0,0,81.9704918,,0
237,Georgia,Midville,11/1/2007,Attention II,4/15/2009,105,0.6,531,145,817.34,285.736,14.2048,8.3222,20.541,0.20838,0,1,NA,,0
43,Georgia,Athens,10/10/2007,Hybri Force 700,12/5/2008,340,0.61,422,99,622.84,95.254,9.7902,3.9436,16.041,0.13408,0,0,95.95767196,,0
47,Georgia,Athens,10/10/2007,CW 35106,12/5/2008,340,0.61,422,99,622.84,95.254,9.7902,3.9436,16.041,0.13408,0,0,92.92592593,,0
123,Georgia,Athens,10/10/2007,GA-505,4/23/2010,113,0.61,926,183,885.11,76.198,13.9814,7.3202,20.5942,0.1445,0,1,79.33060109,,0
138,Georgia,Athens,10/10/2007,TS 4010,4/23/2010,113,0.61,926,183,885.11,76.198,13.9814,7.3202,20.5942,0.1445,0,1,74.1557377,,0
158,Georgia,Athens,10/10/2007,Hybri Force 600,4/23/2010,113,0.61,926,183,885.11,76.198,13.9814,7.3202,20.5942,0.1445,0,1,77.12295082,,0
228,Georgia,Midville,11/1/2007,Bara 503,8/14/2009,226,0.61,652,50,1097.84,162.048,26.678,21.5494,33.1964,0.16648,0,0,NA,,0
257,Georgia,Tifton,2/21/2008,TS 8031,6/18/2008,170,0.61,118,118,1261.64,83.558,23.9276,18.262,30.0158,0.10612,1,1,NA,,0
266,Georgia,Tifton,2/21/2008,PGI 801,7/30/2008,212,0.61,160,42,950.4,104.382,25.85238095,21.29904762,32.04380952,0.097142857,1,0,NA,,0
137,Georgia,Athens,10/10/2007,Bara 503,11/1/2010,305,0.62,1118,73,802.31,190.746,19.2948,12.6746,26.917,0.11228,0,0,67.76502732,,0
253,Georgia,Tifton,2/21/2008,GA-505,6/18/2008,170,0.62,118,118,1261.64,83.558,23.9276,18.262,30.0158,0.10612,1,1,NA,,0
273,Georgia,Tifton,2/21/2008,Attention II,6/18/2008,170,0.62,118,118,1261.64,83.558,23.9276,18.262,30.0158,0.10612,1,1,NA,,0
39,Georgia,Athens,10/10/2007,Hybri Force 600,12/5/2008,340,0.63,422,99,622.84,95.254,9.7902,3.9436,16.041,0.13408,0,0,85.93650794,,0
118,Georgia,Athens,10/10/2007,Phoenix,4/23/2010,113,0.63,926,183,885.11,76.198,13.9814,7.3202,20.5942,0.1445,0,1,74.96994536,,0
132,Georgia,Athens,10/10/2007,Evermore,11/1/2010,305,0.63,1118,73,802.31,190.746,19.2948,12.6746,26.917,0.11228,0,0,68.42786885,,0
162,Georgia,Athens,10/10/2007,Hybri Force 600,11/1/2010,305,0.63,1118,73,802.31,190.746,19.2948,12.6746,26.917,0.11228,0,0,72.87377049,,0
233,Georgia,Midville,11/1/2007,Bulldog 805,4/15/2009,105,0.63,531,145,817.34,285.736,14.2048,8.3222,20.541,0.20838,0,1,NA,,0
410,Georgia,Tifton,2/21/2008,PGI 909,9/13/2010,256,0.63,935,45,896.06,96.014,27.45044444,23.15,33.35577778,0.099488889,0,0,66.24256293,,0
167,Georgia,Athens,10/10/2007,CW 35106,11/1/2010,305,0.64,1118,73,802.31,190.746,19.2948,12.6746,26.917,0.11228,0,0,53.88797814,,0
226,Georgia,Midville,11/1/2007,Bara 503,5/15/2009,135,0.64,561,30,635.79,108.994,20.71833333,14.50233333,27.18333333,0.201366667,0,0,NA,,0
265,Georgia,Tifton,2/21/2008,PGI 801,6/18/2008,170,0.64,118,118,1261.64,83.558,23.9276,18.262,30.0158,0.10612,1,1,NA,,0
270,Georgia,Tifton,2/21/2008,Bulldog 805,7/30/2008,212,0.64,160,42,950.4,104.382,25.85238095,21.29904762,32.04380952,0.097142857,1,0,NA,,0
282,Georgia,Tifton,2/21/2008,Bara 503,7/30/2008,212,0.64,160,42,950.4,104.382,25.85238095,21.29904762,32.04380952,0.097142857,1,0,NA,,0
361,Georgia,Tifton,2/21/2008,Bulldog 805,7/30/2010,211,0.64,890,40,925.98,132.082,27.48725,22.856,33.475,0.106325,0,0,82.202746,,0
373,Georgia,Tifton,2/21/2008,Attention II,7/30/2010,211,0.64,890,40,925.98,132.082,27.48725,22.856,33.475,0.106325,0,0,61.25034325,,0
152,Georgia,Athens,10/10/2007,Bulldog 805,11/1/2010,305,0.65,1118,73,802.31,190.746,19.2948,12.6746,26.917,0.11228,0,0,68.76229508,,0
153,Georgia,Athens,10/10/2007,Hybri Force 700,4/23/2010,113,0.65,926,183,885.11,76.198,13.9814,7.3202,20.5942,0.1445,0,1,87.95081967,,0
238,Georgia,Midville,11/1/2007,Attention II,5/15/2009,135,0.65,561,30,635.79,108.994,20.71833333,14.50233333,27.18333333,0.201366667,0,0,NA,,0
262,Georgia,Tifton,2/21/2008,Hybri Force 700,7/30/2008,212,0.65,160,42,950.4,104.382,25.85238095,21.29904762,32.04380952,0.097142857,1,0,NA,,0
277,Georgia,Tifton,2/21/2008,BaraWet 501,6/18/2008,170,0.65,118,118,1261.64,83.558,23.9276,18.262,30.0158,0.10612,1,1,NA,,0
23,Georgia,Athens,10/10/2007,Evermore,12/5/2008,340,0.66,422,99,622.84,95.254,9.7902,3.9436,16.041,0.13408,0,0,84.98941799,,0
367,Georgia,Tifton,2/21/2008,PGI 801,7/30/2010,211,0.66,890,40,925.98,132.082,27.48725,22.856,33.475,0.106325,0,0,73.87734554,,0
117,Georgia,Athens,10/10/2007,CW 500,11/1/2010,305,0.67,1118,73,802.31,190.746,19.2948,12.6746,26.917,0.11228,0,0,74.12295082,,0
143,Georgia,Athens,10/10/2007,Attention II,4/23/2010,113,0.67,926,183,885.11,76.198,13.9814,7.3202,20.5942,0.1445,0,1,83.92896175,,0
285,Georgia,Tifton,2/21/2008,PGI 909,6/18/2008,170,0.67,118,118,1261.64,83.558,23.9276,18.262,30.0158,0.10612,1,1,NA,,0
409,Georgia,Tifton,2/21/2008,PGI 909,7/30/2010,211,0.67,890,40,925.98,132.082,27.48725,22.856,33.475,0.106325,0,0,68.50800915,,0
362,Georgia,Tifton,2/21/2008,Bulldog 805,9/13/2010,256,0.68,935,45,896.06,96.014,27.45044444,23.15,33.35577778,0.099488889,0,0,82.06887872,,0
379,Georgia,Tifton,2/21/2008,TS 8031,7/30/2010,211,0.68,890,40,925.98,132.082,27.48725,22.856,33.475,0.106325,0,0,68.90480549,,0
385,Georgia,Tifton,2/21/2008,Hybri Force 600,7/30/2010,211,0.68,890,40,925.98,132.082,27.48725,22.856,33.475,0.106325,0,0,76.93363844,,0
392,Georgia,Tifton,2/21/2008,Hybri Force 700,9/13/2010,256,0.68,935,45,896.06,96.014,27.45044444,23.15,33.35577778,0.099488889,0,0,77,,0
19,Georgia,Athens,10/10/2007,Phoenix,12/5/2008,340,0.69,422,99,622.84,95.254,9.7902,3.9436,16.041,0.13408,0,0,86.88359788,,0
214,Georgia,Midville,11/1/2007,GA-505,5/15/2009,135,0.69,561,30,635.79,108.994,20.71833333,14.50233333,27.18333333,0.201366667,0,0,NA,,0
15,Georgia,Athens,10/10/2007,Bulldog 805,12/5/2008,340,0.7,422,99,622.84,95.254,9.7902,3.9436,16.041,0.13408,0,0,88.88359788,,0
128,Georgia,Athens,10/10/2007,Evermore,4/23/2010,113,0.7,926,183,885.11,76.198,13.9814,7.3202,20.5942,0.1445,0,1,77.71311475,,0
230,Georgia,Midville,11/1/2007,Hybri Force 700,5/15/2009,135,0.7,561,30,635.79,108.994,20.71833333,14.50233333,27.18333333,0.201366667,0,0,NA,,0
250,Georgia,Tifton,2/21/2008,Hybri Force 600,7/30/2008,212,0.7,160,42,950.4,104.382,25.85238095,21.29904762,32.04380952,0.097142857,1,0,NA,,0
261,Georgia,Tifton,2/21/2008,Hybri Force 700,6/18/2008,170,0.7,118,118,1261.64,83.558,23.9276,18.262,30.0158,0.10612,1,1,NA,,0
35,Georgia,Athens,10/10/2007,CW 500,12/5/2008,340,0.71,422,99,622.84,95.254,9.7902,3.9436,16.041,0.13408,0,0,91.93650794,,0
108,Georgia,Athens,10/10/2007,BaraWet 501,4/23/2010,113,0.71,926,183,885.11,76.198,13.9814,7.3202,20.5942,0.1445,0,1,85.62021858,,0
222,Georgia,Midville,11/1/2007,BaraWet 501,5/15/2009,135,0.71,561,30,635.79,108.994,20.71833333,14.50233333,27.18333333,0.201366667,0,0,NA,,0
225,Georgia,Midville,11/1/2007,Bara 503,4/15/2009,105,0.71,531,145,817.34,285.736,14.2048,8.3222,20.541,0.20838,0,1,NA,,0
368,Georgia,Tifton,2/21/2008,PGI 801,9/13/2010,256,0.71,935,45,896.06,96.014,27.45044444,23.15,33.35577778,0.099488889,0,0,73.85675057,,0
31,Georgia,Athens,10/10/2007,Bara 503,12/5/2008,340,0.72,422,99,622.84,95.254,9.7902,3.9436,16.041,0.13408,0,0,90.96825397,,0
218,Georgia,Midville,11/1/2007,Hybri Force 600,5/15/2009,135,0.72,561,30,635.79,108.994,20.71833333,14.50233333,27.18333333,0.201366667,0,0,NA,,0
391,Georgia,Tifton,2/21/2008,Hybri Force 700,7/30/2010,211,0.72,890,40,925.98,132.082,27.48725,22.856,33.475,0.106325,0,0,77,,0
335,Georgia,Tifton,2/21/2008,Bulldog 805,9/18/2009,261,0.73,575,50,963.67,222.754,25.468,21.4778,30.9894,0.11718,0,0,NA,,0
356,Georgia,Tifton,2/21/2008,Bara 503,9/18/2009,261,0.73,575,50,963.67,222.754,25.468,21.4778,30.9894,0.11718,0,0,NA,,0
307,Georgia,Tifton,2/21/2008,Attention II,9/18/2009,261,0.74,575,50,963.67,222.754,25.468,21.4778,30.9894,0.11718,0,0,NA,,0
415,Georgia,Tifton,2/21/2008,Bara 503,7/30/2010,211,0.74,890,40,925.98,132.082,27.48725,22.856,33.475,0.106325,0,0,70.02745995,,0
11,Georgia,Athens,10/10/2007,GA-505,12/5/2008,340,0.75,422,99,622.84,95.254,9.7902,3.9436,16.041,0.13408,0,0,87.92592593,,0
112,Georgia,Athens,10/10/2007,BaraWet 501,11/1/2010,305,0.75,1118,73,802.31,190.746,19.2948,12.6746,26.917,0.11228,0,0,82.10546448,,0
274,Georgia,Tifton,2/21/2008,Attention II,7/30/2008,212,0.75,160,42,950.4,104.382,25.85238095,21.29904762,32.04380952,0.097142857,1,0,NA,,0
349,Georgia,Tifton,2/21/2008,PGI 909,9/18/2009,261,0.75,575,50,963.67,222.754,25.468,21.4778,30.9894,0.11718,0,0,NA,,0
3,Georgia,Athens,10/10/2007,TS 4010,12/5/2008,340,0.76,422,99,622.84,95.254,9.7902,3.9436,16.041,0.13408,0,0,90.91534392,,0
104,Georgia,Athens,10/10/2007,CW 35106,6/26/2009,177,0.76,625,51,1013.91,88.134,23.1086,18.148,29.072,0.1306,0,0,89.16666667,,0
217,Georgia,Midville,11/1/2007,Hybri Force 600,4/15/2009,105,0.77,531,145,817.34,285.736,14.2048,8.3222,20.541,0.20838,0,1,NA,,0
318,Georgia,Tifton,2/21/2008,Hybri Force 700,5/7/2009,127,0.77,441,30,700.05,99.818,19.484,13.758,25.255,0.1653,0,0,NA,,0
325,Georgia,Tifton,2/21/2008,TS 8031,5/7/2009,127,0.77,441,30,700.05,99.818,19.484,13.758,25.255,0.1653,0,0,NA,,0
328,Georgia,Tifton,2/21/2008,TS 8031,9/18/2009,261,0.77,575,50,963.67,222.754,25.468,21.4778,30.9894,0.11718,0,0,NA,,0
380,Georgia,Tifton,2/21/2008,TS 8031,9/13/2010,256,0.77,935,45,896.06,96.014,27.45044444,23.15,33.35577778,0.099488889,0,0,67.54553776,,0
113,Georgia,Athens,10/10/2007,CW 500,4/23/2010,113,0.78,926,183,885.11,76.198,13.9814,7.3202,20.5942,0.1445,0,1,81.20491803,,0
311,Georgia,Tifton,2/21/2008,GA-505,5/7/2009,127,0.78,441,30,700.05,99.818,19.484,13.758,25.255,0.1653,0,0,NA,,0
374,Georgia,Tifton,2/21/2008,Attention II,9/13/2010,256,0.78,935,45,896.06,96.014,27.45044444,23.15,33.35577778,0.099488889,0,0,61.79610984,,0
7,Georgia,Athens,10/10/2007,BaraWet 501,12/5/2008,340,0.79,422,99,622.84,95.254,9.7902,3.9436,16.041,0.13408,0,0,90.96825397,,0
258,Georgia,Tifton,2/21/2008,TS 8031,7/30/2008,212,0.79,160,42,950.4,104.382,25.85238095,21.29904762,32.04380952,0.097142857,1,0,NA,,0
339,Georgia,Tifton,2/21/2008,Hybri Force 600,5/7/2009,127,0.79,441,30,700.05,99.818,19.484,13.758,25.255,0.1653,0,0,NA,,0
386,Georgia,Tifton,2/21/2008,Hybri Force 600,9/13/2010,256,0.79,935,45,896.06,96.014,27.45044444,23.15,33.35577778,0.099488889,0,0,76.4187643,,0
398,Georgia,Tifton,2/21/2008,BaraWet 501,9/13/2010,256,0.79,935,45,896.06,96.014,27.45044444,23.15,33.35577778,0.099488889,0,0,85.64736842,,0
416,Georgia,Tifton,2/21/2008,Bara 503,9/13/2010,256,0.79,935,45,896.06,96.014,27.45044444,23.15,33.35577778,0.099488889,0,0,68.68878719,,0
81,Georgia,Athens,10/10/2007,Attention II,9/8/2009,251,0.8,699,33,611.29,99.826,24.33060606,19.49272727,30.24545455,0.116666667,0,0,84.51322751,,0
102,Georgia,Athens,10/10/2007,Hybri Force 600,10/22/2009,295,0.8,743,44,521.47,447.78,18.54113636,14.44659091,23.55113636,0.162522727,0,0,80.84126984,,0
213,Georgia,Midville,11/1/2007,GA-505,4/15/2009,105,0.8,531,145,817.34,285.736,14.2048,8.3222,20.541,0.20838,0,1,NA,,0
332,Georgia,Tifton,2/21/2008,Bulldog 805,5/7/2009,127,0.8,441,30,700.05,99.818,19.484,13.758,25.255,0.1653,0,0,NA,,0
345,Georgia,Tifton,2/21/2008,PGI 909,4/7/2009,97,0.8,411,146,814.55,402.9,14.1446,8.7024,20.0602,0.16648,0,1,NA,,0
403,Georgia,Tifton,2/21/2008,GA-505,7/30/2010,211,0.8,890,40,925.98,132.082,27.48725,22.856,33.475,0.106325,0,0,65.41418764,,0
105,Georgia,Athens,10/10/2007,CW 35106,8/6/2009,218,0.81,666,41,897.29,53.594,25.55829268,20.13487805,31.82756098,0.098097561,0,0,88.40740741,,0
221,Georgia,Midville,11/1/2007,BaraWet 501,4/15/2009,105,0.81,531,145,817.34,285.736,14.2048,8.3222,20.541,0.20838,0,1,NA,,0
314,Georgia,Tifton,2/21/2008,GA-505,9/18/2009,261,0.81,575,50,963.67,222.754,25.468,21.4778,30.9894,0.11718,0,0,NA,,0
346,Georgia,Tifton,2/21/2008,PGI 909,5/7/2009,127,0.81,441,30,700.05,99.818,19.484,13.758,25.255,0.1653,0,0,NA,,0
352,Georgia,Tifton,2/21/2008,Bara 503,4/7/2009,97,0.81,411,146,814.55,402.9,14.1446,8.7024,20.0602,0.16648,0,1,NA,,0
101,Georgia,Athens,10/10/2007,Hybri Force 600,9/8/2009,251,0.82,699,33,611.29,99.826,24.33060606,19.49272727,30.24545455,0.116666667,0,0,81.53968254,,0
254,Georgia,Tifton,2/21/2008,GA-505,7/30/2008,212,0.82,160,42,950.4,104.382,25.85238095,21.29904762,32.04380952,0.097142857,1,0,NA,,0
300,Georgia,Tifton,2/21/2008,PGI 801,9/18/2009,261,0.82,575,50,963.67,222.754,25.468,21.4778,30.9894,0.11718,0,0,NA,,0
342,Georgia,Tifton,2/21/2008,Hybri Force 600,9/18/2009,261,0.82,575,50,963.67,222.754,25.468,21.4778,30.9894,0.11718,0,0,NA,,0
397,Georgia,Tifton,2/21/2008,BaraWet 501,7/30/2010,211,0.83,890,40,925.98,132.082,27.48725,22.856,33.475,0.106325,0,0,85.41052632,,0
96,Georgia,Athens,10/10/2007,TS 4010,9/8/2009,251,0.84,699,33,611.29,99.826,24.33060606,19.49272727,30.24545455,0.116666667,0,0,85.05291005,,0
290,Georgia,Tifton,2/21/2008,BaraWet 501,5/7/2009,127,0.84,441,30,700.05,99.818,19.484,13.758,25.255,0.1653,0,0,NA,,0
404,Georgia,Tifton,2/21/2008,GA-505,9/13/2010,256,0.84,935,45,896.06,96.014,27.45044444,23.15,33.35577778,0.099488889,0,0,63.97254005,,0
80,Georgia,Athens,10/10/2007,Attention II,8/6/2009,218,0.86,666,41,897.29,53.594,25.55829268,20.13487805,31.82756098,0.098097561,0,0,84.68783069,,0
90,Georgia,Athens,10/10/2007,Hybri Force 700,8/6/2009,218,0.86,666,41,897.29,53.594,25.55829268,20.13487805,31.82756098,0.098097561,0,0,93.37566138,,0
106,Georgia,Athens,10/10/2007,CW 35106,9/8/2009,251,0.86,699,33,611.29,99.826,24.33060606,19.49272727,30.24545455,0.116666667,0,0,87.7962963,,0
287,Georgia,Tifton,2/21/2008,PGI 909,9/10/2008,254,0.86,202,42,796.16,313.892,25.73333333,21.86714286,30.93047619,0.122833333,1,0,NA,,0
77,Georgia,Athens,10/10/2007,Bara 503,10/22/2009,295,0.87,743,44,521.47,447.78,18.54113636,14.44659091,23.55113636,0.162522727,0,0,88.42063492,,0
86,Georgia,Athens,10/10/2007,Bulldog 805,9/8/2009,251,0.87,699,33,611.29,99.826,24.33060606,19.49272727,30.24545455,0.116666667,0,0,80.82275132,,0
107,Georgia,Athens,10/10/2007,CW 35106,10/22/2009,295,0.87,743,44,521.47,447.78,18.54113636,14.44659091,23.55113636,0.162522727,0,0,86.98148148,,0
201,Georgia,Midville,11/1/2007,CW 36106,9/5/2008,249,0.87,309,44,873.37,171.966,26.09136364,21.6125,32.44886364,0.189909091,0,0,NA,,0
304,Georgia,Tifton,2/21/2008,Attention II,5/7/2009,127,0.88,441,30,700.05,99.818,19.484,13.758,25.255,0.1653,0,0,NA,,0
321,Georgia,Tifton,2/21/2008,Hybri Force 700,9/18/2009,261,0.88,575,50,963.67,222.754,25.468,21.4778,30.9894,0.11718,0,0,NA,,0
76,Georgia,Athens,10/10/2007,Bara 503,9/8/2009,251,0.9,699,33,611.29,99.826,24.33060606,19.49272727,30.24545455,0.116666667,0,0,88.76984127,,0
97,Georgia,Athens,10/10/2007,TS 4010,10/22/2009,295,0.9,743,44,521.47,447.78,18.54113636,14.44659091,23.55113636,0.162522727,0,0,84.12169312,,0
249,Georgia,Tifton,2/21/2008,Hybri Force 600,6/18/2008,170,0.9,118,118,1261.64,83.558,23.9276,18.262,30.0158,0.10612,1,1,NA,,0
100,Georgia,Athens,10/10/2007,Hybri Force 600,8/6/2009,218,0.91,666,41,897.29,53.594,25.55829268,20.13487805,31.82756098,0.098097561,0,0,82.06349206,,0
95,Georgia,Athens,10/10/2007,TS 4010,8/6/2009,218,0.92,666,41,897.29,53.594,25.55829268,20.13487805,31.82756098,0.098097561,0,0,85.75132275,,0
338,Georgia,Tifton,2/21/2008,Hybri Force 600,4/7/2009,97,0.92,411,146,814.55,402.9,14.1446,8.7024,20.0602,0.16648,0,1,NA,,0
62,Georgia,Athens,10/10/2007,CW 500,10/22/2009,295,0.93,743,44,521.47,447.78,18.54113636,14.44659091,23.55113636,0.162522727,0,0,86.84126984,,0
70,Georgia,Athens,10/10/2007,Phoenix,8/6/2009,218,0.94,666,41,897.29,53.594,25.55829268,20.13487805,31.82756098,0.098097561,0,0,79.78306878,,0
56,Georgia,Athens,10/10/2007,GA-505,9/8/2009,251,0.95,699,33,611.29,99.826,24.33060606,19.49272727,30.24545455,0.116666667,0,0,82.7962963,,0
174,Georgia,Midville,11/1/2007,Bara 503,6/9/2008,161,0.95,221,34,848.77,92.72,23.67147059,17.56764706,30.27588235,0.206176471,0,0,NA,,0
211,Georgia,Midville,11/1/2007,Hybri Force 700,9/5/2008,249,0.95,309,44,873.37,171.966,26.09136364,21.6125,32.44886364,0.189909091,0,0,NA,,0
186,Georgia,Midville,11/1/2007,Hybri Force 600,9/5/2008,249,0.96,309,44,873.37,171.966,26.09136364,21.6125,32.44886364,0.189909091,0,0,NA,,0
194,Georgia,Midville,11/1/2007,Bulldog 805,6/9/2008,161,0.96,221,34,848.77,92.72,23.67147059,17.56764706,30.27588235,0.206176471,0,0,NA,,0
293,Georgia,Tifton,2/21/2008,BaraWet 501,9/18/2009,261,0.96,575,50,963.67,222.754,25.468,21.4778,30.9894,0.11718,0,0,NA,,0
206,Georgia,Midville,11/1/2007,Attention II,9/5/2008,249,0.97,309,44,873.37,171.966,26.09136364,21.6125,32.44886364,0.189909091,0,0,NA,,0
275,Georgia,Tifton,2/21/2008,Attention II,9/10/2008,254,0.97,202,42,796.16,313.892,25.73333333,21.86714286,30.93047619,0.122833333,1,0,NA,,0
317,Georgia,Tifton,2/21/2008,Hybri Force 700,4/7/2009,97,0.97,411,146,814.55,402.9,14.1446,8.7024,20.0602,0.16648,0,1,NA,,0
67,Georgia,Athens,10/10/2007,Evermore,10/22/2009,295,0.98,743,44,521.47,447.78,18.54113636,14.44659091,23.55113636,0.162522727,0,0,84.14021164,,1
71,Georgia,Athens,10/10/2007,Phoenix,9/8/2009,251,0.98,699,33,611.29,99.826,24.33060606,19.49272727,30.24545455,0.116666667,0,0,78.82275132,,1
85,Georgia,Athens,10/10/2007,Bulldog 805,8/6/2009,218,0.98,666,41,897.29,53.594,25.55829268,20.13487805,31.82756098,0.098097561,0,0,81.78306878,,1
140,Georgia,Athens,10/10/2007,TS 4010,7/13/2010,194,0.98,1007,27,614.49,148.828,26.49259259,21.29185185,32.63814815,0.143888889,0,0,68.64508197,,1
297,Georgia,Tifton,2/21/2008,PGI 801,5/7/2009,127,0.98,441,30,700.05,99.818,19.484,13.758,25.255,0.1653,0,0,NA,,1
72,Georgia,Athens,10/10/2007,Phoenix,10/22/2009,295,0.99,743,44,521.47,447.78,18.54113636,14.44659091,23.55113636,0.162522727,0,0,77.54232804,,1
89,Georgia,Athens,10/10/2007,Hybri Force 700,6/26/2009,177,0.99,625,51,1013.91,88.134,23.1086,18.148,29.072,0.1306,0,0,93.80952381,,1
296,Georgia,Tifton,2/21/2008,PGI 801,4/7/2009,97,0.99,411,146,814.55,402.9,14.1446,8.7024,20.0602,0.16648,0,1,NA,,1
66,Georgia,Athens,10/10/2007,Evermore,9/8/2009,251,1,699,33,611.29,99.826,24.33060606,19.49272727,30.24545455,0.116666667,0,0,84.25661376,,1
75,Georgia,Athens,10/10/2007,Bara 503,8/6/2009,218,1,666,41,897.29,53.594,25.55829268,20.13487805,31.82756098,0.098097561,0,0,89.03174603,,1
60,Georgia,Athens,10/10/2007,CW 500,8/6/2009,218,1.01,666,41,897.29,53.594,25.55829268,20.13487805,31.82756098,0.098097561,0,0,88.06349206,,1
84,Georgia,Athens,10/10/2007,Bulldog 805,6/26/2009,177,1.01,625,51,1013.91,88.134,23.1086,18.148,29.072,0.1306,0,0,82.97619048,,1
191,Georgia,Midville,11/1/2007,GA-505,9/5/2008,249,1.01,309,44,873.37,171.966,26.09136364,21.6125,32.44886364,0.189909091,0,0,NA,,1
331,Georgia,Tifton,2/21/2008,Bulldog 805,4/7/2009,97,1.01,411,146,814.55,402.9,14.1446,8.7024,20.0602,0.16648,0,1,NA,,1
55,Georgia,Athens,10/10/2007,GA-505,8/6/2009,218,1.02,666,41,897.29,53.594,25.55829268,20.13487805,31.82756098,0.098097561,0,0,83.40740741,,1
289,Georgia,Tifton,2/21/2008,BaraWet 501,4/7/2009,97,1.02,411,146,814.55,402.9,14.1446,8.7024,20.0602,0.16648,0,1,NA,,1
99,Georgia,Athens,10/10/2007,Hybri Force 600,6/26/2009,177,1.03,625,51,1013.91,88.134,23.1086,18.148,29.072,0.1306,0,0,82.71428571,,1
176,Georgia,Midville,11/1/2007,Bara 503,9/5/2008,249,1.03,309,44,873.37,171.966,26.09136364,21.6125,32.44886364,0.189909091,0,0,NA,,1
267,Georgia,Tifton,2/21/2008,PGI 801,9/10/2008,254,1.03,202,42,796.16,313.892,25.73333333,21.86714286,30.93047619,0.122833333,1,0,NA,,1
82,Georgia,Athens,10/10/2007,Attention II,10/22/2009,295,1.04,743,44,521.47,447.78,18.54113636,14.44659091,23.55113636,0.162522727,0,0,84.28042328,,1
160,Georgia,Athens,10/10/2007,Hybri Force 600,7/13/2010,194,1.04,1007,27,614.49,148.828,26.49259259,21.29185185,32.63814815,0.143888889,0,0,75.33032787,,1
196,Georgia,Midville,11/1/2007,Bulldog 805,9/5/2008,249,1.04,309,44,873.37,171.966,26.09136364,21.6125,32.44886364,0.189909091,0,0,NA,,1
205,Georgia,Midville,11/1/2007,Attention II,7/23/2008,205,1.04,265,44,1050.64,117.354,26.37795455,20.74068182,33.53659091,0.160363636,0,0,NA,,1
87,Georgia,Athens,10/10/2007,Bulldog 805,10/22/2009,295,1.05,743,44,521.47,447.78,18.54113636,14.44659091,23.55113636,0.162522727,0,0,79.54232804,,1
91,Georgia,Athens,10/10/2007,Hybri Force 700,9/8/2009,251,1.05,699,33,611.29,99.826,24.33060606,19.49272727,30.24545455,0.116666667,0,0,93.02645503,,1
92,Georgia,Athens,10/10/2007,Hybri Force 700,10/22/2009,295,1.05,743,44,521.47,447.78,18.54113636,14.44659091,23.55113636,0.162522727,0,0,92.56084656,,1
178,Georgia,Midville,11/1/2007,BaraWet 501,5/6/2008,127,1.05,187,187,1001.01,147.574,16.5908,10.177,23.4432,0.20836,0,1,NA,,1
209,Georgia,Midville,11/1/2007,Hybri Force 700,6/9/2008,161,1.05,221,34,848.77,92.72,23.67147059,17.56764706,30.27588235,0.206176471,0,0,NA,,1
279,Georgia,Tifton,2/21/2008,BaraWet 501,9/10/2008,254,1.05,202,42,796.16,313.892,25.73333333,21.86714286,30.93047619,0.122833333,1,0,NA,,1
51,Georgia,Athens,10/10/2007,BaraWet 501,9/8/2009,251,1.06,699,33,611.29,99.826,24.33060606,19.49272727,30.24545455,0.116666667,0,0,88.76984127,,1
208,Georgia,Midville,11/1/2007,Hybri Force 700,5/6/2008,127,1.06,187,187,1001.01,147.574,16.5908,10.177,23.4432,0.20836,0,1,NA,,1
303,Georgia,Tifton,2/21/2008,Attention II,4/7/2009,97,1.06,411,146,814.55,402.9,14.1446,8.7024,20.0602,0.16648,0,1,NA,,1
200,Georgia,Midville,11/1/2007,CW 36106,7/23/2008,205,1.07,265,44,1050.64,117.354,26.37795455,20.74068182,33.53659091,0.160363636,0,0,NA,,1
52,Georgia,Athens,10/10/2007,BaraWet 501,10/22/2009,295,1.08,743,44,521.47,447.78,18.54113636,14.44659091,23.55113636,0.162522727,0,0,88.42063492,,1
61,Georgia,Athens,10/10/2007,CW 500,9/8/2009,251,1.08,699,33,611.29,99.826,24.33060606,19.49272727,30.24545455,0.116666667,0,0,87.53968254,,1
110,Georgia,Athens,10/10/2007,BaraWet 501,7/13/2010,194,1.08,1007,27,614.49,148.828,26.49259259,21.29185185,32.63814815,0.143888889,0,0,84.13743169,,1
283,Georgia,Tifton,2/21/2008,Bara 503,9/10/2008,254,1.08,202,42,796.16,313.892,25.73333333,21.86714286,30.93047619,0.122833333,1,0,NA,,1
324,Georgia,Tifton,2/21/2008,TS 8031,4/7/2009,97,1.08,411,146,814.55,402.9,14.1446,8.7024,20.0602,0.16648,0,1,NA,,1
407,Georgia,Tifton,2/21/2008,PGI 909,5/6/2010,126,1.08,805,149,1019.92,224.58,18.2468,12.3394,24.1904,0.15262,0,1,72.78718535,,1
188,Georgia,Midville,11/1/2007,GA-505,5/6/2008,127,1.09,187,187,1001.01,147.574,16.5908,10.177,23.4432,0.20836,0,1,NA,,1
181,Georgia,Midville,11/1/2007,BaraWet 501,9/5/2008,249,1.1,309,44,873.37,171.966,26.09136364,21.6125,32.44886364,0.189909091,0,0,NA,,1
184,Georgia,Midville,11/1/2007,Hybri Force 600,6/9/2008,161,1.1,221,34,848.77,92.72,23.67147059,17.56764706,30.27588235,0.206176471,0,0,NA,,1
348,Georgia,Tifton,2/21/2008,PGI 909,7/30/2009,211,1.1,525,43,1014.1,175.77,26.90860465,22.19534884,32.54325581,0.110348837,0,0,NA,,1
57,Georgia,Athens,10/10/2007,GA-505,10/22/2009,295,1.11,743,44,521.47,447.78,18.54113636,14.44659091,23.55113636,0.162522727,0,0,81.98148148,,1
130,Georgia,Athens,10/10/2007,Evermore,7/13/2010,194,1.11,1007,27,614.49,148.828,26.49259259,21.29185185,32.63814815,0.143888889,0,0,73.79590164,,1
44,Georgia,Athens,10/10/2007,CW 35106,5/6/2008,127,1.12,209,209,922.9,98.288,14.8864,8.691,21.1202,0.15088,0,1,NA,,1
65,Georgia,Athens,10/10/2007,Evermore,8/6/2009,218,1.12,666,41,897.29,53.594,25.55829268,20.13487805,31.82756098,0.098097561,0,0,84.34391534,,1
155,Georgia,Athens,10/10/2007,Hybri Force 700,7/13/2010,194,1.12,1007,27,614.49,148.828,26.49259259,21.29185185,32.63814815,0.143888889,0,0,85.42786885,,1
165,Georgia,Athens,10/10/2007,CW 35106,7/13/2010,194,1.12,1007,27,614.49,148.828,26.49259259,21.29185185,32.63814815,0.143888889,0,0,64.95765027,,1
310,Georgia,Tifton,2/21/2008,GA-505,4/7/2009,97,1.12,411,146,814.55,402.9,14.1446,8.7024,20.0602,0.16648,0,1,NA,,1
347,Georgia,Tifton,2/21/2008,PGI 909,6/17/2009,168,1.12,482,41,818.95,170.686,23.79317073,19.56804878,29.00121951,0.166853659,0,0,NA,,1
94,Georgia,Athens,10/10/2007,TS 4010,6/26/2009,177,1.13,625,51,1013.91,88.134,23.1086,18.148,29.072,0.1306,0,0,86.61904762,,1
193,Georgia,Midville,11/1/2007,Bulldog 805,5/6/2008,127,1.13,187,187,1001.01,147.574,16.5908,10.177,23.4432,0.20836,0,1,NA,,1
93,Georgia,Athens,10/10/2007,TS 4010,5/6/2009,126,1.14,574,151,871.67,236.224,15.3534,9.3272,21.4102,0.15866,0,1,87.6984127,,1
170,Georgia,Midville,11/1/2007,PGI 801,7/23/2008,205,1.14,265,44,1050.64,117.354,26.37795455,20.74068182,33.53659091,0.160363636,0,0,NA,,1
179,Georgia,Midville,11/1/2007,BaraWet 501,6/9/2008,161,1.14,221,34,848.77,92.72,23.67147059,17.56764706,30.27588235,0.206176471,0,0,NA,,1
64,Georgia,Athens,10/10/2007,Evermore,6/26/2009,177,1.15,625,51,1013.91,88.134,23.1086,18.148,29.072,0.1306,0,0,84.45238095,,1
115,Georgia,Athens,10/10/2007,CW 500,7/13/2010,194,1.15,1007,27,614.49,148.828,26.49259259,21.29185185,32.63814815,0.143888889,0,0,78.21721311,,1
198,Georgia,Midville,11/1/2007,CW 36106,5/6/2008,127,1.15,187,187,1001.01,147.574,16.5908,10.177,23.4432,0.20836,0,1,NA,,1
204,Georgia,Midville,11/1/2007,Attention II,6/9/2008,161,1.15,221,34,848.77,92.72,23.67147059,17.56764706,30.27588235,0.206176471,0,0,NA,,1
333,Georgia,Tifton,2/21/2008,Bulldog 805,6/17/2009,168,1.15,482,41,818.95,170.686,23.79317073,19.56804878,29.00121951,0.166853659,0,0,NA,,1
354,Georgia,Tifton,2/21/2008,Bara 503,6/17/2009,168,1.15,482,41,818.95,170.686,23.79317073,19.56804878,29.00121951,0.166853659,0,0,NA,,1
195,Georgia,Midville,11/1/2007,Bulldog 805,7/23/2008,205,1.16,265,44,1050.64,117.354,26.37795455,20.74068182,33.53659091,0.160363636,0,0,NA,,1
271,Georgia,Tifton,2/21/2008,Bulldog 805,9/10/2008,254,1.16,202,42,796.16,313.892,25.73333333,21.86714286,30.93047619,0.122833333,1,0,NA,,1
341,Georgia,Tifton,2/21/2008,Hybri Force 600,7/30/2009,211,1.16,525,43,1014.1,175.77,26.90860465,22.19534884,32.54325581,0.110348837,0,0,NA,,1
135,Georgia,Athens,10/10/2007,Bara 503,7/13/2010,194,1.17,1007,27,614.49,148.828,26.49259259,21.29185185,32.63814815,0.143888889,0,0,74.74043716,,1
171,Georgia,Midville,11/1/2007,PGI 801,9/5/2008,249,1.17,309,44,873.37,171.966,26.09136364,21.6125,32.44886364,0.189909091,0,0,NA,,1
365,Georgia,Tifton,2/21/2008,PGI 801,5/6/2010,126,1.17,805,149,1019.92,224.58,18.2468,12.3394,24.1904,0.15262,0,1,73.91624714,,1
189,Georgia,Midville,11/1/2007,GA-505,6/9/2008,161,1.18,221,34,848.77,92.72,23.67147059,17.56764706,30.27588235,0.206176471,0,0,NA,,1
103,Georgia,Athens,10/10/2007,CW 35106,5/6/2009,126,1.19,574,151,871.67,236.224,15.3534,9.3272,21.4102,0.15866,0,1,90.11111111,,1
183,Georgia,Midville,11/1/2007,Hybri Force 600,5/6/2008,127,1.19,187,187,1001.01,147.574,16.5908,10.177,23.4432,0.20836,0,1,NA,,1
210,Georgia,Midville,11/1/2007,Hybri Force 700,7/23/2008,205,1.19,265,44,1050.64,117.354,26.37795455,20.74068182,33.53659091,0.160363636,0,0,NA,,1
73,Georgia,Athens,10/10/2007,Bara 503,5/6/2009,126,1.2,574,151,871.67,236.224,15.3534,9.3272,21.4102,0.15866,0,1,89.76190476,,1
125,Georgia,Athens,10/10/2007,GA-505,7/13/2010,194,1.2,1007,27,614.49,148.828,26.49259259,21.29185185,32.63814815,0.143888889,0,0,78.29043716,,1
169,Georgia,Midville,11/1/2007,PGI 801,6/9/2008,161,1.2,221,34,848.77,92.72,23.67147059,17.56764706,30.27588235,0.206176471,0,0,NA,,1
299,Georgia,Tifton,2/21/2008,PGI 801,7/30/2009,211,1.2,525,43,1014.1,175.77,26.90860465,22.19534884,32.54325581,0.110348837,0,0,NA,,1
145,Georgia,Athens,10/10/2007,Attention II,7/13/2010,194,1.21,1007,27,614.49,148.828,26.49259259,21.29185185,32.63814815,0.143888889,0,0,83.88469945,,1
199,Georgia,Midville,11/1/2007,CW 36106,6/9/2008,161,1.21,221,34,848.77,92.72,23.67147059,17.56764706,30.27588235,0.206176471,0,0,NA,,1
203,Georgia,Midville,11/1/2007,Attention II,5/6/2008,127,1.21,187,187,1001.01,147.574,16.5908,10.177,23.4432,0.20836,0,1,NA,,1
263,Georgia,Tifton,2/21/2008,Hybri Force 700,9/10/2008,254,1.21,202,42,796.16,313.892,25.73333333,21.86714286,30.93047619,0.122833333,1,0,NA,,1
40,Georgia,Athens,10/10/2007,Hybri Force 700,5/6/2008,127,1.22,209,209,922.9,98.288,14.8864,8.691,21.1202,0.15088,0,1,NA,,1
69,Georgia,Athens,10/10/2007,Phoenix,6/26/2009,177,1.22,625,51,1013.91,88.134,23.1086,18.148,29.072,0.1306,0,0,80.97619048,,1
355,Georgia,Tifton,2/21/2008,Bara 503,7/30/2009,211,1.22,525,43,1014.1,175.77,26.90860465,22.19534884,32.54325581,0.110348837,0,0,NA,,1
54,Georgia,Athens,10/10/2007,GA-505,6/26/2009,177,1.23,625,51,1013.91,88.134,23.1086,18.148,29.072,0.1306,0,0,84.16666667,,1
251,Georgia,Tifton,2/21/2008,Hybri Force 600,9/10/2008,254,1.23,202,42,796.16,313.892,25.73333333,21.86714286,30.93047619,0.122833333,1,0,NA,,1
390,Georgia,Tifton,2/21/2008,Hybri Force 700,6/20/2010,171,1.23,850,45,1094.05,89.414,25.44977778,20.34777778,31.42155556,0.118066667,0,0,77,,1
327,Georgia,Tifton,2/21/2008,TS 8031,7/30/2009,211,1.24,525,43,1014.1,175.77,26.90860465,22.19534884,32.54325581,0.110348837,0,0,NA,,1
59,Georgia,Athens,10/10/2007,CW 500,6/26/2009,177,1.25,625,51,1013.91,88.134,23.1086,18.148,29.072,0.1306,0,0,88.71428571,,1
190,Georgia,Midville,11/1/2007,GA-505,7/23/2008,205,1.25,265,44,1050.64,117.354,26.37795455,20.74068182,33.53659091,0.160363636,0,0,NA,,1
320,Georgia,Tifton,2/21/2008,Hybri Force 700,7/30/2009,211,1.25,525,43,1014.1,175.77,26.90860465,22.19534884,32.54325581,0.110348837,0,0,NA,,1
68,Georgia,Athens,10/10/2007,Phoenix,5/6/2009,126,1.26,574,151,871.67,236.224,15.3534,9.3272,21.4102,0.15866,0,1,82.46031746,,1
180,Georgia,Midville,11/1/2007,BaraWet 501,7/23/2008,205,1.26,265,44,1050.64,117.354,26.37795455,20.74068182,33.53659091,0.160363636,0,0,NA,,1
326,Georgia,Tifton,2/21/2008,TS 8031,6/17/2009,168,1.26,482,41,818.95,170.686,23.79317073,19.56804878,29.00121951,0.166853659,0,0,NA,,1
334,Georgia,Tifton,2/21/2008,Bulldog 805,7/30/2009,211,1.26,525,43,1014.1,175.77,26.90860465,22.19534884,32.54325581,0.110348837,0,0,NA,,1
63,Georgia,Athens,10/10/2007,Evermore,5/6/2009,126,1.27,574,151,871.67,236.224,15.3534,9.3272,21.4102,0.15866,0,1,84.58730159,,1
150,Georgia,Athens,10/10/2007,Bulldog 805,7/13/2010,194,1.27,1007,27,614.49,148.828,26.49259259,21.29185185,32.63814815,0.143888889,0,0,71.94672131,,1
292,Georgia,Tifton,2/21/2008,BaraWet 501,7/30/2009,211,1.27,525,43,1014.1,175.77,26.90860465,22.19534884,32.54325581,0.110348837,0,0,NA,,1
319,Georgia,Tifton,2/21/2008,Hybri Force 700,6/17/2009,168,1.27,482,41,818.95,170.686,23.79317073,19.56804878,29.00121951,0.166853659,0,0,NA,,1
360,Georgia,Tifton,2/21/2008,Bulldog 805,6/20/2010,171,1.27,850,45,1094.05,89.414,25.44977778,20.34777778,31.42155556,0.118066667,0,0,82.32173913,,1
389,Georgia,Tifton,2/21/2008,Hybri Force 700,5/6/2010,126,1.27,805,149,1019.92,224.58,18.2468,12.3394,24.1904,0.15262,0,1,77,,1
79,Georgia,Athens,10/10/2007,Attention II,6/26/2009,177,1.28,625,51,1013.91,88.134,23.1086,18.148,29.072,0.1306,0,0,84.9047619,,1
83,Georgia,Athens,10/10/2007,Bulldog 805,5/6/2009,126,1.28,574,151,871.67,236.224,15.3534,9.3272,21.4102,0.15866,0,1,84.46031746,,1
159,Georgia,Athens,10/10/2007,Hybri Force 600,6/16/2010,167,1.28,980,54,1045.9,193.304,22.4546,17.2004,28.3842,0.14282,0,0,75.92786885,,1
359,Georgia,Tifton,2/21/2008,Bulldog 805,5/6/2010,126,1.28,805,149,1019.92,224.58,18.2468,12.3394,24.1904,0.15262,0,1,82.45560641,,1
78,Georgia,Athens,10/10/2007,Attention II,5/6/2009,126,1.29,574,151,871.67,236.224,15.3534,9.3272,21.4102,0.15866,0,1,85.17460317,,1
88,Georgia,Athens,10/10/2007,Hybri Force 700,5/6/2009,126,1.29,574,151,871.67,236.224,15.3534,9.3272,21.4102,0.15866,0,1,94.34920635,,1
164,Georgia,Athens,10/10/2007,CW 35106,6/16/2010,167,1.29,980,54,1045.9,193.304,22.4546,17.2004,28.3842,0.14282,0,0,67.65027322,,1
298,Georgia,Tifton,2/21/2008,PGI 801,6/17/2009,168,1.29,482,41,818.95,170.686,23.79317073,19.56804878,29.00121951,0.166853659,0,0,NA,,1
305,Georgia,Tifton,2/21/2008,Attention II,6/17/2009,168,1.29,482,41,818.95,170.686,23.79317073,19.56804878,29.00121951,0.166853659,0,0,NA,,1
377,Georgia,Tifton,2/21/2008,TS 8031,5/6/2010,126,1.29,805,149,1019.92,224.58,18.2468,12.3394,24.1904,0.15262,0,1,71.47231121,,1
50,Georgia,Athens,10/10/2007,BaraWet 501,8/6/2009,218,1.3,666,41,897.29,53.594,25.55829268,20.13487805,31.82756098,0.098097561,0,0,89.03174603,,1
259,Georgia,Tifton,2/21/2008,TS 8031,9/10/2008,254,1.3,202,42,796.16,313.892,25.73333333,21.86714286,30.93047619,0.122833333,1,0,NA,,1
291,Georgia,Tifton,2/21/2008,BaraWet 501,6/17/2009,168,1.3,482,41,818.95,170.686,23.79317073,19.56804878,29.00121951,0.166853659,0,0,NA,,1
366,Georgia,Tifton,2/21/2008,PGI 801,6/20/2010,171,1.3,850,45,1094.05,89.414,25.44977778,20.34777778,31.42155556,0.118066667,0,0,73.89565217,,1
53,Georgia,Athens,10/10/2007,GA-505,5/6/2009,126,1.31,574,151,871.67,236.224,15.3534,9.3272,21.4102,0.15866,0,1,85.11111111,,1
168,Georgia,Midville,11/1/2007,PGI 801,5/6/2008,127,1.31,187,187,1001.01,147.574,16.5908,10.177,23.4432,0.20836,0,1,NA,,1
255,Georgia,Tifton,2/21/2008,GA-505,9/10/2008,254,1.31,202,42,796.16,313.892,25.73333333,21.86714286,30.93047619,0.122833333,1,0,NA,,1
340,Georgia,Tifton,2/21/2008,Hybri Force 600,6/17/2009,168,1.31,482,41,818.95,170.686,23.79317073,19.56804878,29.00121951,0.166853659,0,0,NA,,1
58,Georgia,Athens,10/10/2007,CW 500,5/6/2009,126,1.32,574,151,871.67,236.224,15.3534,9.3272,21.4102,0.15866,0,1,89.52380952,,1
98,Georgia,Athens,10/10/2007,Hybri Force 600,5/6/2009,126,1.32,574,151,871.67,236.224,15.3534,9.3272,21.4102,0.15866,0,1,83.52380952,,1
313,Georgia,Tifton,2/21/2008,GA-505,7/30/2009,211,1.32,525,43,1014.1,175.77,26.90860465,22.19534884,32.54325581,0.110348837,0,0,NA,,1
408,Georgia,Tifton,2/21/2008,PGI 909,6/20/2010,171,1.32,850,45,1094.05,89.414,25.44977778,20.34777778,31.42155556,0.118066667,0,0,70.52173913,,1
74,Georgia,Athens,10/10/2007,Bara 503,6/26/2009,177,1.33,625,51,1013.91,88.134,23.1086,18.148,29.072,0.1306,0,0,89.35714286,,1
371,Georgia,Tifton,2/21/2008,Attention II,5/6/2010,126,1.33,805,149,1019.92,224.58,18.2468,12.3394,24.1904,0.15262,0,1,60.2194508,,1
173,Georgia,Midville,11/1/2007,Bara 503,5/6/2008,127,1.34,187,187,1001.01,147.574,16.5908,10.177,23.4432,0.20836,0,1,NA,,1
378,Georgia,Tifton,2/21/2008,TS 8031,6/20/2010,171,1.34,850,45,1094.05,89.414,25.44977778,20.34777778,31.42155556,0.118066667,0,0,70.11304348,,1
109,Georgia,Athens,10/10/2007,BaraWet 501,6/16/2010,167,1.35,980,54,1045.9,193.304,22.4546,17.2004,28.3842,0.14282,0,0,84.63169399,,1
175,Georgia,Midville,11/1/2007,Bara 503,7/23/2008,205,1.35,265,44,1050.64,117.354,26.37795455,20.74068182,33.53659091,0.160363636,0,0,NA,,1
185,Georgia,Midville,11/1/2007,Hybri Force 600,7/23/2008,205,1.36,265,44,1050.64,117.354,26.37795455,20.74068182,33.53659091,0.160363636,0,0,NA,,1
48,Georgia,Athens,10/10/2007,BaraWet 501,5/6/2009,126,1.37,574,151,871.67,236.224,15.3534,9.3272,21.4102,0.15866,0,1,89.76190476,,1
306,Georgia,Tifton,2/21/2008,Attention II,7/30/2009,211,1.38,525,43,1014.1,175.77,26.90860465,22.19534884,32.54325581,0.110348837,0,0,NA,,1
414,Georgia,Tifton,2/21/2008,Bara 503,6/20/2010,171,1.38,850,45,1094.05,89.414,25.44977778,20.34777778,31.42155556,0.118066667,0,0,71.2173913,,1
139,Georgia,Athens,10/10/2007,TS 4010,6/16/2010,167,1.39,980,54,1045.9,193.304,22.4546,17.2004,28.3842,0.14282,0,0,70.48196721,,1
120,Georgia,Athens,10/10/2007,Phoenix,7/13/2010,194,1.41,1007,27,614.49,148.828,26.49259259,21.29185185,32.63814815,0.143888889,0,0,74.32814208,,1
134,Georgia,Athens,10/10/2007,Bara 503,6/16/2010,167,1.41,980,54,1045.9,193.304,22.4546,17.2004,28.3842,0.14282,0,0,76.43715847,,1
312,Georgia,Tifton,2/21/2008,GA-505,6/17/2009,168,1.41,482,41,818.95,170.686,23.79317073,19.56804878,29.00121951,0.166853659,0,0,NA,,1
149,Georgia,Athens,10/10/2007,Bulldog 805,6/16/2010,167,1.42,980,54,1045.9,193.304,22.4546,17.2004,28.3842,0.14282,0,0,72.72131148,,1
395,Georgia,Tifton,2/21/2008,BaraWet 501,5/6/2010,126,1.42,805,149,1019.92,224.58,18.2468,12.3394,24.1904,0.15262,0,1,84.96315789,,1
154,Georgia,Athens,10/10/2007,Hybri Force 700,6/16/2010,167,1.43,980,54,1045.9,193.304,22.4546,17.2004,28.3842,0.14282,0,0,86.26885246,,1
49,Georgia,Athens,10/10/2007,BaraWet 501,6/26/2009,177,1.45,625,51,1013.91,88.134,23.1086,18.148,29.072,0.1306,0,0,89.35714286,,1
372,Georgia,Tifton,2/21/2008,Attention II,6/20/2010,171,1.46,850,45,1094.05,89.414,25.44977778,20.34777778,31.42155556,0.118066667,0,0,60.76521739,,1
383,Georgia,Tifton,2/21/2008,Hybri Force 600,5/6/2010,126,1.47,805,149,1019.92,224.58,18.2468,12.3394,24.1904,0.15262,0,1,77.90617849,,1
32,Georgia,Athens,10/10/2007,CW 500,5/6/2008,127,1.48,209,209,922.9,98.288,14.8864,8.691,21.1202,0.15088,0,1,NA,,1
413,Georgia,Tifton,2/21/2008,Bara 503,5/6/2010,126,1.49,805,149,1019.92,224.58,18.2468,12.3394,24.1904,0.15262,0,1,72.55606407,,1
36,Georgia,Athens,10/10/2007,Hybri Force 600,5/6/2008,127,1.51,209,209,922.9,98.288,14.8864,8.691,21.1202,0.15088,0,1,NA,,1
20,Georgia,Athens,10/10/2007,Evermore,5/6/2008,127,1.53,209,209,922.9,98.288,14.8864,8.691,21.1202,0.15088,0,1,NA,,1
119,Georgia,Athens,10/10/2007,Phoenix,6/16/2010,167,1.53,980,54,1045.9,193.304,22.4546,17.2004,28.3842,0.14282,0,0,74.5420765,,1
114,Georgia,Athens,10/10/2007,CW 500,6/16/2010,167,1.54,980,54,1045.9,193.304,22.4546,17.2004,28.3842,0.14282,0,0,79.21311475,,1
124,Georgia,Athens,10/10/2007,GA-505,6/16/2010,167,1.54,980,54,1045.9,193.304,22.4546,17.2004,28.3842,0.14282,0,0,78.63715847,,1
129,Georgia,Athens,10/10/2007,Evermore,6/16/2010,167,1.54,980,54,1045.9,193.304,22.4546,17.2004,28.3842,0.14282,0,0,75.10163934,,1
144,Georgia,Athens,10/10/2007,Attention II,6/16/2010,167,1.55,980,54,1045.9,193.304,22.4546,17.2004,28.3842,0.14282,0,0,83.89945355,,1
384,Georgia,Tifton,2/21/2008,Hybri Force 600,6/20/2010,171,1.55,850,45,1094.05,89.414,25.44977778,20.34777778,31.42155556,0.118066667,0,0,77.39130435,,1
28,Georgia,Athens,10/10/2007,Bara 503,5/6/2008,127,1.57,209,209,922.9,98.288,14.8864,8.691,21.1202,0.15088,0,1,NA,,1
401,Georgia,Tifton,2/21/2008,GA-505,5/6/2010,126,1.58,805,149,1019.92,224.58,18.2468,12.3394,24.1904,0.15262,0,1,68.13729977,,1
402,Georgia,Tifton,2/21/2008,GA-505,6/20/2010,171,1.59,850,45,1094.05,89.414,25.44977778,20.34777778,31.42155556,0.118066667,0,0,66.69565217,,1
24,Georgia,Athens,10/10/2007,Attention II,5/6/2008,127,1.61,209,209,922.9,98.288,14.8864,8.691,21.1202,0.15088,0,1,NA,,1
396,Georgia,Tifton,2/21/2008,BaraWet 501,6/20/2010,171,1.61,850,45,1094.05,89.414,25.44977778,20.34777778,31.42155556,0.118066667,0,0,85.2,,1
16,Georgia,Athens,10/10/2007,Phoenix,5/6/2008,127,1.65,209,209,922.9,98.288,14.8864,8.691,21.1202,0.15088,0,1,NA,,1
4,Georgia,Athens,10/10/2007,BaraWet 501,5/6/2008,127,1.66,209,209,922.9,98.288,14.8864,8.691,21.1202,0.15088,0,1,NA,,1
8,Georgia,Athens,10/10/2007,GA-505,5/6/2008,127,1.68,209,209,922.9,98.288,14.8864,8.691,21.1202,0.15088,0,1,NA,,1
12,Georgia,Athens,10/10/2007,Bulldog 805,5/6/2008,127,1.83,209,209,922.9,98.288,14.8864,8.691,21.1202,0.15088,0,1,NA,,1
151,Georgia,Athens,10/10/2007,Bulldog 805,8/20/2010,232,1.88,1045,38,744.94,238.752,27.20263158,22.90263158,33.13815789,0.118289474,0,0,70.85655738,,1
166,Georgia,Athens,10/10/2007,CW 35106,8/20/2010,232,1.92,1045,38,744.94,238.752,27.20263158,22.90263158,33.13815789,0.118289474,0,0,61.16803279,,1
0,Georgia,Athens,10/10/2007,TS 4010,5/6/2008,127,2.02,209,209,922.9,98.288,14.8864,8.691,21.1202,0.15088,0,1,NA,,1
146,Georgia,Athens,10/10/2007,Attention II,8/20/2010,232,2.17,1045,38,744.94,238.752,27.20263158,22.90263158,33.13815789,0.118289474,0,0,83.86393443,,1
126,Georgia,Athens,10/10/2007,GA-505,8/20/2010,232,2.2,1045,38,744.94,238.752,27.20263158,22.90263158,33.13815789,0.118289474,0,0,77.80245902,,1
156,Georgia,Athens,10/10/2007,Hybri Force 700,8/20/2010,232,2.3,1045,38,744.94,238.752,27.20263158,22.90263158,33.13815789,0.118289474,0,0,84.2442623,,1
161,Georgia,Athens,10/10/2007,Hybri Force 600,8/20/2010,232,2.3,1045,38,744.94,238.752,27.20263158,22.90263158,33.13815789,0.118289474,0,0,74.48934426,,1
131,Georgia,Athens,10/10/2007,Evermore,8/20/2010,232,2.34,1045,38,744.94,238.752,27.20263158,22.90263158,33.13815789,0.118289474,0,0,71.95819672,,1
141,Georgia,Athens,10/10/2007,TS 4010,8/20/2010,232,2.47,1045,38,744.94,238.752,27.20263158,22.90263158,33.13815789,0.118289474,0,0,66.05983607,,1
121,Georgia,Athens,10/10/2007,Phoenix,8/20/2010,232,2.48,1045,38,744.94,238.752,27.20263158,22.90263158,33.13815789,0.118289474,0,0,74.02704918,,1
116,Georgia,Athens,10/10/2007,CW 500,8/20/2010,232,2.58,1045,38,744.94,238.752,27.20263158,22.90263158,33.13815789,0.118289474,0,0,76.81557377,,1
111,Georgia,Athens,10/10/2007,BaraWet 501,8/20/2010,232,2.61,1045,38,744.94,238.752,27.20263158,22.90263158,33.13815789,0.118289474,0,0,83.44180328,,1
136,Georgia,Athens,10/10/2007,Bara 503,8/20/2010,232,2.63,1045,38,744.94,238.752,27.20263158,22.90263158,33.13815789,0.118289474,0,0,72.35245902,,1
