,Unnamed: 0,State,City,Date Sown,Variety,Date of Cut,Julian Day,Yield (tons/acre),Time Since Sown (Days),Time Since Last Harvest (Days),Total Radiation (MJ/m^2),Total Rainfall (mm),Avg Air Temp (C),Avg Min Temp (C),Avg Max Temp (C),Avg Soil Moisture (%),Harvested in Sown Year,First Date of Season,Percent Cover (%)
0,380,Georgia,Midville,10/10/2007,GA-505,5/6/2008,249,0.1,363,58,974.37,137.59889656785145,27.48725,20.86369110884705,33.53659091,0.1701743915475477,0,0,
1,1070,Kentucky,Lexington,3/31/2015,Phoenix,5/2/2017,236,0.96,1025,219,638.09,122.02636241091815,16.73973850249466,9.11630898737645,15.91632653,0.25173431982758304,1,0,92.58986265166098
2,0,Georgia,Tifton,2/21/2008,PGI 909,9/15/2017,189,0.1,227,38,1261.64,160.294726922359,27.48725,12.823225915543613,29.317872115744898,0.1726406599898558,0,0,
3,894,Kentucky,Lexington,10/10/2007,Evermore,7/8/2017,206,0.09,874,169,567.86,157.22636838491465,20.505898585183992,12.216464188848748,27.960078506162578,0.282179140329719,0,1,93.3238223512532
4,1001,Kentucky,Lexington,8/9/2012,Caliber,7/10/2018,229,1.98,141,27,561.23,126.63598708397095,23.693255571316648,8.522648626635913,27.90243569313159,0.2516434116893189,1,1,99.09730522923812
5,26,Georgia,Tifton,3/31/2015,NF11ALF006,7/10/2018,138,1.44,928,217,840.93,236.6354414220257,25.185654569385257,10.506554444727477,24.205889657759503,0.2617985393912351,0,0,81.30002751956685
6,1360,Kentucky,Lexington,10/10/2007,GA-505,12/7/2009,249,2.35,275,48,783.52,41.29110343686165,22.37759328483203,9.670696745027891,28.231522994423063,0.27038986757304273,0,1,96.33084459461689
7,73,Kentucky,Athens,11/1/2007,Radiance HD,5/6/2008,110,1.47,329,176,1115.2,141.14138340679938,23.47626785736203,4.5713597107605,32.05023329069827,0.2606292859599217,0,1,85.46280778015766
8,45,Georgia,Athens,10/10/2007,Phoenix,9/10/2008,237,0.95,497,37,587.07,53.04186280282613,22.36977334631397,20.88159066262973,25.089189957524255,0.095333333,0,0,90.96529407033775
9,1290,Kentucky,Lexington,3/31/2015,GA-505,6/9/2016,280,1.33,428,27,634.06,81.48216884297206,27.48725,14.348845455254562,27.2729447336469,0.2214661553704389,0,1,100.0
10,1170,Georgia,Athens,3/31/2015,55V50,6/26/2009,266,1.94,925,33,892.79,62.244423357783106,25.1695435345208,3.9436,30.510660746704236,0.17085271028643806,0,0,69.31823787634282
11,1334,Georgia,Athens,2/21/2008,Hybri Force 600,8/6/2009,158,2.49,485,253,757.51,72.8105575457318,24.005964128133535,12.295647655086873,27.22554623121444,0.16531296493257022,0,0,88.32849350734321
12,133,Georgia,Midville,8/9/2012,PGI 801,7/17/2015,215,0.01,805,27,747.26,43.789440762709,24.2994947782654,21.279818306515423,29.89608791583557,0.15466123556869227,0,0,
13,334,Georgia,Tifton,10/10/2007,TS 4010,5/6/2016,135,0.19,1108,33,442.04,148.84685047649532,21.164255852449273,7.925953682904405,17.34587059913727,0.11536601433516246,0,1,
14,903,Kentucky,Lexington,4/5/2017,Attention II,12/7/2009,179,1.41,1231,34,1104.25,141.0379048259019,11.631357309731293,19.96991382903904,15.91632653,0.1507235583719444,1,1,72.30690108628977
15,202,Kentucky,Lexington,11/1/2007,Caliber,8/20/2018,103,0.85,703,126,797.7,41.1,25.13885369505401,20.43339832465925,25.910247587366502,0.0987860408260246,0,1,
16,154,Kentucky,Athens,10/10/2007,Radiance HD,6/17/2009,219,0.81,292,36,790.21,82.60206420242802,13.880899103297079,13.885967926019285,29.69667069207599,0.3718913317579935,1,0,89.13881448866705
17,1409,Kentucky,Tifton,8/9/2012,BaraWet 501,8/13/2018,107,0.93,89,27,930.35,170.71436980399127,22.111230167228715,3.9436,33.53659091,0.2186744280081995,0,0,71.09076399045641
18,747,Kentucky,Lexington,10/10/2007,Ameristand 403T,7/10/2018,267,0.84,1322,27,760.67,41.1,9.7902,15.521388839379327,26.26806163146943,0.378285714,0,0,100.0
19,781,Georgia,Athens,10/10/2007,Bulldog 805,8/28/2008,244,0.39,188,249,1109.64,158.08498155868276,27.48725,6.261269689922905,33.53659091,0.22368129082654875,0,1,
20,1398,Kentucky,Lexington,8/9/2012,CW 065030,5/2/2017,252,0.01,364,27,633.69,41.1,25.5116828450962,15.10499795049021,27.124905240365567,0.2858650024420797,0,0,77.30790712529877
21,197,Georgia,Tifton,10/10/2007,TS 8031,7/17/2015,136,0.71,89,29,714.16,439.4101021481671,16.548137108173215,18.037332158111976,17.26656339826822,0.3285172447942797,0,0,87.57358609696459
22,0,Kentucky,Tifton,10/10/2007,4030,8/14/2009,244,0.62,785,44,944.97,84.44874953344089,15.934727769700753,16.69207515099373,32.03751554878052,0.3255482162495458,1,1,86.49934703399244
23,875,Georgia,Tifton,11/1/2007,Bara 503,7/17/2015,198,0.25,555,27,892.46,50.50919388360109,23.142833709403845,20.48207322091094,30.530108566106307,0.26330709153312537,0,0,
24,1196,Kentucky,Athens,8/9/2012,Evermore,7/13/2010,151,1.16,89,27,812.42,125.92804949432777,12.282966269381614,20.928854733971225,27.218283384907775,0.3015503682099244,0,0,99.66646298121684
25,891,Georgia,Lexington,8/9/2012,BaraWet 501,4/7/2009,260,0.58,89,27,885.65,190.13292273320963,24.082434585048006,12.486015000472975,27.058626596990557,0.14616394427062146,0,1,86.69395868641024
26,1494,Kentucky,Lexington,4/5/2016,FSG-426,5/6/2016,170,1.63,690,27,886.67,47.49901360620474,11.34843816723586,3.9436,25.49604606084644,0.19997194235168986,0,1,84.72899295151562
27,1627,Georgia,Midville,2/21/2008,Evermore,8/18/2016,133,0.01,752,60,659.37,132.2595078417192,23.527520070671986,21.050256267246922,29.567315376234625,0.26385761230344706,0,0,90.16718948759313
28,1338,Kentucky,Lexington,11/1/2007,CW 500,9/13/2018,258,0.52,788,116,908.29,113.7439775568323,15.027902004839458,13.524346187274675,24.208117992708303,0.378285714,0,1,96.95469397796927
29,872,Kentucky,Lexington,8/9/2012,Ameristand 403T Plus,6/11/2015,275,0.7,357,27,475.51,130.27293023155477,22.688881929830114,19.69600777643866,25.504804461581546,0.2765487465921633,0,1,100.0
30,998,Georgia,Midville,11/1/2007,AFX095005,6/18/2008,254,0.65,89,40,1182.72,206.63139165544044,25.974664233471803,18.33805222968722,25.790593727424216,0.14852002887341229,0,1,
31,1524,Kentucky,Midville,4/5/2016,Hybri Force 600,4/23/2010,268,0.65,992,27,942.09,124.1582810480828,23.585616100913192,5.025818243280511,17.54392389047975,0.14641458111851155,0,0,88.1874481957511
32,1454,Georgia,Midville,10/10/2007,CW 500,6/9/2016,144,1.16,278,35,619.28,413.2277438772306,27.17359125339247,19.571881607884965,21.537635114707427,0.29715207462120913,0,0,
33,152,Georgia,Lexington,2/21/2008,BaraWet 501,10/22/2009,113,0.32,479,75,999.96,41.1,26.431317952618063,7.503820346771797,26.41819244026517,0.1734749210315589,0,0,
34,1,Georgia,Tifton,4/12/2018,WL 365HQ,9/16/2015,119,0.01,633,27,838.52,192.97288507909198,18.85845530755308,16.919546140275905,33.53659091,0.15917659603350182,0,0,91.47987582159973
35,1670,Kentucky,Lexington,8/9/2012,Ameristand 403T,7/17/2014,177,1.56,89,200,1260.51,45.57768651228648,16.5625430250771,16.222852919183307,28.862820419525466,0.22330163275265533,0,0,86.97405219435743
36,1240,Kentucky,Lexington,8/9/2012,Hybri Force 700,8/20/2010,225,0.71,1503,150,718.06,41.1,21.57714991851744,12.413830497148616,25.12661918750925,0.095333333,1,0,93.74828430951563
37,182,Georgia,Athens,10/10/2007,Buffalo,5/6/2008,267,0.56,1542,175,1196.76,231.68643753679592,23.299203997082305,16.069798320637283,31.478762397968925,0.11625152847019495,1,1,
38,845,Kentucky,Athens,4/5/2016,GA-505,5/10/2018,201,0.31,1515,27,1095.53,122.2792326892365,24.003740410507838,4.14786583281544,26.462324302471018,0.21121335997859195,0,0,100.0
39,1219,Kentucky,Lexington,4/5/2016,Evermore,8/13/2018,322,0.01,952,27,787.11,50.164719050458054,21.323023065989055,3.9436,25.342138963505448,0.36523319140154237,0,0,97.17434586202279
40,1494,Kentucky,Lexington,8/9/2012,Hybri Force 700,7/8/2017,164,1.04,1738,27,898.78,114.52686477036593,23.258940756664124,3.9436,19.185855624500203,0.2653738455187622,1,1,80.3486394664874
41,677,Georgia,Athens,2/21/2008,CW 500,5/13/2013,234,0.8,800,165,1261.64,223.5175568059265,19.43099832848104,14.892602658937722,29.378954751017815,0.14910207643075704,0,0,87.49601956860558
42,868,Kentucky,Lexington,4/5/2016,GA-505,10/12/2010,214,0.93,89,206,811.35,134.73996372827514,25.052251625029953,15.895431843542633,27.37177306831259,0.31661789330166223,0,0,88.54606802927668
43,846,Kentucky,Lexington,8/9/2012,GA-505,5/15/2009,143,1.05,486,27,932.02,92.54576811377115,24.00663363651797,19.95408736369777,20.369455645904175,0.3538353776220401,0,0,88.58850090727992
44,33,Georgia,Tifton,2/21/2008,GA-497HD,7/8/2017,117,0.25,409,284,1049.0,41.1,27.48725,21.848150155309618,32.24297079850565,0.2320335953579508,0,0,
45,266,Georgia,Midville,10/10/2007,Ameristand 403T Plus,9/18/2009,117,0.17,160,190,1188.58,84.83781958252492,27.48725,12.424721416946639,30.14615852004469,0.2089978891278505,0,0,87.30889336535317
46,222,Georgia,Athens,8/9/2012,Bara 503,5/6/2010,252,1.16,450,70,1115.46,169.3764518183881,18.26737197874737,12.781007995247816,30.457596343603843,0.16501235705264392,0,0,
47,1596,Georgia,Midville,4/5/2017,Hybri Force 700,7/14/2016,200,1.14,194,39,728.95,145.46324749759393,24.77913313408148,16.080261534084816,33.53659091,0.3307329825573162,0,1,100.0
48,986,Kentucky,Lexington,3/31/2015,GA-505,8/8/2017,333,0.67,265,27,581.72,95.20101545165869,23.640192562252942,15.479824360817188,23.268988752308452,0.3008777664535634,0,0,93.75361541754381
49,698,Kentucky,Lexington,3/31/2015,Ameristand 403T,6/25/2009,114,0.01,441,27,799.09,66.41980971888674,20.83207011316276,11.756637682321227,28.006244815348612,0.378285714,0,1,83.78691516434765
50,0,Georgia,Lexington,4/5/2017,BaraWet 501,8/17/2017,146,0.71,1158,43,638.63,184.48884349384716,26.97240983575868,22.851084498928945,29.303939961662348,0.23683901567216784,0,0,74.043250050353
51,1364,Kentucky,Tifton,4/12/2018,TS 8031,11/17/2010,186,0.94,125,105,874.12,157.66700625441342,20.43843796553961,21.460348149147944,26.175398727824895,0.16527267992616068,1,0,
52,200,Kentucky,Tifton,10/10/2007,Hybri Force 600,8/13/2015,124,0.01,89,27,711.35,86.55784873778232,27.48725,13.045899053977113,30.526843723880724,0.1570343543825964,0,0,
53,1010,Kentucky,Lexington,10/10/2007,TS 8031,9/19/2016,219,1.01,1729,27,955.59,118.45862878384143,22.137887167307525,3.9436,15.91632653,0.305809030764576,0,0,85.74548257948717
54,1063,Kentucky,Lexington,8/9/2012,GA-505,9/5/2008,131,0.59,441,27,623.06,114.5116971648433,22.340002577286043,3.9436,15.91632653,0.09934777413358377,1,0,100.0
55,1460,Kentucky,Athens,8/9/2012,Evermore,5/7/2009,137,0.58,1142,32,803.73,70.18077430692668,23.503120107732503,17.011394147707755,25.800269936083204,0.29316809406347333,0,0,91.2645931056452
56,793,Kentucky,Tifton,2/21/2008,AFX095026,8/18/2016,148,0.01,902,224,591.43,41.1,22.489408494686593,16.31336498450559,25.958001816951725,0.28279066866187874,0,0,84.629212567397
57,1360,Georgia,Lexington,2/21/2008,AM-09-600,9/17/2015,156,0.73,893,27,1082.66,91.8035023125073,26.213225694092976,3.9436,30.747552371692386,0.27988569353153914,0,1,
58,1679,Kentucky,Athens,3/31/2015,Caliber,5/8/2015,261,1.08,89,27,844.81,46.674511130631274,10.857887114065075,15.215072821229521,23.045990291268463,0.1621008576508496,0,0,92.67568881550127
59,95,Georgia,Lexington,4/5/2016,Attention II,5/6/2016,244,1.04,1957,27,567.16,92.58863378445642,24.552985348380584,11.611129330803724,31.48402631567045,0.28446614680645943,0,1,90.07373409456353
60,1113,Kentucky,Lexington,4/12/2018,Withstand,8/18/2016,199,0.74,2225,27,332.68,41.1,21.04800969354811,15.443146265336017,26.477414207185813,0.378285714,0,1,100.0
61,0,Georgia,Athens,10/10/2007,PGI 909,9/13/2010,195,0.99,352,40,1229.5,114.13386555836954,27.200020047646397,18.834778939856626,29.33345815695491,0.281203480867505,0,1,89.23057580007149
62,1224,Kentucky,Midville,11/1/2007,CW 085028,7/16/2015,243,0.06,321,36,768.97,41.1,22.22403031631039,3.980022382294568,18.05021578675232,0.378285714,0,1,100.0
63,759,Kentucky,Tifton,4/5/2016,NF11ALF006,8/18/2016,240,1.03,89,27,784.81,70.15805411686686,23.28942918145542,16.705231209492556,15.91632653,0.30811525453547167,0,1,98.69904663625782
64,998,Kentucky,Lexington,3/31/2015,PGI 801,11/17/2010,276,0.56,602,177,1261.64,102.56578590853123,22.624281191523117,10.726880771084662,16.725053639065383,0.2845117719007333,0,0,85.06388870768296
65,1218,Georgia,Tifton,2/21/2008,Evermore,8/18/2016,135,2.04,554,81,831.96,85.21634268696303,22.1291899909862,3.9436,28.691694071274313,0.32956235502559394,0,0,100.0
66,1647,Georgia,Tifton,3/31/2015,BaraWet 501,6/17/2009,132,0.52,89,192,932.37,67.92850781224145,27.48725,20.93766070880914,26.54361902082811,0.12313140998666328,0,0,88.3516084930392
67,254,Kentucky,Midville,4/5/2016,Evermore,8/13/2015,235,1.31,89,27,891.12,222.164925000256,27.48725,4.173379419931711,29.409840114523377,0.2913253160831554,0,1,
68,1014,Kentucky,Lexington,4/5/2016,Saranac AR,7/10/2018,186,0.02,286,27,720.92,41.1,21.805079345610803,16.339314744364195,25.61553143760062,0.36435511066871756,0,0,98.48109802110586
69,56,Georgia,Athens,10/10/2007,Saranac AR,9/14/2017,128,1.11,205,104,1153.99,87.0782569800887,27.48725,18.098963978904486,29.718338132947515,0.14212031227436367,0,1,62.39803440480185
70,926,Georgia,Lexington,8/9/2012,TS 4010,5/8/2014,222,0.99,613,236,899.11,186.32237069734327,12.837814264080052,5.601094109937804,18.649502164524325,0.21237823239184841,0,0,88.56903678501561
71,1191,Kentucky,Lexington,8/9/2012,TS 8031,7/30/2010,275,0.95,1600,27,700.46,76.16802939667662,16.135769236840577,15.802508647124561,25.185704360125918,0.26743061352385966,0,1,98.53335163761355
72,1067,Kentucky,Lexington,3/31/2015,NF11ALF006,8/14/2015,160,1.44,542,100,1128.85,74.45144972779224,24.592177254862328,5.190677226088493,18.368052494468255,0.3437932251046854,0,0,70.00873008701669
73,0,Georgia,Tifton,11/1/2007,TS 8031,9/5/2008,121,1.36,164,27,1162.35,60.037846950815734,21.603778750753975,3.9436,28.369776770414575,0.18407081831069105,0,1,90.70993062140829
74,999,Kentucky,Lexington,10/10/2007,GA-505,9/19/2016,244,0.82,1010,27,587.86,74.90224557433199,23.67252641846524,12.958204209651168,26.767014588210664,0.29290438202227476,0,1,89.94337926232798
75,1585,Georgia,Lexington,4/5/2016,Hybri Force 600,8/12/2013,170,0.76,95,27,731.11,94.03043105045099,24.487818944640527,18.70351146842546,16.05813258581419,0.22705867933471316,0,1,91.7162779903763
76,591,Kentucky,Lexington,8/9/2012,AM-09-600,8/28/2008,144,0.64,344,209,733.69,131.56056805389957,23.508268961389096,17.783387395837362,21.09038677147537,0.2562244975733658,0,0,100.0
77,0,Kentucky,Lexington,3/31/2015,Attention II,8/18/2016,144,0.76,2225,244,1117.42,90.19205790730342,19.5306397834392,3.9436,15.91632653,0.11950607962889728,1,0,92.67066147294082
78,0,Kentucky,Lexington,10/10/2007,GA-505,5/2/2017,265,1.24,1826,27,689.11,41.1,23.786752277528496,3.9436,27.284291173362604,0.3367283693544783,0,1,88.73193819678465
79,998,Georgia,Lexington,11/1/2007,Caliber,6/13/2018,141,0.84,723,27,775.38,160.5954066297088,23.67635945242248,19.928431905682654,29.080979453639568,0.22324495621616655,0,1,
80,1180,Georgia,Tifton,8/9/2012,CW 085028,8/14/2015,161,0.96,89,72,1112.51,53.05871806570691,27.48725,19.228326483446434,33.21351917655165,0.095333333,0,0,
81,1082,Kentucky,Lexington,8/9/2012,Hybri Force 600,8/13/2018,247,1.28,586,27,667.81,321.7699961809019,22.24651578799255,8.863333976392418,19.742318620901766,0.21283277702205383,0,0,96.03722439899101
82,811,Georgia,Athens,10/10/2007,Bulldog 805,5/6/2008,147,0.01,855,43,736.43,211.2453014046204,27.48725,23.15,31.459661284623266,0.2925281762799278,0,0,
83,485,Georgia,Athens,10/10/2007,Contender,8/15/2014,238,0.13,89,152,999.66,120.82276378398242,27.48725,20.6141275284693,33.53659091,0.1495743698974065,0,0,
84,1436,Kentucky,Athens,4/12/2018,Ameristand 403T Plus,11/16/2012,155,0.91,1729,221,595.86,130.0348132276723,15.73023126026945,8.542052634328142,26.382544956247056,0.261794307846466,0,0,92.86094684087782
85,201,Georgia,Tifton,10/10/2007,PGI 801,7/30/2010,260,1.34,281,198,1196.24,100.7543003449896,27.48725,13.086525089214783,28.423701658738544,0.30413619891224275,0,0,
86,245,Georgia,Midville,2/21/2008,Bara 503,8/6/2009,153,0.82,330,46,1171.75,69.96729031733408,22.396575158736958,17.95243360451188,17.708555512809248,0.2082649317943487,0,0,
87,1427,Kentucky,Lexington,8/9/2012,Hybri Force 600,6/16/2010,191,2.51,1320,27,879.26,115.78181960912923,21.450544579387774,3.9436,22.56875811763006,0.31205357430030867,0,1,89.64807458899017
88,274,Kentucky,Lexington,3/31/2015,GA-505,8/8/2017,228,0.13,1060,27,505.43,72.3247605439829,20.261504556286663,9.113211091732904,27.354870398668126,0.21689675586447374,0,0,94.16167368687788
89,1302,Georgia,Lexington,10/10/2007,GA-505,7/13/2010,174,0.29,219,59,700.55,229.1031882226552,27.48725,22.19503495843095,31.130529143843415,0.1872075689711305,0,0,92.24752767705104
90,158,Georgia,Lexington,10/10/2007,Caliber,6/11/2018,267,0.66,1015,28,810.84,45.10675078753533,24.254679136740478,21.461948189486826,26.68931911581559,0.19268933460543802,1,0,
91,1164,Kentucky,Lexington,4/5/2016,Phoenix,8/18/2016,234,1.06,1089,27,594.2,67.28280237976233,22.52874849075971,15.486302517395542,28.07834896402826,0.23943239494756138,0,0,98.59245915000805
92,1441,Georgia,Lexington,10/10/2007,AM-09-600,5/6/2016,134,0.01,89,143,713.53,126.12785964918419,27.48725,5.423148508389603,31.309060565632674,0.1581189805887141,0,1,87.17573155627987
93,41,Georgia,Lexington,2/21/2008,CW 36106,8/6/2009,240,0.71,345,29,881.07,170.55317217606364,25.848017848803636,4.511098673319172,17.706357370194446,0.2859069876514233,0,0,91.28785839202284
94,0,Georgia,Athens,10/10/2007,Buffalo,6/6/2017,107,0.91,453,52,974.03,78.83287847192315,27.40675751135742,19.83600903165916,29.975377439185586,0.378285714,0,0,
95,38,Georgia,Tifton,4/5/2016,Bulldog 805,12/5/2008,114,2.15,2225,43,1196.54,127.35816706909891,27.48725,7.215494794690069,28.97485350487874,0.11414621714949395,0,0,87.8566039835684
96,1532,Georgia,Midville,8/9/2012,Phoenix,5/6/2010,181,0.69,1188,41,622.55,182.63347913172225,23.103527491378912,7.2681827116754265,27.891212836293427,0.16726447157225383,0,0,93.39242591024873
97,1273,Kentucky,Lexington,8/9/2012,LS 905,7/10/2018,256,0.54,212,178,1105.66,447.78,24.529582910938238,11.45478945920469,15.91632653,0.11442514964785383,0,0,94.34253845055866
98,1361,Kentucky,Lexington,3/31/2015,BaraWet 501,7/8/2017,274,0.83,429,165,662.79,212.16978027732517,22.85410859108142,16.190135994231913,24.56045415287586,0.17999271340493223,0,1,89.75175186018426
99,0,Georgia,Midville,4/5/2017,GA-505,9/18/2014,259,1.2,328,27,837.9,125.88539676213236,22.916458025023246,18.558706881226044,25.089588402472266,0.2845114059437095,0,1,91.23914710137522
100,1091,Kentucky,Athens,4/5/2017,Ameristand 403T,6/13/2018,254,0.87,741,27,470.0,171.81988548641863,16.51890563305328,15.553150143992276,15.91632653,0.3663941380826209,1,0,88.79787998116521
101,1446,Kentucky,Athens,3/31/2015,BaraWet 501,8/14/2009,99,0.14,1558,210,1210.3,46.101112054738174,19.712400997236436,18.362895444786687,32.79214455214103,0.36350957180447857,0,0,100.0
102,1098,Georgia,Lexington,10/10/2007,Saranac AR,7/30/2008,183,0.73,2225,164,688.86,41.1,26.93175781910759,16.540158802040718,32.1371744830682,0.25711751498540797,0,0,
103,0,Georgia,Lexington,2/21/2008,Ameristand 427TQ,7/30/2008,246,0.15,261,40,1261.64,127.19014254400197,14.848859531348328,20.649493446006463,33.53659091,0.095333333,0,0,
104,952,Kentucky,Lexington,8/9/2012,Arc,11/4/2009,176,0.54,388,27,687.55,41.1,23.61420604592652,15.313305199176927,28.923434723067153,0.378285714,0,1,92.19945002530883
105,956,Georgia,Lexington,10/10/2007,Ameristand 403T Plus,7/30/2009,233,1.31,1313,178,708.94,117.56831745309708,23.315947696220984,3.9436,17.15459215874496,0.3123636042637685,0,0,88.30932769642743
106,794,Kentucky,Lexington,8/9/2012,GA-505,4/7/2009,158,0.84,1514,176,520.42,41.1,16.769510514512934,15.293988652324144,25.789704407128625,0.12079974720074371,0,0,96.58606715959398
107,1152,Kentucky,Lexington,10/10/2007,Evermore,6/12/2013,218,0.01,173,107,600.51,170.0594725299058,23.08746940494354,10.250080122028399,27.5695889035507,0.378285714,0,0,100.0
108,793,Kentucky,Lexington,4/5/2016,AM-09-600,8/6/2009,253,0.62,91,233,1119.93,97.33549389611052,24.125140717694066,3.9436,29.477298636515766,0.2619060199092628,0,1,
109,86,Georgia,Midville,2/21/2008,Evermore,6/13/2018,120,0.49,1416,116,834.54,93.08703334328897,27.48725,13.088919025334812,32.89682300817405,0.18738098764122738,0,1,72.15420542114494
110,951,Kentucky,Lexington,2/21/2008,TS 8031,9/15/2017,196,0.72,1470,27,743.97,182.26717143223854,20.90334075747982,17.72382329413668,15.91632653,0.378285714,0,0,77.21501984114211
111,152,Georgia,Tifton,2/21/2008,Ameristand 403T,8/8/2017,266,0.9,228,200,689.24,64.75114189506863,24.99086720585376,20.59454772718598,31.071598663256832,0.1737013191835503,0,1,
112,0,Georgia,Athens,10/10/2007,GA-497HD,6/12/2013,115,0.21,89,51,937.83,49.03968387627177,27.48725,18.091356674121435,33.53659091,0.20852578185375598,0,0,
113,770,Georgia,Lexington,2/21/2008,Ameristand 427TQ,5/6/2008,157,0.99,1019,99,563.78,116.10307522765929,19.384342005549833,5.108363954853778,15.91632653,0.37780764316074256,0,0,100.0
114,0,Kentucky,Midville,8/9/2012,CW 065030,4/15/2009,240,1.05,778,27,844.34,136.98288598348154,25.52349073497112,16.114457872051428,28.284955714205413,0.11728484899678142,0,0,66.52945156523018
115,1358,Kentucky,Lexington,4/5/2016,Fierce,5/6/2008,200,0.18,686,27,813.52,144.47340027726398,21.58491668135994,16.852860831194942,25.3418635432683,0.1896186328510665,0,0,99.25573713944948
116,1349,Kentucky,Lexington,8/9/2012,Ameristand 403T,11/17/2010,253,0.77,567,27,764.14,236.33792687346522,21.516016260573316,4.94605188065299,26.5551900182321,0.378285714,1,0,92.86071929588942
117,917,Kentucky,Lexington,4/5/2016,4030,5/6/2009,236,1.04,1440,27,675.27,57.68285779325193,23.93812346741969,19.892064562954147,27.868051647849107,0.095333333,0,1,93.3699296646146
118,0,Georgia,Lexington,11/1/2007,PGI 801,5/10/2018,194,0.45,267,27,804.09,168.47580077120958,24.858677475951882,18.459957767456416,18.026742630678005,0.3470802604778272,0,0,63.02568901416676
119,65,Kentucky,Lexington,8/9/2012,Buffalo,9/10/2008,341,0.88,1753,27,675.68,132.37168499831736,22.42826869104659,10.184822791776401,27.744437341977516,0.3237965511673989,1,0,87.20552633220578
120,0,Kentucky,Lexington,10/10/2007,GA-505,8/13/2018,152,0.8,1154,46,632.71,134.09701641849696,13.231320363993463,21.554010045564624,15.91632653,0.20512067314798982,0,0,89.78857191052457
121,1350,Georgia,Tifton,3/31/2015,PGI 909,12/5/2008,152,0.01,472,27,1064.17,53.944933533218254,27.48725,13.153317792813464,24.67622504502384,0.17764356688247468,1,0,84.17804904005939
122,798,Kentucky,Lexington,8/9/2012,55V50,5/2/2017,240,1.16,1253,27,739.81,110.86561087750879,20.95614979100548,3.9436,25.340722994777803,0.22659269253287134,0,1,100.0
123,1156,Kentucky,Lexington,8/9/2012,Hybri Force 600,9/19/2016,272,1.23,567,45,557.14,108.69281222527174,16.612493387052556,18.708038633637376,29.723125684776974,0.27539795795122174,0,0,98.97268067404215
124,875,Kentucky,Lexington,3/31/2015,Phoenix,6/6/2017,189,1.12,1684,227,796.24,63.868492764280774,21.43820942282498,9.40857490653498,26.721958428141754,0.3624094606920228,0,0,86.42650948761656
125,1225,Kentucky,Lexington,8/9/2012,FSG-426,9/10/2008,169,1.5,1709,178,693.65,85.71338726193721,11.006577013028384,16.91202446557672,23.43961409368354,0.29926375147039996,0,0,87.58864591973796
126,1444,Kentucky,Midville,3/31/2015,CW 35106,7/10/2018,284,1.11,103,27,736.39,149.15139835708553,16.166651275523762,3.9436,32.16940582257472,0.2260996555635542,0,0,71.36755279526292
127,1359,Kentucky,Lexington,3/31/2015,Bara 503,7/8/2017,130,0.4,1175,174,756.51,43.963967165597666,20.370375954224816,17.86564426364363,25.254045958727584,0.378285714,0,0,94.25735139045652
128,0,Georgia,Midville,8/9/2012,GA-505,9/17/2015,244,1.39,907,52,833.56,41.1,27.48725,20.94065626902885,33.53659091,0.15008016518307657,0,0,
129,0,Kentucky,Lexington,2/21/2008,Caliber,8/6/2009,235,1.42,688,27,820.99,131.2861572279421,23.40496405046184,10.679221601472701,30.00827678868337,0.29050242033808915,0,1,100.0
130,902,Kentucky,Lexington,11/1/2007,Radiance HD,9/14/2017,260,0.01,1519,27,585.77,50.828496270014476,20.23743952405672,3.9436,15.91632653,0.378285714,0,0,100.0
131,846,Kentucky,Lexington,11/1/2007,BaraWet 501,11/16/2012,227,0.85,646,33,911.87,114.48430136007553,21.97518950717113,3.9436,25.81307835468244,0.24805903225287262,1,1,96.19933072597757
132,952,Kentucky,Athens,10/10/2007,Arc,9/18/2009,263,0.59,1156,46,816.24,299.3998580145087,17.934021510935693,18.056875042215005,19.645768300692854,0.21526249814912346,1,1,90.57182863775327
133,262,Georgia,Midville,4/5/2017,Evermore,5/2/2017,170,0.38,89,274,1003.97,197.4065682679771,27.043934684898762,20.364199604216235,28.840683928402758,0.15484912472301857,0,1,73.36224899082654
134,0,Georgia,Tifton,10/10/2007,Buffalo,6/18/2008,132,0.04,89,275,1199.97,232.70484488109105,27.48725,9.097713889513619,33.53659091,0.1218533915126455,0,1,
135,904,Georgia,Athens,4/5/2017,Withstand,8/28/2008,341,1.03,2225,27,1073.74,69.02786792312214,23.724545543837188,16.877016851554455,26.233039963504254,0.3577131253194246,0,0,94.31767916199
136,0,Kentucky,Lexington,8/9/2012,WL 365HQ,7/23/2008,177,0.72,680,242,799.6,144.98113540362792,9.7902,6.041460507097217,28.636840433778072,0.095333333,0,0,71.90787107583834
137,1679,Kentucky,Lexington,8/9/2012,Phoenix,12/7/2009,104,1.19,89,34,636.84,51.01906158402047,24.24511540966948,15.882239904849932,24.37973043383729,0.327961012378544,0,0,86.80336070333826
138,266,Georgia,Athens,10/10/2007,PGI 801,7/23/2008,305,0.01,494,92,1217.0,148.45922336706923,27.48725,21.408200873141016,31.114472001736186,0.12917790807326165,0,0,
139,0,Kentucky,Tifton,8/9/2012,CW 065030,7/14/2016,222,1.04,476,187,733.01,245.536292241991,23.381640343108373,15.842211390370771,17.120012041376047,0.2730058384880984,0,0,98.76286889248324
140,1492,Kentucky,Lexington,11/1/2007,Evermore,9/10/2008,135,1.11,1918,27,533.27,41.1,23.833260389795495,7.739276872966804,28.820759259863163,0.26102871471879496,0,0,93.63998752270267
141,1679,Georgia,Lexington,2/21/2008,BaraWet 501,9/19/2016,325,0.99,1626,158,694.15,229.25021823462953,20.141367884068856,23.15,32.08092210471562,0.29668554929710406,0,0,78.4909331109801
142,1231,Georgia,Lexington,4/12/2018,CW 085028,9/15/2017,269,0.71,368,33,961.1,41.1,23.750116823474695,18.71255657331121,27.661507408946907,0.28174762953821625,0,1,78.374077823669
143,607,Kentucky,Lexington,3/31/2015,AFX095026,7/14/2016,221,1.17,2225,33,1220.65,87.10380879028489,23.698785254300745,3.9436,23.07256439552897,0.2356109080358133,0,0,41.86666667
144,1102,Kentucky,Lexington,11/1/2007,Attention II,7/10/2018,208,1.21,1985,27,753.57,72.27093254966618,10.308205416130757,9.530328291064134,26.371853403795594,0.2516245470410744,0,1,91.26469334009438
145,1159,Kentucky,Lexington,8/9/2012,CW 065030,8/8/2017,234,0.79,89,27,644.43,54.88845369314479,24.396100351886314,6.368634047885205,28.063251949515738,0.14849948990847417,0,0,87.53834562476156
146,1623,Kentucky,Lexington,4/5/2016,Hybri Force 600,7/10/2018,243,0.01,178,36,768.54,130.58317111339377,23.72080179226186,19.29024698739321,27.796343991102262,0.2948794116221664,0,1,89.17093469054326
147,342,Kentucky,Athens,11/1/2007,AM-09-600,5/13/2013,248,0.94,1620,166,720.78,41.1,22.11915660445218,16.930729565096144,24.484989384571623,0.1097755331151858,0,0,93.85507634600957
148,0,Georgia,Midville,2/21/2008,GA-497HD,8/16/2016,277,1.12,736,44,1047.1,140.4943894336465,19.908628858771348,7.304831042220159,31.475701869764983,0.13430057728877293,0,0,
149,1421,Kentucky,Lexington,4/5/2016,Phoenix,9/19/2016,217,0.01,267,27,728.43,41.1,21.04113992295419,18.944666330203894,21.961824266995862,0.31300686636178376,1,0,96.26183037089518
150,29,Georgia,Athens,2/21/2008,Hybri Force 600,7/30/2008,120,0.04,89,46,1053.42,67.46537478571672,22.85959393018208,19.0122448665369,33.31286188152524,0.10815872524917035,0,0,
151,0,Georgia,Tifton,2/21/2008,CW 065030,8/28/2008,146,0.28,405,157,963.9,52.95553120280598,27.48725,14.685359243591156,32.634050544314555,0.1936567140756329,0,0,
152,1056,Kentucky,Lexington,11/1/2007,Bara 503,4/15/2009,116,0.17,627,27,563.67,101.69364511665954,27.48725,12.955710697012542,30.599854141511443,0.2579692188326056,0,0,100.0
153,1105,Georgia,Lexington,8/9/2012,GA-505,6/9/2016,200,0.97,676,196,696.45,76.93167044724979,27.48725,21.567435613984777,28.08130165931487,0.27461874441803924,0,0,42.1047914701488
154,1239,Kentucky,Lexington,10/10/2007,GA-ALFG-1,9/15/2017,273,1.14,168,200,917.09,191.19750983002166,24.179449673480715,14.483144069017195,25.322395364808088,0.10849959566399095,0,0,94.86036987811693
155,207,Georgia,Midville,4/5/2016,TS 4010,11/1/2010,126,1.38,191,42,1146.47,49.22462116517911,23.28216562973623,17.435002412035818,32.56674706601502,0.18338774845143366,0,0,
156,1295,Georgia,Tifton,10/10/2007,GA-505,12/5/2008,160,0.26,591,27,467.54,127.03083082091928,16.033025948600315,12.628896281093605,28.600510044834177,0.3140626231915737,1,1,
157,1155,Georgia,Lexington,10/10/2007,Hybri Force 700,9/15/2017,119,0.05,955,191,1065.83,135.97263421642057,20.031208501176017,21.589538986332148,30.927370650862493,0.3166382250471226,0,0,89.36062504679917
158,163,Georgia,Midville,2/21/2008,Hybri Force 700,9/12/2018,239,0.71,1401,149,1085.29,95.0905814659949,18.364680041872266,4.913101444592675,32.12773940095276,0.16756011324731,1,0,
159,1226,Kentucky,Lexington,4/5/2016,Contender,7/12/2013,274,0.77,196,27,711.08,163.06884986352472,23.60131046408573,17.844436886356977,27.74280662543161,0.378285714,0,0,99.4835277292199
160,403,Georgia,Athens,10/10/2007,NF11ALF006,8/16/2016,152,1.78,643,250,843.84,142.65229966365774,27.48725,15.433912785401024,32.39970231792654,0.23636355487563546,0,0,96.29958561826946
161,1342,Kentucky,Lexington,8/9/2012,Fierce,11/11/2008,244,0.32,1464,40,646.29,136.58610816045075,24.026350984347783,9.923048058174958,16.74401334490544,0.378285714,0,0,98.25169997042411
162,334,Kentucky,Lexington,4/5/2017,Attention II,9/5/2008,167,0.01,89,28,712.84,403.00906365354837,9.7902,15.190830412848532,15.91632653,0.2799724731596604,1,0,91.20004482361833
163,944,Kentucky,Lexington,8/9/2012,WL 365HQ,8/13/2018,244,0.07,1539,191,699.5,45.01672799699257,18.09446023180853,10.58806086471308,15.91632653,0.22159720682171943,1,0,89.37310132924692
164,1147,Kentucky,Lexington,11/1/2007,CW 065030,5/2/2017,237,1.4,2035,27,886.4,136.68538312929337,9.7902,16.52841168804018,26.667405818851517,0.2788844051510822,0,0,83.15257922830577
165,132,Kentucky,Lexington,3/31/2015,GA-497HD,12/7/2009,207,0.51,393,217,1121.06,135.31697569518622,25.36792994970565,3.9436,28.48309720987694,0.378285714,0,0,94.18568433535039
166,0,Georgia,Tifton,2/21/2008,Buffalo,4/15/2009,180,1.99,580,27,811.04,114.83198345304156,27.48725,8.486954856428524,30.141128496579444,0.10432035128341852,0,0,91.07622038342419
167,122,Kentucky,Lexington,8/9/2012,GA-505,5/6/2009,239,1.02,92,227,741.54,205.21899405267462,12.964600915777247,22.54960796474591,25.628630353395135,0.320335142919467,0,0,69.34857579200454
168,891,Kentucky,Lexington,4/5/2016,Caliber,9/18/2009,122,1.13,1073,67,788.69,68.34103116728267,25.506411189993255,4.567376556820084,28.40214817919577,0.30584612578263204,0,0,89.27757471651354
169,1392,Kentucky,Midville,11/1/2007,Bara 503,5/10/2018,252,1.53,890,27,963.65,41.1,25.85508861024559,12.985128406605169,31.72898748470683,0.16861503629541416,0,0,86.61262182384591
170,939,Kentucky,Lexington,8/9/2012,Arc,8/13/2018,272,0.73,194,162,723.38,69.15281136086406,23.84470870381957,16.302591964268828,26.250389545800687,0.2859583537021933,1,1,94.56285192060683
171,1258,Georgia,Lexington,4/5/2016,PGI 909,6/10/2014,186,0.68,138,30,883.66,253.81382664591132,20.601757327305553,3.9436,30.24972104412096,0.264822128910934,0,1,98.35910294609076
172,1138,Kentucky,Lexington,8/9/2012,55V50,6/11/2018,236,0.19,2070,27,664.47,186.62113790003409,21.6079455349861,15.736734671299267,25.733295210366776,0.16509390618148456,0,0,96.892124167634
173,0,Georgia,Tifton,11/1/2007,4030,6/10/2014,341,0.01,205,161,695.48,41.1,27.48725,20.6129931557041,17.925587609659996,0.262783855638823,0,0,
174,172,Kentucky,Athens,11/1/2007,AFX095005,6/16/2010,123,1.28,333,27,1195.21,159.65586575228997,19.093985531558562,13.205650765120046,15.91632653,0.13131088784839073,0,0,87.07509831702447
175,615,Kentucky,Lexington,4/5/2016,NF11ALF006,8/12/2013,152,1.02,2225,27,766.09,200.46993785146012,12.65107373003121,15.405857047496387,25.00864299401634,0.16959061939319167,0,0,90.33166692749728
176,1679,Georgia,Lexington,3/31/2015,BaraWet 501,7/14/2016,102,1.26,303,27,501.85,171.72204422340712,27.35352073488385,9.96898390047842,28.419268098870198,0.2146792403401717,0,0,90.62788394631286
177,226,Georgia,Tifton,2/21/2008,AFX095005,6/11/2015,152,0.14,299,267,827.16,78.92952331588832,18.730724971234313,22.089594984819907,15.91632653,0.10471871988532983,0,0,
178,0,Georgia,Tifton,10/10/2007,Phoenix,6/25/2009,244,0.92,89,33,947.77,132.47619321077633,27.48725,13.761018208126234,32.62829760165569,0.1302555225647059,1,0,
179,492,Kentucky,Lexington,4/5/2016,WL 365HQ,6/6/2017,209,0.93,1119,27,680.64,148.75945601849293,17.971184295098475,16.95879460898599,31.07011906380458,0.25488015076847403,0,0,88.50580668977011
180,0,Kentucky,Athens,4/5/2016,Evermore,5/2/2017,152,0.03,1651,225,722.81,107.8407022537134,13.17365328734418,14.081060800135486,28.539177806343673,0.31712612115802963,0,0,88.72734056452845
181,0,Georgia,Midville,11/1/2007,4030,9/19/2016,150,0.01,89,193,1258.34,64.95457355314258,14.59577546896303,20.540285235356876,19.829753173705914,0.29058132729274866,0,0,
182,0,Georgia,Tifton,2/21/2008,Withstand,7/13/2016,305,0.01,627,232,1252.49,52.48562312086295,27.48725,18.610795646364902,28.204190495787067,0.27887826101294305,0,1,
183,393,Kentucky,Tifton,11/1/2007,55V50,6/25/2009,188,0.68,89,30,508.86,97.22866195828392,16.676252604929715,17.148635755443,27.838196575337374,0.22926805389372437,0,0,89.22954355758031
184,0,Georgia,Lexington,11/1/2007,Hybri Force 600,9/13/2010,139,0.6,89,220,997.79,120.79160085508889,27.48725,20.0462446457853,29.938026993003646,0.12631182761655732,0,0,
185,1255,Kentucky,Lexington,8/9/2012,FSG-426,7/13/2016,136,0.24,89,185,612.39,82.08519828649918,10.77654139581265,10.326133624064381,16.678596645136516,0.378285714,1,1,98.66209682639854
186,31,Kentucky,Lexington,10/10/2007,GA-505,8/8/2017,198,1.92,1219,141,963.43,218.53035961182448,23.140269496860324,14.665624917688818,27.817579947923278,0.378285714,1,0,99.29077191984992
187,1280,Kentucky,Lexington,4/5/2016,Evermore,5/10/2018,247,1.09,1081,27,649.76,41.1,20.402548672153486,17.58111227108255,28.13772032139101,0.26648123386360917,0,0,99.10263844144072
188,664,Kentucky,Lexington,3/31/2015,4030,7/12/2013,179,0.77,2225,27,778.78,41.1,20.601350946092843,10.080658647222194,26.64868914143007,0.3398853868366762,1,0,97.63931588232103
189,1052,Georgia,Athens,10/10/2007,Bara 503,10/22/2009,341,2.35,285,45,678.91,111.01079783812227,27.48725,5.338560612844546,28.907642546197756,0.12584734701422767,0,1,41.86666667
190,0,Georgia,Athens,10/10/2007,LS 905,11/1/2010,194,1.68,323,49,766.27,72.27802360518014,27.48725,7.434295511407557,30.517435997733354,0.1544788294640869,0,0,
191,0,Georgia,Athens,10/10/2007,Phoenix,11/1/2010,196,1.59,263,245,1261.64,176.12188025161134,22.509990218375428,3.9436,30.324461144980713,0.1499934781027849,0,1,
192,1296,Georgia,Tifton,10/10/2007,Rebound 6XT,9/13/2018,149,0.78,89,76,930.27,41.1,27.48725,16.50129404372725,23.974121963094273,0.1937997561711613,0,0,
193,1289,Georgia,Tifton,4/5/2017,Contender,5/2/2017,163,1.92,1533,190,692.97,53.12801192421681,13.001678658501026,19.306439295060333,30.886714077360903,0.30140843249399357,0,0,87.362686998576
194,757,Georgia,Athens,3/31/2015,Bara 503,4/15/2009,222,1.05,541,27,979.03,97.38921273912015,15.058366242654916,10.76429727263656,29.636823964800154,0.3043184712558158,0,0,92.6543714041316
195,10,Georgia,Tifton,2/21/2008,PGI 801,6/26/2009,246,0.15,440,73,935.75,58.740090951758795,22.28170297760812,4.026044534419792,33.53659091,0.095333333,0,1,
196,0,Georgia,Athens,11/1/2007,Hybri Force 600,7/8/2017,131,0.58,89,118,721.16,146.95249180318632,27.48725,21.63518263664367,29.538455606821888,0.095333333,0,1,
197,0,Georgia,Athens,2/21/2008,BaraWet 501,7/30/2010,127,1.05,1028,74,1141.36,97.13817656840854,14.051172528968966,13.506865725308154,29.423432301670424,0.1932492990837254,0,1,
198,613,Kentucky,Lexington,3/31/2015,BaraWet 501,5/10/2018,233,0.01,2225,29,789.46,105.93994758167103,23.063038133780594,3.9436,26.815435083832348,0.3010645138067418,0,0,95.15605989994711
199,919,Georgia,Lexington,8/9/2012,Caliber,11/4/2009,109,0.3,1136,194,1149.39,72.57711248165444,20.264031461395348,7.899846006846257,30.173300831890423,0.2015365499313127,1,0,
