,Unnamed: 0,State,City,Date Sown,Variety,Date of Cut,Julian Day,Yield (tons/acre),Time Since Sown (Days),Time Since Last Harvest (Days),Total Radiation (MJ/m^2),Total Rainfall (mm),Avg Air Temp (C),Avg Min Temp (C),Avg Max Temp (C),Avg Soil Moisture (%),Harvested in Sown Year,First Date of Season,Percent Cover (%),Unnamed: 19,Class
0,834,Kentucky,Lexington,8/9/2012,Caliber,6/10/2014,159,1.58,208,33,718.14,104.3,18.76369592000618,14.004561217356713,23.98690726907682,0.2899319766731437,0,0,98.24638459111041,,1
1,896,Kentucky,Lexington,8/9/2012,Evermore,7/13/2016,163,2.03,1037,33,760.95,110.5,23.650190140246,17.716337837166442,28.1707740676794,0.28201205712043964,0,0,99.32879520017708,,1
2,1594,Kentucky,Lexington,4/5/2016,Caliber,7/16/2015,224,1.48,107,35,821.46,90.6,24.069366419005096,17.58346552291164,27.926517805161673,0.33830126356533696,0,0,93.08750368555772,,1
3,1173,Kentucky,Lexington,3/31/2015,Saranac AR,9/12/2018,257,0.94,1796,35,672.14,88.2,22.733398158616613,18.546544904960516,27.720709908642156,0.2853463888754133,0,0,92.85866897425014,,0
4,1141,Kentucky,Lexington,3/31/2015,Saranac AR,7/17/2015,193,0.35,195,101,1008.81,135.1,22.914137081280344,18.510956042520434,27.922897152793077,0.20573529399999999,1,1,96.32185523999702,,0
5,1620,Kentucky,Lexington,4/5/2016,Ameristand 403T Plus,8/17/2017,227,0.97,89,33,677.7,166.8,24.320752492118377,18.271775100447865,28.118466358880983,0.2580883401491234,1,0,89.04844860066477,,0
6,1646,Kentucky,Lexington,4/5/2016,Caliber,8/13/2018,254,1.42,671,30,673.28,93.8,22.734413206463774,18.20561168950245,27.570688825205846,0.3455682264573471,0,0,91.44554721486458,,1
7,936,Kentucky,Lexington,8/9/2012,55V50,8/15/2014,258,0.61,928,32,622.77,140.3,22.742169722533472,17.374855880349028,27.38928197948327,0.3035984863384023,0,0,98.30863746658696,,0
8,937,Kentucky,Lexington,8/9/2012,CW 085028,8/12/2013,193,1.05,1217,32,677.93,119.2,23.168276310021145,17.622044967860248,27.28393945087253,0.3260068276846678,0,0,97.96064659925896,,1
9,1001,Kentucky,Lexington,8/9/2012,Saranac AR,9/18/2014,258,0.55,306,34,563.47,104.7,22.68753834792886,19.639314547364933,26.985001131366936,0.20573529399999999,0,0,96.93477374838828,,0
10,1178,Kentucky,Lexington,3/31/2015,Saranac AR,9/19/2016,228,0.42,823,34,592.71,93.4,23.41248553166932,18.7259179431755,29.765218892281947,0.27765601978371934,0,0,91.1428680290102,,0
11,1189,Kentucky,Lexington,3/31/2015,Saranac AR,5/10/2018,127,0.85,573,32,769.28,236.6,11.650993499135234,6.0603116593191695,16.145879351024185,0.34026925451879647,0,1,93.38140763939303,,0
12,924,Kentucky,Lexington,8/9/2012,Saranac AR,8/13/2015,194,1.43,573,29,828.58,153.4,23.72295983830071,18.13093512815043,27.751409060978002,0.33083880058865417,0,0,96.33075573878108,,1
13,1508,Kentucky,Lexington,4/5/2016,Ameristand 403T Plus,8/13/2018,221,1.03,839,33,671.98,213.9,23.16972922601202,17.79200082584675,27.751028221087626,0.2767671003663375,0,0,89.31560881986617,,1
14,1153,Kentucky,Lexington,8/9/2012,Saranac AR,8/8/2017,226,0.88,421,33,692.31,107.2,23.1606874212043,18.95281470311191,27.891011763937023,0.2619211081708399,0,0,93.55606865148633,,1
15,1160,Kentucky,Lexington,8/9/2012,Evermore,6/6/2017,161,1.72,312,34,636.72,152.4,19.264411487329618,12.667281108031617,24.475229154491426,0.34291645054586406,0,0,92.43716601594019,,1
16,902,Kentucky,Lexington,8/9/2012,Caliber,6/6/2017,161,2.0,215,31,677.71,130.2,18.890408457892363,12.853704800228924,23.996670280772435,0.3239468369823212,0,0,91.47189129461832,,1
17,1453,Kentucky,Lexington,4/5/2016,Contender,8/13/2018,256,0.82,421,35,699.32,101.5,22.861921034877902,17.257967878572714,27.84999056083085,0.27617733474318235,0,0,92.62688197630295,,0
18,886,Kentucky,Lexington,8/9/2012,Evermore,8/13/2015,224,1.13,706,31,593.03,101.7,23.866278038816038,20.433004960584714,28.95894334714011,0.3242698313163126,0,0,97.70385365745287,,1
19,1502,Kentucky,Lexington,4/5/2016,Caliber,8/13/2018,224,1.75,956,37,701.28,116.5,22.95415065173698,17.934847986054205,28.171295558322907,0.25345817777053464,0,0,94.03183314695215,,1
20,906,Kentucky,Lexington,8/9/2012,Caliber,8/13/2015,226,1.9,568,32,671.67,169.1,20.40744095342907,20.98888889,24.745982513210915,0.32042041641072855,0,0,95.98371012833894,,1
21,1536,Kentucky,Lexington,4/5/2016,NF11ALF006,9/14/2017,227,0.4,137,33,663.81,151.6,23.550396388609226,19.1755726094607,30.13241157883867,0.25877351160222783,1,0,92.59164978544955,,0
22,1530,Kentucky,Lexington,4/5/2016,Contender,5/6/2016,134,1.64,586,246,774.09,108.3,12.558305113674134,6.042855764492111,17.21735865429707,0.25239963183271635,0,1,92.34440870023572,,1
23,939,Kentucky,Lexington,8/9/2012,Saranac AR,7/12/2013,189,1.78,440,31,622.09,129.7,22.605765930704848,18.0200108174525,28.126747437089417,0.3171241180543266,0,0,97.77641247659258,,1
24,1412,Kentucky,Lexington,8/9/2012,Saranac AR,7/13/2016,196,1.87,804,35,839.27,122.8,22.118367268654932,17.879038309264143,28.02863803413597,0.26945439360475504,0,0,91.98019204751392,,1
25,1036,Kentucky,Lexington,8/9/2012,Saranac AR,5/10/2018,127,1.88,348,215,845.93,245.0,11.252030683109064,6.159297042604849,16.808964350235275,0.35696892442730255,0,1,99.0116562108185,,1
26,980,Kentucky,Lexington,8/9/2012,GA-ALFG-1,9/19/2016,224,0.72,2225,33,649.08,120.1,23.825320401475814,18.40979941331909,27.648329004069776,0.2801435622780345,0,0,85.579556343313,,0
27,1357,Kentucky,Lexington,8/9/2012,Saranac AR,9/12/2018,255,0.47,1273,32,480.5,107.9,22.55254891079094,18.443327349874593,27.031444343588348,0.2794977909636473,0,0,96.09472069652578,,0
28,1295,Kentucky,Lexington,8/9/2012,Saranac AR,5/6/2016,129,1.68,1334,220,810.22,187.1,12.08167630817705,6.168801965546592,17.287271810008217,0.30270175203752137,0,1,90.55411695160657,,1
29,1564,Kentucky,Lexington,4/5/2016,Caliber,6/13/2018,193,1.35,350,31,694.37,117.8,23.575543897189757,18.45409319261103,28.608387018679057,0.25584074914035015,0,0,95.56775120825289,,1
30,1330,Kentucky,Lexington,8/9/2012,Saranac AR,9/15/2017,260,0.61,240,33,690.11,75.4,19.90190118834528,13.297155681059335,24.104028977635444,0.2821670730535931,0,0,96.51432418850273,,0
31,1603,Kentucky,Lexington,4/5/2016,Saranac AR,7/13/2016,226,1.75,347,33,792.87,103.4,23.421838736389407,18.32809286482148,28.17267653404245,0.2669751269631385,0,0,94.09057684740387,,1
32,1531,Kentucky,Lexington,4/5/2016,Saranac AR,8/13/2018,224,0.77,547,31,680.26,109.5,23.55053653488249,18.615500436642865,27.665027516187916,0.26675449472586793,0,0,91.78971360874915,,0
33,865,Kentucky,Lexington,8/9/2012,55V50,9/15/2017,225,1.77,1043,34,657.46,178.4,20.673922395200695,16.29775895131671,24.91847389797112,0.3138432293152834,0,0,95.18726025368895,,1
34,1523,Kentucky,Lexington,4/5/2016,Caliber,5/2/2017,122,1.72,338,229,830.9,148.9,13.13044202225953,8.675996866871934,19.156146960012492,0.3159236410679279,0,1,90.64586066210808,,1
35,1119,Kentucky,Lexington,3/31/2015,Ameristand 403T Plus,8/18/2016,227,1.01,368,33,701.63,113.2,24.18742228608957,19.95560593469794,28.96393696921689,0.2872256750056922,0,0,92.35146839831013,,1
36,947,Kentucky,Lexington,8/9/2012,CW 085028,9/15/2017,258,1.28,1280,35,696.9,113.3,23.90399847896395,13.04866781029976,24.740024665895405,0.2856788591552726,0,0,97.22605072957846,,0
37,1642,Kentucky,Lexington,4/5/2016,Saranac AR,8/8/2017,222,2.1,863,32,678.14,114.2,23.2543802253201,18.18412951460523,27.711881997256175,0.24730909027717987,0,0,94.99601817128347,,0
38,876,Kentucky,Lexington,3/31/2015,Caliber,9/16/2013,261,0.64,167,35,649.75,101.3,22.93911683315394,14.401824301859175,27.762330736478454,0.31868735053447145,0,0,92.3440635922806,,0
39,1466,Kentucky,Lexington,4/5/2016,Contender,9/15/2017,255,0.76,258,32,711.01,133.5,19.814285984863012,16.68403946720353,24.788551133854195,0.2640957755342818,0,0,92.09548628458121,,0
40,1276,Kentucky,Lexington,3/31/2015,Saranac AR,5/6/2016,124,1.64,109,226,924.55,116.3,23.006935650393125,18.049567397544248,16.285231143379608,0.2645201671999133,0,1,92.4841246458163,,1
41,1468,Kentucky,Lexington,4/5/2016,Ameristand 403T Plus,7/10/2018,126,0.8,539,32,756.78,99.1,13.275181486670686,7.8747396397754015,18.42392221568704,0.299100719581172,0,0,93.31858812831912,,0
42,906,Kentucky,Lexington,3/31/2015,Caliber,7/17/2014,196,0.79,385,35,1089.09,137.4,23.575398653516775,19.36913701913267,28.86239859331029,0.2115569445905738,1,0,100.0,,0
43,1544,Kentucky,Lexington,4/5/2016,Caliber,5/2/2017,123,1.8,450,237,851.79,156.1,12.872858847212195,6.487206510337548,19.221168351080042,0.31780437102585307,0,1,93.80673690665068,,1
44,1500,Kentucky,Lexington,4/5/2016,Contender,8/8/2017,189,1.05,322,30,665.69,186.3,23.03262672901636,18.4517744920904,27.85601168193298,0.2665800077063773,0,0,95.46047928280187,,1
45,1340,Kentucky,Lexington,3/31/2015,Saranac AR,9/15/2017,259,0.56,486,35,689.4,100.0,19.926945698300493,16.090587773049148,24.669735639473505,0.27945423906794026,0,0,93.29097924926187,,0
46,1544,Kentucky,Lexington,4/5/2016,Ameristand 403T Plus,5/6/2016,126,0.86,285,221,798.57,232.9,12.871791507412391,7.622155306610644,18.27108215302702,0.2793745005912629,0,1,96.09227207493923,,0
47,1436,Kentucky,Lexington,3/31/2015,Saranac AR,7/8/2017,255,0.74,1310,31,520.59,219.6,22.442198189092892,18.6533382155555,26.995877860048992,0.26642441805684397,0,0,90.58446931923574,,0
48,934,Kentucky,Lexington,8/9/2012,Arc,8/13/2018,222,0.5,2225,34,678.85,99.8,22.270972441849644,18.611683830274117,28.10585644647246,0.3315043035452491,0,0,70.41082451629984,,0
49,1559,Kentucky,Lexington,4/5/2016,Saranac AR,5/2/2017,129,1.6,1025,213,698.7,138.6,13.271181576952458,6.8388744749104955,17.932198283606294,0.25128853030296394,0,1,92.20303213316849,,1
50,1054,Kentucky,Lexington,8/9/2012,Evermore,8/18/2016,226,1.02,280,27,596.0,163.3,24.16178585535624,20.98888889,28.507955294043988,0.2917554133906216,0,0,95.33316777570757,,0
51,895,Kentucky,Lexington,8/9/2012,Saranac AR,7/13/2016,134,1.74,1065,241,769.42,305.2,23.625064962029448,18.602815615201127,28.154982352545638,0.2761727784648716,0,1,93.65061329218753,,1
52,1589,Kentucky,Lexington,4/5/2016,Saranac AR,5/10/2018,129,1.46,233,226,735.43,237.4,12.054715139478628,6.252382514832303,16.301895451702315,0.2917043252616756,0,1,100.0,,1
53,1513,Kentucky,Lexington,3/31/2015,Saranac AR,8/13/2018,223,0.89,1001,35,692.24,103.6,23.60728672623139,18.424605026175072,27.943480737943148,0.2760342484551184,0,0,90.94082268309104,,1
54,1029,Kentucky,Lexington,8/9/2012,Evermore,8/12/2013,224,1.09,445,30,674.36,108.7,22.72361198766897,17.584601499957664,27.772638077545313,0.3446324829071057,0,0,99.87892207936552,,1
55,1276,Kentucky,Lexington,8/9/2012,Saranac AR,7/10/2018,190,0.48,2145,27,562.68,110.2,23.385957496308816,20.394887298906628,29.026673335074836,0.3058984875539183,0,0,80.85450802161948,,0
56,1528,Kentucky,Lexington,4/5/2017,NF11ALF006,9/13/2018,255,0.26,259,33,553.44,114.1,22.85467208489472,18.57220293252205,28.065393525060102,0.29022500829252423,0,0,89.15983766830358,,0
57,1247,Kentucky,Lexington,8/9/2012,Saranac AR,8/13/2018,190,1.08,1500,36,683.18,133.1,23.37413734248304,18.145142468842316,28.47400833186128,0.2824956586207942,0,0,93.2119152147492,,0
58,1616,Kentucky,Lexington,4/5/2016,NF11ALF006,7/8/2017,160,1.16,259,33,673.9,127.3,22.328251754670912,17.677082395763957,28.240532541488943,0.29988519841605826,0,0,92.45303114882536,,1
59,1325,Kentucky,Lexington,3/31/2015,Saranac AR,9/18/2014,259,0.94,324,33,826.52,223.7,22.165634807471005,17.57707988606379,27.066342270488693,0.35955020244219454,0,0,92.06099902955748,,0
60,972,Kentucky,Lexington,8/9/2012,4030,11/16/2012,293,0.97,321,102,622.24,238.4,11.031095198541719,5.308309324949417,15.91632653,0.34010560732587675,0,1,99.12485284291053,,1
61,1169,Kentucky,Lexington,8/9/2012,Saranac AR,7/8/2017,194,1.26,300,32,632.76,214.7,22.870578327380287,16.70359931259699,27.698989358353295,0.26997107004521403,0,0,92.02672778797334,,1
62,1259,Kentucky,Lexington,3/31/2015,Saranac AR,7/8/2017,258,1.79,1843,33,674.24,134.5,22.327296213443354,17.953369450138457,27.688295075077022,0.26099610683229324,0,0,91.00623394726493,,0
63,1314,Kentucky,Lexington,3/31/2015,Saranac AR,7/10/2018,189,0.54,2225,31,476.88,133.3,23.481529348887843,19.2022972455552,30.004810793140628,0.2737397547800464,0,0,67.37631631339059,,0
64,1437,Kentucky,Lexington,3/31/2015,Caliber,9/16/2013,258,0.63,334,33,667.54,41.6,22.524266196097642,13.238564469261139,28.010672198023485,0.2890155879041004,0,0,93.59075443900915,,0
65,938,Kentucky,Lexington,8/9/2012,Saranac AR,5/8/2014,124,2.02,89,228,860.51,92.8,23.701208512406513,18.328720661338533,18.897241734638097,0.2902015267371441,0,1,98.85236244013005,,1
66,1498,Kentucky,Lexington,4/5/2016,NF11ALF006,9/14/2017,259,0.47,288,31,734.86,142.2,20.047429087504508,16.108988226584202,25.73078222354844,0.26376067415105986,1,1,90.30029379100237,,0
67,912,Kentucky,Lexington,8/9/2012,Evermore,7/12/2013,191,1.26,156,202,574.5,273.8,12.029308469670767,6.534646825565002,16.274160898290255,0.378285714,0,1,99.64538875459229,,1
68,923,Kentucky,Lexington,4/5/2016,Caliber,5/2/2017,127,1.6,392,221,722.5,149.9,12.880119107584504,6.537187676064105,19.30667502588522,0.31429938027054666,0,1,100.0,,1
69,901,Kentucky,Lexington,8/9/2012,Saranac AR,9/16/2013,260,0.81,89,35,669.38,96.0,23.14884983219241,15.006287729303004,28.180408958906565,0.22248441982866154,1,0,100.0,,0
70,1215,Kentucky,Lexington,8/9/2012,55V50,8/13/2018,225,1.63,1329,33,671.08,100.2,22.829429635728598,18.244843178062027,28.378401934672,0.2751915117764446,0,0,95.56826805812364,,0
71,822,Kentucky,Lexington,8/9/2012,Phoenix,9/16/2013,192,1.83,1086,31,686.66,109.3,22.50381128823149,18.157682276351988,27.858386159211033,0.2787039331292587,0,0,100.0,,1
72,1371,Kentucky,Lexington,4/5/2016,Caliber,5/2/2017,127,2.4,384,230,796.77,184.5,13.601882593943499,6.918515543111182,18.129640657914678,0.318754311863752,0,1,94.73776064185839,,1
73,1299,Kentucky,Lexington,3/31/2015,Saranac AR,7/8/2017,191,0.59,440,31,709.14,169.0,21.942354928806946,17.799482044999934,26.846047947008298,0.2730589102292998,0,0,91.7548692879071,,0
74,980,Kentucky,Lexington,8/9/2012,Saranac AR,8/18/2016,130,1.91,116,240,842.21,171.0,13.217838382483537,7.244181074505118,17.298338372676525,0.2864712178404338,0,1,90.092271825998,,1
75,894,Kentucky,Lexington,8/9/2012,55V50,6/12/2013,161,1.46,305,32,602.3,100.0,19.733342261363394,15.705619686322713,24.7607867604849,0.32170611613894834,0,0,98.66650959054671,,1
76,1035,Kentucky,Lexington,8/9/2012,Radiance HD,7/13/2016,194,1.27,1043,32,662.1,89.7,23.330232150306752,18.197329103876744,28.265971220269233,0.20573529399999999,0,0,100.0,,1
77,1286,Kentucky,Lexington,3/31/2015,Saranac AR,8/13/2018,259,0.5,2203,35,778.6,228.3,22.318430399838842,18.07527749442827,27.80821316061796,0.26768229741306,0,0,82.50744327155945,,0
78,1293,Kentucky,Lexington,8/9/2012,Saranac AR,7/8/2017,259,0.25,1803,31,720.3,101.0,22.479979154454927,17.261092103689638,27.851109611261073,0.2633007517626414,0,0,92.65787966201582,,0
79,880,Kentucky,Lexington,8/9/2012,Saranac AR,8/18/2016,223,1.16,221,32,674.27,164.7,24.59248150031557,20.98888889,29.654060350554175,0.2784001031006177,0,0,90.0582603896604,,1
80,1667,Kentucky,Lexington,4/5/2016,Caliber,8/8/2017,225,1.35,332,30,663.03,97.1,22.491309907101307,17.766110079220425,27.54436430601708,0.285971766134714,0,0,95.77959783225525,,1
81,1112,Kentucky,Lexington,8/9/2012,Saranac AR,9/16/2013,258,0.66,371,33,582.72,106.5,23.263940342524442,13.242953585424655,27.88302948855392,0.21185619150270035,0,0,100.0,,0
82,1137,Kentucky,Lexington,3/31/2015,Saranac AR,5/10/2018,128,0.88,227,33,748.0,230.5,21.913794349664055,17.23724613447207,27.04259966636439,0.36370978720342784,0,0,92.87134612630757,,0
83,1201,Kentucky,Lexington,3/31/2015,Saranac AR,7/8/2017,193,1.02,97,36,665.82,209.7,21.92559102861805,17.336682917917248,27.40059004746125,0.3146376708709038,0,0,93.69796459869329,,0
84,1679,Kentucky,Lexington,4/5/2016,NF11ALF006,9/14/2017,226,0.88,268,33,744.68,90.3,24.402375371186746,20.308074651486844,29.62538044070872,0.2784087559989674,1,0,94.04282475952463,,0
85,1602,Kentucky,Lexington,4/5/2016,Ameristand 403T Plus,8/13/2018,224,1.1,487,33,665.46,133.2,23.606594693862522,18.20377333052248,27.594874980202533,0.24866990930976934,0,0,96.97049661515015,,1
86,955,Kentucky,Lexington,8/9/2012,Caliber,8/15/2014,190,1.06,111,32,632.15,100.7,21.530749770256012,17.338891664794527,27.080570694392925,0.21817251607344337,0,0,99.04095735626817,,0
87,1266,Kentucky,Lexington,8/9/2012,Saranac AR,6/11/2018,161,1.27,899,33,667.46,113.2,22.782949693952585,17.831184283518724,27.74619227058605,0.2693380832817451,0,0,96.31961174068127,,1
88,1117,Kentucky,Lexington,8/9/2012,Saranac AR,5/10/2018,126,0.42,2225,30,725.28,215.2,22.530736684192092,6.949310448044374,17.319453983916212,0.37292576444340725,0,1,71.36677084225593,,0
89,1414,Kentucky,Lexington,3/31/2015,Saranac AR,7/8/2017,159,1.85,1463,36,677.46,135.0,22.190551899595587,13.734820447763905,23.33932502341538,0.2525192051420268,0,0,90.56199876682133,,1
90,1162,Kentucky,Lexington,3/31/2015,Saranac AR,8/13/2018,258,0.7,1413,35,674.44,85.2,22.789002841621656,13.229802172781126,27.96600475818749,0.27011479953229184,0,0,95.03446477155944,,0
91,1600,Kentucky,Lexington,3/31/2015,Saranac AR,8/8/2017,223,1.74,468,34,693.22,105.6,22.858352837447992,18.341770456374395,28.05597180376089,0.2722342815968264,0,0,91.36492629408048,,0
92,862,Kentucky,Lexington,8/9/2012,Evermore,8/13/2015,195,1.01,252,30,610.94,116.8,23.71417546502401,18.40216741576781,27.842160929090007,0.238550737765619,0,0,99.97236795736889,,1
93,1384,Kentucky,Lexington,4/5/2016,Caliber,8/8/2017,222,1.22,104,32,720.54,156.4,22.711454509309675,17.591449710139553,27.83717970160553,0.2784179274733687,0,0,92.5004793277387,,0
94,1274,Kentucky,Lexington,4/5/2016,Caliber,5/2/2017,127,1.76,266,227,818.16,157.1,20.534757839733814,16.192410178040895,18.65131640662707,0.3449051684828466,0,1,94.42769593353668,,1
95,1545,Kentucky,Lexington,4/5/2016,Ameristand 403T Plus,7/10/2018,224,0.63,129,32,859.91,174.4,23.82279610161063,20.011370786454744,30.23792766030214,0.28772056973763427,1,1,94.22061107141563,,0
96,1072,Kentucky,Lexington,8/9/2012,Caliber,9/15/2017,163,1.19,1506,34,696.13,119.0,19.697786348582323,13.928758588876104,24.765356411971258,0.2731692415490457,0,0,89.77906692185282,,1
97,1191,Kentucky,Lexington,8/9/2012,Caliber,7/8/2017,188,0.91,201,31,643.33,177.1,21.691719096469217,11.733404494926875,26.786851478162287,0.31321896511955083,0,0,90.37026585855682,,1
98,1576,Kentucky,Lexington,4/5/2016,Caliber,7/10/2018,193,1.19,837,31,693.29,118.6,24.01742691746323,20.603146377162425,29.314064363182744,0.27498482441236566,0,0,94.75582892478718,,1
99,1030,Kentucky,Lexington,8/9/2012,Saranac AR,9/16/2013,257,0.69,1002,32,702.78,115.4,23.04256333795909,18.53313994373101,28.153165067491265,0.23381104589523086,0,0,98.69163893954953,,0
100,889,Kentucky,Lexington,8/9/2012,4030,6/9/2016,160,0.9,1572,32,658.72,91.2,17.959096299685577,13.372025694954004,23.799900132797116,0.33111484295861326,0,0,97.363256374111,,1
101,1048,Kentucky,Lexington,8/9/2012,Saranac AR,5/2/2017,129,1.39,1244,231,797.48,149.9,12.904470965758888,8.204713525192373,18.662797896682545,0.3470233163646806,0,1,92.43346632938167,,1
102,1577,Kentucky,Lexington,4/5/2016,Caliber,9/15/2017,163,1.79,890,37,748.21,93.0,20.271365914602903,14.383068113183759,25.3069138474319,0.28075198188400297,0,0,95.84639609614756,,1
103,1255,Kentucky,Lexington,8/9/2012,Saranac AR,7/13/2016,225,1.02,1489,34,752.44,100.3,22.58955229274738,18.222027534102484,28.036702744898616,0.2739896731533192,0,0,94.69447687141022,,1
104,822,Kentucky,Lexington,8/9/2012,Phoenix,6/11/2018,189,1.25,1517,30,660.51,104.2,22.90832779933854,17.98772829453271,27.661027177208947,0.275420445798066,0,0,95.91225284861669,,1
105,991,Kentucky,Lexington,8/9/2012,CW 085028,6/9/2016,258,1.03,134,36,607.05,87.9,18.517830915281905,14.205355648648988,23.677553410747922,0.30748505647915175,0,0,98.04393753547761,,1
106,1269,Kentucky,Lexington,8/9/2012,Saranac AR,9/14/2017,258,0.59,1805,34,676.47,85.9,23.42402634039812,18.161823712606726,28.32284088615876,0.2666895963688443,0,0,87.28251847504491,,0
107,1592,Kentucky,Lexington,4/5/2016,Contender,6/13/2018,163,1.38,1068,33,796.87,123.3,22.82552087113829,17.793621175452692,27.88018143629273,0.2692117518225606,0,0,90.85508745984089,,1
108,1478,Kentucky,Lexington,4/5/2016,Saranac AR,8/18/2016,221,1.62,227,34,836.75,144.8,13.29789030296827,19.08155551526851,30.45,0.2698137225697876,0,0,92.77994155669946,,1
109,1450,Kentucky,Lexington,8/9/2012,Saranac AR,7/13/2016,193,0.69,1160,33,751.89,93.7,23.86968851945553,19.0844182099966,28.658563483982775,0.24410679628177068,0,0,92.40177361623898,,0
110,1558,Kentucky,Lexington,4/5/2016,Ameristand 403T Plus,6/13/2018,192,1.54,294,32,682.23,144.4,22.735350592383067,17.28381414095416,28.15149728310921,0.27065361144106764,0,0,94.41844321702332,,1
111,1143,Kentucky,Lexington,3/31/2015,Saranac AR,7/8/2017,227,0.86,89,38,900.26,131.8,21.951120206423887,17.787119624341486,27.263315847122865,0.2625387781381879,0,0,90.685157225821,,0
112,1233,Kentucky,Lexington,4/5/2016,Saranac AR,5/2/2017,124,1.82,89,221,812.82,170.6,12.962289030115492,7.758746891996513,18.330703953782802,0.3383197535343198,1,1,93.65368514344684,,1
113,1622,Kentucky,Lexington,4/5/2016,NF11ALF006,7/10/2018,192,0.47,130,32,642.35,159.4,23.6664622489121,20.98888889,29.79886089808264,0.28014482810791275,1,1,94.04677061586982,,0
114,822,Kentucky,Lexington,8/9/2012,GA-ALFG-1,9/16/2015,259,0.43,1059,32,706.04,66.6,23.482603199713783,15.206730559894908,28.07095691669796,0.21607207858363978,0,0,95.91226687455293,,0
115,991,Kentucky,Lexington,8/9/2012,Saranac AR,7/13/2016,164,1.59,837,35,827.71,125.5,23.948113075820658,18.306859514215457,28.52757159949678,0.2677716051511206,0,0,95.85895426805493,,1
116,939,Kentucky,Lexington,8/9/2012,55V50,8/13/2015,193,1.48,554,31,613.44,167.6,23.46310805559601,18.33581166601135,28.21621999563782,0.3086932508887535,0,0,97.3334204733992,,1
117,918,Kentucky,Lexington,8/9/2012,Saranac AR,7/16/2015,195,1.78,650,35,786.08,290.5,23.537757466880443,18.608697645755402,28.14907505813377,0.2842503361740202,0,0,99.29148168411882,,1
118,1469,Kentucky,Lexington,8/9/2012,Saranac AR,7/10/2018,192,0.63,1377,31,662.11,88.4,23.821689285025368,18.471995947451443,30.227017144326908,0.2602574737922418,0,0,95.79310852228369,,0
119,1367,Kentucky,Lexington,8/9/2012,Saranac AR,7/13/2016,163,1.57,664,32,686.09,107.7,23.21811544078724,18.469131652693495,28.256927966885403,0.2698223287571647,0,0,95.54671404403051,,1
120,1363,Kentucky,Lexington,4/5/2016,Caliber,8/8/2017,223,1.14,187,32,717.99,152.9,23.649402583911414,18.2632928692721,28.060373132157196,0.24111255358171407,0,0,93.809964080805,,1
121,1449,Kentucky,Lexington,4/5/2016,Contender,8/8/2017,157,1.95,326,33,726.89,111.7,22.811179347019173,13.592937856423825,25.080814032551626,0.2669942532802641,0,0,91.50182544674088,,1
122,1433,Kentucky,Lexington,3/31/2015,Saranac AR,7/8/2017,191,1.32,290,33,680.57,149.1,21.79189800885739,17.36874319763172,27.183337007521963,0.2858360817844366,0,0,92.52211402117712,,1
123,1499,Kentucky,Lexington,4/5/2016,Caliber,7/8/2017,222,1.59,868,32,685.16,142.9,22.712931810255746,17.91834554185937,27.94797499652369,0.2543451508078512,0,0,94.51831200516091,,1
124,1352,Kentucky,Lexington,4/5/2016,Caliber,5/6/2016,226,1.46,356,36,706.71,173.5,23.929366676249938,18.47970018894589,29.233561544677677,0.2739785544863671,0,0,93.39700196228831,,1
125,1649,Kentucky,Lexington,4/5/2016,Caliber,6/6/2017,158,1.68,119,31,937.99,111.0,19.658821905504873,14.304789749419974,24.924234339914662,0.3083927721993122,0,0,93.20173075988109,,1
126,1439,Kentucky,Lexington,4/5/2016,Saranac AR,5/10/2018,126,1.79,399,221,838.58,237.6,12.29474781973333,6.9100728783152485,16.488797894580973,0.3697529575555254,0,1,93.23317346821983,,0
127,885,Kentucky,Lexington,8/9/2012,Arc,7/13/2016,191,1.31,908,34,706.89,106.1,23.373550598643348,18.51875725861477,28.599281565167228,0.3283032096131359,0,0,93.28341421010215,,0
128,1124,Kentucky,Lexington,8/9/2012,Saranac AR,7/10/2018,189,1.14,1740,31,791.07,125.0,24.130399864332144,17.645950923467332,29.449429747441222,0.26729862016974987,0,0,80.25129421374145,,1
129,905,Kentucky,Lexington,8/9/2012,55V50,8/12/2013,258,1.27,332,32,599.78,113.9,23.153601669581125,14.220020334869046,27.96016225191619,0.3143212756890335,0,0,96.45895701535402,,1
130,1471,Kentucky,Lexington,4/5/2016,Saranac AR,7/10/2018,193,0.61,443,31,523.94,165.8,23.256323457493387,18.447097728307124,28.44317514585448,0.3161973769970186,1,0,91.86049677166638,,0
131,1598,Kentucky,Lexington,4/5/2016,Ameristand 403T Plus,9/14/2017,225,0.55,89,34,678.93,133.0,24.02321122551774,19.88584057320133,29.933209323063128,0.2957132068306472,0,0,91.93411496442754,,0
132,909,Kentucky,Lexington,8/9/2012,Saranac AR,6/6/2017,160,1.54,1636,33,597.01,126.0,18.351298885775186,12.327140165145615,23.389961575859573,0.285170189019526,0,0,91.61415366128506,,1
133,1097,Kentucky,Lexington,8/9/2012,Arc,8/13/2018,223,0.6,2167,32,666.75,236.3,23.24705475211168,18.429944378106374,27.623995271786313,0.3202696432719241,0,0,77.11882385017546,,0
134,867,Kentucky,Lexington,8/9/2012,Caliber,8/12/2013,224,1.27,103,32,678.03,113.7,22.706234336028373,17.80361462891082,27.845262476813108,0.31572073913572557,0,0,97.04501846818724,,1
135,1219,Kentucky,Lexington,8/9/2012,Saranac AR,5/6/2016,129,1.97,1342,240,705.06,131.2,12.2115119340111,7.327847407511714,17.86376267137899,0.3452257562837877,0,1,92.5924854172079,,1
136,1634,Kentucky,Lexington,4/5/2016,Ameristand 403T Plus,7/10/2018,226,0.77,415,30,685.86,100.2,24.319639389631647,20.98888889,30.386650300045,0.27872165959786604,1,0,93.26767510781355,,0
137,1626,Kentucky,Lexington,4/5/2016,Saranac AR,7/8/2017,191,1.59,251,32,697.83,137.8,22.702350733809965,18.3680817251089,27.60701841568172,0.2534609965655833,0,0,89.8900607962541,,1
138,1268,Kentucky,Lexington,8/9/2012,Caliber,8/13/2018,227,1.13,1122,35,671.72,90.7,22.868231501151538,18.00745166763471,28.339073692817784,0.275657494470045,0,0,89.53489945164046,,0
139,1417,Kentucky,Lexington,4/5/2016,GA-505,9/15/2017,225,1.24,552,33,811.27,203.6,23.664889724012994,18.526552017055334,29.339992509229496,0.2950847302411626,0,0,94.13862446660264,,1
140,1302,Kentucky,Lexington,8/9/2012,Saranac AR,8/18/2016,130,1.66,243,236,775.6,175.4,13.129089141993557,8.465029172494368,18.72590382924487,0.2891625534193479,0,1,89.81597561996722,,1
141,1095,Kentucky,Lexington,4/5/2016,Caliber,7/13/2016,195,1.56,97,33,712.9,158.4,23.54236572215736,15.699714587817141,27.37854724475453,0.31933591843891235,0,0,99.73310054413565,,1
142,1524,Kentucky,Lexington,4/5/2016,Caliber,9/17/2015,259,0.63,242,33,627.38,92.7,22.798811163865796,12.814322333397794,27.600459508689784,0.2189526238374753,1,0,98.90605235528021,,0
143,1580,Kentucky,Lexington,4/5/2016,Saranac AR,6/6/2017,158,1.47,204,32,663.95,78.6,18.842756182085243,14.222246801788252,24.827946675393893,0.26558516966189116,0,0,89.24268871360084,,1
144,995,Kentucky,Lexington,8/9/2012,Evermore,8/13/2018,161,1.37,1925,35,664.93,116.5,22.921991967024173,17.12914166542938,27.839546173017286,0.28597513207591396,0,0,93.64310494143872,,1
145,1463,Kentucky,Lexington,4/5/2016,Evermore,8/18/2016,225,1.15,89,34,700.67,179.1,24.90811178631459,20.44720097594721,29.468030563887368,0.30260024619205717,1,0,94.37611365033293,,0
146,1314,Kentucky,Lexington,8/9/2012,Evermore,8/13/2018,224,1.15,1102,34,713.91,128.0,23.929935913563163,20.98888889,29.479242748003745,0.2709556661498911,0,0,97.43055201384139,,0
147,876,Kentucky,Lexington,8/9/2012,Saranac AR,8/13/2015,127,1.97,867,232,772.69,240.6,23.464615219396183,18.956164199401698,17.732840386557037,0.2771059032277895,0,0,92.23369888638229,,1
148,983,Kentucky,Lexington,8/9/2012,Evermore,5/8/2014,130,1.34,509,32,781.28,128.4,12.294078377677698,7.4024766587932325,19.78751858964195,0.3351090116989898,0,0,99.4965570072255,,1
149,953,Kentucky,Lexington,8/9/2012,Evermore,5/8/2014,126,1.47,123,206,789.12,233.2,12.051129419179999,5.458098101091996,18.024982093752325,0.33236155569314574,0,1,99.98227227772333,,1
150,1302,Kentucky,Lexington,8/9/2012,Saranac AR,9/12/2018,255,0.71,1659,30,476.88,154.7,23.203945730093885,18.336344467930644,28.51233735396086,0.3154343458060091,0,0,91.82650407249874,,0
151,1330,Kentucky,Lexington,8/9/2012,Radiance HD,9/16/2015,224,0.8,1973,35,690.63,116.6,22.35443998721745,18.481045612121733,28.015849464918688,0.2837694920614126,0,0,94.2251508493595,,0
152,1616,Kentucky,Lexington,4/5/2016,Evermore,8/14/2015,223,0.87,89,32,629.79,164.4,24.006148801951642,20.03559188637701,28.83082604484889,0.2864845545140398,1,0,96.90497968937464,,0
153,1141,Kentucky,Lexington,8/9/2012,Arc,9/12/2018,191,0.33,1880,30,700.11,182.9,22.39035963460201,18.04870858164874,27.701986656423866,0.31566920446739893,0,0,68.97652956073784,,0
154,1563,Kentucky,Lexington,4/5/2016,Contender,8/16/2016,228,1.43,236,32,676.2,172.4,23.81187651839243,20.98888889,29.901818100115715,0.2616246019533369,0,0,93.25532231799797,,1
155,1583,Kentucky,Lexington,4/5/2016,Caliber,5/2/2017,124,2.47,631,35,832.93,173.3,19.785816315045775,16.2288861042369,25.07161467972789,0.3239670912066899,0,0,91.14917907341874,,1
156,1488,Kentucky,Lexington,4/5/2016,NF11ALF006,9/14/2017,259,0.44,222,35,632.28,118.2,19.772496044771987,15.91682282132843,24.857757307307036,0.2892180380610321,0,0,92.0940968995662,,0
157,1629,Kentucky,Lexington,4/5/2016,Saranac AR,8/18/2016,224,1.05,242,34,678.68,141.5,24.03958332705924,19.106103008312196,29.622983598072242,0.27469991892126355,0,0,92.04562737008192,,1
158,1126,Kentucky,Lexington,8/9/2012,Caliber,5/6/2016,126,1.71,261,221,813.04,71.2,12.546244222018633,5.339812984055552,16.626690360894383,0.36645194144845833,0,1,98.97157976483871,,1
159,822,Kentucky,Lexington,8/9/2012,Caliber,6/6/2017,157,1.89,251,34,702.48,104.9,18.624186070640768,12.77056769746741,24.558787314395953,0.3340819932774832,0,0,92.14098070661622,,1
160,1476,Kentucky,Lexington,4/5/2016,Contender,9/15/2017,254,0.83,134,35,663.78,80.2,19.44942378362001,16.22264911348383,24.718540741735058,0.27000176534121273,0,0,89.92161184989158,,1
161,1560,Kentucky,Lexington,4/5/2016,Saranac AR,9/15/2017,163,1.55,379,32,691.45,81.8,24.17627284603358,17.982634720254428,24.956119136720908,0.2724787267640684,0,0,94.3644656523774,,1
162,1251,Kentucky,Lexington,8/9/2012,Saranac AR,8/18/2016,257,0.73,89,35,664.43,70.7,19.801365077161282,14.858643255081269,24.768460739002915,0.2797356646159817,0,0,93.79161309611474,,0
163,1151,Kentucky,Lexington,8/9/2012,Evermore,9/19/2016,224,0.54,89,31,679.34,98.4,23.34151761518758,16.91881028845792,28.6960351572596,0.26613488754627107,0,0,94.28502646295009,,0
164,1679,Kentucky,Lexington,4/5/2016,Ameristand 403T Plus,9/14/2017,259,0.6,505,36,698.25,89.8,19.709923789061804,16.082521759402724,24.564998974284215,0.2826036222730828,0,0,91.83572305022321,,0
165,1454,Kentucky,Lexington,4/5/2016,Saranac AR,6/13/2018,192,0.7,858,31,683.74,86.4,23.16651317907629,18.12357309234948,27.90587798614219,0.2770750434289741,0,0,90.11398710616473,,1
166,1193,Kentucky,Lexington,3/31/2015,Saranac AR,7/8/2017,257,0.66,170,33,513.61,111.0,22.090181660607165,18.57975046998082,27.46756983904516,0.28100777990318426,0,0,91.28975117682192,,0
167,1679,Kentucky,Lexington,4/5/2016,Saranac AR,7/10/2018,193,0.98,333,34,647.51,136.5,24.097861391937418,18.862323294464446,29.52761668038565,0.25919764644559895,0,0,94.23038496750378,,1
168,950,Kentucky,Lexington,8/9/2012,Withstand,7/13/2016,161,1.17,1687,35,696.67,88.1,22.071135471445952,17.239705766627054,27.762575658533954,0.27000108329773737,0,0,94.44622703694839,,1
169,1603,Kentucky,Lexington,4/5/2016,Caliber,7/10/2018,192,1.18,667,29,593.39,124.4,25.061341409736585,20.98888889,29.588315708445496,0.2564274662166259,0,0,91.67803074101344,,0
170,898,Kentucky,Lexington,8/9/2012,CW 065030,7/17/2014,193,0.87,165,32,700.97,135.7,23.3879705041113,18.485915765662956,28.326616506468746,0.24314988307373867,0,0,96.17352658353516,,1
171,1287,Kentucky,Lexington,8/9/2012,Saranac AR,8/18/2016,232,0.95,1098,36,733.55,165.2,24.52686436546601,19.24879386232283,30.45,0.30147072208887876,0,0,93.77163579965345,,1
172,903,Kentucky,Lexington,8/9/2012,Evermore,6/10/2014,160,1.96,299,34,696.65,129.0,19.117157497666415,11.306849628214556,24.371768983552887,0.31171465799330383,0,0,97.70921370639175,,1
173,827,Kentucky,Lexington,8/9/2012,Caliber,8/13/2018,223,0.62,1565,32,682.29,76.2,23.038681130300702,18.2592306242145,28.46279370304461,0.2638617306705659,0,0,92.60438326325027,,0
174,1263,Kentucky,Lexington,3/31/2015,Saranac AR,9/19/2016,260,0.78,445,34,688.28,115.3,23.185939583033267,18.710408925517537,28.08610820737893,0.27253345926980094,0,0,90.65121321742872,,0
175,1107,Kentucky,Lexington,8/9/2012,Caliber,9/16/2013,226,1.11,466,36,693.31,113.6,21.858674531565352,17.066435908785458,27.936152618784348,0.26907513260735405,0,0,97.49636078178118,,1
176,946,Kentucky,Lexington,8/9/2012,Caliber,9/19/2016,261,0.57,946,31,621.25,109.3,22.394132703076014,17.119356569062084,27.72417553062593,0.2512492709531317,0,0,93.24364824339341,,0
177,1646,Kentucky,Lexington,4/5/2016,Caliber,9/19/2016,225,0.79,277,30,687.0,158.5,23.1338359197519,18.99436356469481,28.181102874361848,0.24834284868070272,1,0,95.92207979275368,,0
178,1477,Kentucky,Lexington,3/31/2015,Saranac AR,5/10/2018,125,0.79,293,228,786.03,224.9,11.915232722816276,6.042801023948021,16.45510378932728,0.35442638241857766,0,1,94.90134905958836,,0
179,1549,Kentucky,Lexington,4/5/2016,Contender,5/2/2017,127,1.77,349,234,748.51,188.1,13.316474635332419,6.484312770998337,18.782164462666433,0.27384805827022995,0,1,92.92381617500608,,1
180,932,Kentucky,Lexington,8/9/2012,Phoenix,6/11/2018,192,0.98,1295,32,688.13,83.3,22.767118703945275,17.638542754206128,27.951659048966988,0.27179647273180096,0,0,97.64995010461402,,1
181,1647,Kentucky,Lexington,4/5/2016,Ameristand 403T Plus,7/8/2017,192,0.75,122,104,1090.65,164.1,22.42640244273408,13.85457363878298,27.58716860365396,0.27140407786865767,1,1,,,0
182,962,Kentucky,Lexington,8/9/2012,55V50,6/10/2014,161,1.31,823,31,859.28,105.7,20.090658314553316,13.563512144286962,24.791863584505066,0.3229225797893722,0,0,99.69772330268749,,1
183,1147,Kentucky,Lexington,8/9/2012,Saranac AR,9/15/2017,159,1.52,1951,34,700.68,119.1,19.38598849024326,15.081610100173295,24.751215552174536,0.29252748091249564,0,0,94.70820842967994,,1
184,1653,Kentucky,Lexington,3/31/2015,Saranac AR,6/13/2018,195,1.53,945,32,811.69,102.4,22.664781441372465,17.96751660130106,27.47770788693625,0.27124000824211547,0,0,90.66318348562379,,1
185,1296,Kentucky,Lexington,8/9/2012,Saranac AR,8/13/2018,254,0.5,2132,35,701.08,125.5,22.85434036976526,17.822628086590193,27.609814711457222,0.2649760362278198,0,0,73.16221749107265,,0
186,1010,Kentucky,Lexington,8/9/2012,Caliber,6/6/2017,161,1.84,224,32,662.78,103.2,18.90405099447766,14.299893235102573,24.601028638923708,0.31235077362697633,0,0,93.31185478847031,,1
187,1216,Kentucky,Lexington,3/31/2015,Saranac AR,9/19/2016,259,0.47,1108,29,692.97,108.0,21.611553953000893,18.470825119892474,28.14164825271213,0.2648145100681347,0,0,97.58545645880396,,0
188,958,Kentucky,Lexington,8/9/2012,Caliber,9/16/2015,258,0.65,297,30,704.55,98.0,23.280156524477828,15.371087241958444,27.53875738573148,0.2654362699492335,0,0,92.0876120956651,,0
189,907,Kentucky,Lexington,8/9/2012,Saranac AR,9/18/2014,259,0.96,764,34,688.25,119.8,22.657652854133,18.041616291112003,28.327576300340763,0.31877056687800953,0,0,95.44618889495024,,1
190,1601,Kentucky,Lexington,4/5/2016,NF11ALF006,7/8/2017,189,1.11,157,32,1021.83,82.0,23.108705205896765,19.512380871505645,27.848594587429815,0.2795328232659216,1,1,95.7138054337085,,1
191,1524,Kentucky,Lexington,4/5/2016,Ameristand 403T Plus,7/10/2018,225,0.87,421,33,573.5,116.4,23.793342906960646,20.356961955399175,29.156007130925634,0.27023756030017504,0,0,93.84484997840592,,0
192,1074,Kentucky,Lexington,3/31/2015,Saranac AR,7/8/2017,259,1.51,163,36,699.67,101.9,22.580125446886754,14.64065116573238,28.550706745729233,0.2709045432900658,0,0,90.44997437331135,,0
193,1549,Kentucky,Lexington,4/5/2016,Caliber,8/14/2015,227,0.59,215,31,555.77,116.4,23.120945479766803,17.983030107448638,28.5221163688411,0.35561633387200864,1,0,99.62764868366777,,0
194,1153,Kentucky,Lexington,8/9/2012,Saranac AR,6/6/2017,160,1.57,1742,33,673.31,121.1,18.995603696582084,14.692256164371452,24.04282851316425,0.25144556185868233,0,0,91.36552344013165,,1
195,917,Kentucky,Lexington,8/9/2012,55V50,7/16/2015,192,1.2,1020,29,647.12,149.2,23.34293688697612,18.654417011518348,28.07956874037383,0.31426677661480334,0,0,95.77757363982779,,1
196,1112,Kentucky,Lexington,8/9/2012,55V50,9/18/2014,228,0.94,877,32,603.46,117.7,23.463032173451648,17.68018431876728,27.346010665822185,0.2069644607542097,0,0,97.16231531232299,,1
197,1267,Kentucky,Lexington,3/31/2015,Saranac AR,7/10/2018,226,0.59,1140,29,595.77,102.1,23.74738622203552,19.78386023257593,30.437832581200798,0.3072331341836338,0,0,92.24865575112904,,0
198,1048,Kentucky,Lexington,8/9/2012,Caliber,5/8/2014,127,1.62,450,214,755.46,175.5,12.018821803287475,6.802839178498213,18.38234421467557,0.35736084849516403,0,1,95.50200019086068,,1
199,1226,Kentucky,Lexington,8/9/2012,Saranac AR,6/6/2017,157,1.51,1999,33,695.73,162.2,22.552854235441437,13.342733246995893,24.42772868316221,0.25081346455061004,0,0,93.81289694244573,,1
200,1138,Kentucky,Lexington,3/31/2015,Saranac AR,9/19/2016,261,0.31,292,34,599.53,87.6,23.66094423284835,20.877240025905063,28.742430847288738,0.28042265267128197,1,0,96.34586558581105,,0
201,824,Kentucky,Lexington,8/9/2012,4030,9/16/2013,258,0.9,1298,33,681.17,56.1,22.67798185400489,13.992926420875511,28.169851899556367,0.20573529399999999,0,0,97.12211021794748,,0
202,1501,Kentucky,Lexington,4/5/2016,Saranac AR,7/10/2018,193,1.63,415,32,586.44,150.3,23.921513699705642,17.47158343886703,28.96417653521213,0.2628368985286261,0,0,91.84855263511098,,0
203,1667,Kentucky,Lexington,4/5/2016,Saranac AR,8/13/2018,161,0.98,1664,33,689.35,91.9,22.722823980121316,17.42817153366399,27.523824292432806,0.25292450164464747,0,0,96.24426673335977,,1
204,925,Kentucky,Lexington,8/9/2012,Caliber,8/12/2013,223,0.69,1155,32,667.63,107.5,23.42065753559705,18.275353172082458,27.527658175022303,0.2728100206213958,0,0,93.46480123166808,,0
205,1679,Kentucky,Lexington,4/5/2016,NF11ALF006,8/8/2017,255,1.19,351,30,674.1,112.8,23.291320943869234,18.34319689019999,28.400135131706612,0.28226159015976526,0,0,92.3887373411078,,1
206,1606,Kentucky,Lexington,4/5/2016,Ameristand 403T Plus,7/10/2018,130,0.53,229,220,761.87,123.0,23.76752361995399,20.02513466962326,18.466292377158688,0.276503926739934,0,1,91.5114042458842,,0
207,906,Kentucky,Lexington,8/9/2012,Radiance HD,6/11/2015,162,1.83,223,32,705.97,110.2,19.917018148355922,14.559220275602565,24.640673813698392,0.35189530863869123,0,0,100.0,,1
208,1252,Kentucky,Lexington,4/5/2016,Saranac AR,9/17/2015,257,0.66,89,33,697.48,150.9,22.34948444664392,14.733881609236674,27.772878038757135,0.2788694083790847,1,0,90.96906324713068,,0
209,1616,Kentucky,Lexington,4/5/2017,NF11ALF006,9/14/2017,258,0.47,114,31,616.54,129.0,23.568007454704475,18.094414786826523,29.494256835814866,0.28644500102251824,1,0,94.02608560002555,,0
210,1391,Kentucky,Lexington,3/31/2015,Caliber,9/19/2016,261,0.51,269,34,569.08,81.9,23.017395564202864,17.912895113736337,26.520475841971816,0.2688624586038821,0,0,92.64855587842851,,0
211,1160,Kentucky,Lexington,3/31/2015,Saranac AR,8/13/2018,223,1.51,735,31,692.61,139.9,23.424495962601625,18.57154453639295,28.538868879918518,0.2771533848333079,0,0,94.74427476612362,,0
212,970,Kentucky,Lexington,8/9/2012,Evermore,7/12/2013,191,1.1,341,29,601.21,232.9,22.458134558712512,18.092280453266053,26.8527706478935,0.3373589266824277,0,0,97.72927936403214,,1
213,1277,Kentucky,Lexington,3/31/2015,Saranac AR,9/13/2018,257,0.47,428,31,476.88,88.1,23.335195143011283,15.40131543684632,27.6505725146896,0.3071061694620106,0,0,94.32389070395612,,0
214,988,Kentucky,Lexington,8/9/2012,Ameristand 403T,9/16/2015,256,0.8,1194,32,490.65,57.2,21.665290599176192,12.720161433140452,25.917500996516196,0.30248226313497206,0,0,95.20656057093588,,0
215,989,Kentucky,Lexington,3/31/2015,Caliber,8/13/2015,222,0.6,320,30,476.88,165.2,23.04734068923537,20.98888889,27.878045277982263,0.332681382755683,0,0,100.0,,0
216,1368,Kentucky,Lexington,8/9/2012,Saranac AR,8/12/2013,223,1.14,1260,34,670.79,116.4,23.03684861653855,13.793710644528728,27.40975530153133,0.32243227518370315,0,0,89.36176082068033,,0
217,1059,Kentucky,Lexington,3/31/2015,Saranac AR,9/19/2016,260,0.68,230,36,688.41,85.7,22.8069907617505,17.755116121926147,27.814748776586807,0.285497343380713,0,0,93.30662334149972,,0
218,880,Kentucky,Lexington,8/9/2012,Withstand,9/16/2013,192,1.15,89,33,696.31,109.6,21.841019618164307,17.088735786515954,26.88544370454847,0.23580205644602859,0,0,99.88020337130422,,1
219,906,Kentucky,Lexington,8/9/2012,Evermore,9/15/2017,224,1.09,294,30,597.69,98.1,19.512009934201913,18.40876504426346,24.915010137197424,0.27393845475748124,0,0,94.25484391957708,,0
220,1519,Kentucky,Lexington,4/5/2016,Contender,8/13/2018,225,1.15,147,35,658.29,132.0,23.063158274373855,17.903358497007094,27.792561425926834,0.28813372405039434,0,0,98.00288247919765,,1
221,1537,Kentucky,Lexington,4/5/2016,Ameristand 403T Plus,7/10/2018,193,0.6,210,30,734.01,97.9,23.52695929658361,19.580197804041426,27.975391368677283,0.27408808309451504,0,0,92.37399676613798,,0
222,1040,Kentucky,Lexington,8/9/2012,Caliber,8/12/2013,256,0.96,1211,31,699.42,108.9,19.074248281919886,14.898955029874616,24.352858224327676,0.3164573246428299,0,0,94.79680742376637,,1
223,1151,Kentucky,Lexington,3/31/2015,Caliber,5/2/2017,126,1.74,151,228,805.93,162.5,12.220776086447389,6.536880739753408,18.599786193965212,0.34726542441048597,0,1,93.28139925597074,,1
224,991,Kentucky,Lexington,8/9/2012,55V50,6/10/2014,159,1.72,1159,33,690.13,82.6,19.34377907226456,14.826928426336723,24.456047753152127,0.3131651936633699,0,0,98.2797466502468,,1
225,1132,Kentucky,Lexington,8/9/2012,Saranac AR,7/8/2017,256,0.54,1550,31,674.14,112.4,22.09417640723197,18.380853724549063,26.966973591663823,0.3281216347009151,0,0,93.47835381206504,,0
226,846,Kentucky,Lexington,8/9/2012,Withstand,8/15/2014,259,0.58,834,28,668.38,102.3,22.601069962201578,17.512268583153098,27.04869614133865,0.2086472359687339,0,0,98.88309697937353,,0
227,953,Kentucky,Lexington,8/9/2012,Caliber,9/18/2014,159,1.17,1135,35,654.22,119.8,22.716210656676175,17.430011799995277,27.19376188869387,0.2495526445473308,0,0,96.50725807028108,,1
228,1168,Kentucky,Lexington,8/9/2012,Phoenix,8/8/2017,221,0.84,1788,33,629.86,133.2,23.84500768538452,17.724198505425864,28.709796820052937,0.23438459700495815,0,0,89.2295845609995,,1
229,1344,Kentucky,Lexington,8/9/2012,Saranac AR,8/8/2017,161,0.61,1799,33,678.14,138.0,22.532586174113906,17.802869449321452,27.150967171238484,0.2689156305265489,0,0,89.18239363918494,,0
230,915,Kentucky,Lexington,8/9/2012,Caliber,8/13/2015,223,0.94,330,30,627.57,154.4,23.16361373174019,19.381063468027353,28.743668358270572,0.3350590074488557,0,0,95.95325763717042,,1
231,1399,Kentucky,Lexington,8/9/2012,Saranac AR,7/8/2017,188,1.01,227,33,580.95,165.9,21.577270495903942,12.50698838221419,26.298831453088514,0.308473268860116,0,0,90.73130908055407,,1
232,937,Kentucky,Lexington,8/9/2012,Saranac AR,7/16/2015,196,1.5,1361,34,797.56,101.6,23.61119356982617,18.453517164643497,28.647321557433543,0.30653521518505605,0,0,93.24429807676049,,1
233,1414,Kentucky,Lexington,8/9/2012,Saranac AR,8/8/2017,223,0.85,1826,32,691.71,129.0,22.868402595706858,18.18055775254635,27.602683796301434,0.2504299759350099,0,0,68.17829069582041,,0
234,1109,Kentucky,Lexington,3/31/2015,Saranac AR,8/13/2018,224,0.55,210,33,708.53,80.1,22.455167602769894,17.704595981547804,27.330258421455433,0.26929470782282267,0,0,89.4481859563607,,0
235,978,Kentucky,Lexington,8/9/2012,Saranac AR,5/2/2017,128,1.7,429,237,820.47,168.9,12.061635021854128,6.448413415794576,18.154064317749974,0.3257386374612558,0,1,91.47910333823225,,1
236,1032,Kentucky,Lexington,8/9/2012,Ameristand 403T,6/11/2015,159,1.54,1861,31,683.55,112.0,19.83320501581618,14.112952867663887,24.58880585857654,0.2983443892911328,0,0,92.70968192717166,,1
237,1569,Kentucky,Lexington,4/5/2016,NF11ALF006,7/10/2018,255,0.57,316,27,586.01,108.0,23.118413342391033,17.165504881508873,28.211402425301227,0.2575401150659018,1,0,89.80559378734048,,0
238,1120,Kentucky,Lexington,8/9/2012,Caliber,5/2/2017,124,1.48,283,229,875.94,121.6,12.695273578300677,5.985251205659679,17.77648880964889,0.324022046738765,0,1,89.5170860465164,,1
239,1309,Kentucky,Lexington,8/9/2012,Caliber,6/11/2015,161,1.74,1944,31,659.15,103.5,19.886873006155547,15.823650005045664,24.469006542990602,0.32359029762258135,0,0,88.7533801052031,,1
240,1298,Kentucky,Lexington,8/9/2012,Caliber,5/2/2017,127,1.69,1233,229,778.82,158.0,13.187243965322402,7.255074157036898,18.323705623393526,0.3212929783534443,0,1,94.87850649979865,,1
241,1112,Kentucky,Lexington,8/9/2012,Saranac AR,8/13/2015,222,0.53,939,35,651.98,87.2,23.941573793600828,18.534818366131564,28.109346363183512,0.26174529673735974,0,0,95.93989875695456,,1
242,1655,Kentucky,Lexington,4/5/2017,Ameristand 403T Plus,5/10/2018,125,0.8,278,37,829.77,262.9,22.541127606291063,18.032392531958866,26.914425873970938,0.27776586263793124,1,1,,,0
243,864,Kentucky,Lexington,8/9/2012,Caliber,8/13/2018,224,1.03,1805,33,667.0,89.4,23.306682387953792,17.806726502856034,28.883523497634876,0.26735748655196545,0,0,94.20037886196837,,1
244,1553,Kentucky,Lexington,4/5/2016,Saranac AR,8/13/2018,158,0.65,1181,35,865.37,92.8,23.18045703372263,17.01692085898012,24.6068134474,0.2888407467093136,0,0,89.52159549538763,,0
245,1371,Kentucky,Lexington,8/9/2012,Saranac AR,7/10/2018,193,0.31,1640,30,623.49,83.2,24.018215711897728,19.735558821249647,30.30490514757582,0.29752787921188434,0,0,75.6041234482853,,0
246,935,Kentucky,Lexington,8/9/2012,Saranac AR,5/6/2016,126,1.87,767,217,781.93,232.8,12.48879882261376,6.274718377881228,18.067047207631344,0.36399924431769637,0,1,88.4957636872977,,1
247,1301,Kentucky,Lexington,8/9/2012,Saranac AR,9/19/2016,223,0.59,861,31,728.23,163.3,23.853345579816175,18.983276804601243,27.740097926086747,0.27087922646545337,0,0,90.82610135410563,,0
248,941,Kentucky,Lexington,8/9/2012,Evermore,8/18/2016,225,1.11,259,33,709.92,160.7,23.98624935828571,20.98888889,29.255962200239455,0.2847856211110045,0,0,96.09204749595861,,1
249,1480,Kentucky,Lexington,4/5/2016,Contender,8/13/2018,225,0.75,284,31,575.0,131.5,22.36135001697908,18.076369236648524,27.900127282616218,0.25905298746715727,1,0,97.51883965622324,,0
250,1214,Kentucky,Lexington,8/9/2012,Saranac AR,8/8/2017,224,1.37,2036,32,703.16,107.9,23.2284159312501,17.347438625130476,28.105486992076454,0.2950544459844987,0,0,76.25783389550443,,1
251,1464,Kentucky,Lexington,4/5/2016,Caliber,7/13/2016,228,1.26,431,34,799.98,159.7,23.437922324109607,17.762012392358756,30.067548204716527,0.29081985855897946,0,0,94.24374883120646,,1
252,1072,Kentucky,Lexington,8/9/2012,Saranac AR,5/10/2018,163,1.06,960,36,799.61,239.7,22.2463261627475,17.47750921516734,27.187424871576706,0.30985078702861235,0,0,89.99741858685375,,1
253,1270,Kentucky,Lexington,8/9/2012,Saranac AR,5/6/2016,164,1.73,242,36,799.63,100.6,19.09518521258199,14.33358507729934,24.72634773445702,0.2674803892566872,0,0,92.80038598439458,,1
254,1035,Kentucky,Lexington,8/9/2012,Saranac AR,5/6/2016,125,1.51,760,235,693.78,86.6,12.685207539484894,5.618849190119889,17.199010618012693,0.26983887829359,0,0,94.12646754908869,,1
255,1520,Kentucky,Lexington,8/9/2012,Saranac AR,9/12/2018,222,0.65,2132,31,681.56,117.8,22.524614869940166,17.908477579010203,27.449807763891343,0.2535365463387547,0,0,73.505298644216,,0
256,895,Kentucky,Lexington,8/9/2012,Radiance HD,7/13/2016,195,0.88,439,31,683.65,107.5,22.98398637483056,18.019229603224147,27.65358031435879,0.2622596698671959,0,0,97.38710459308112,,1
257,908,Kentucky,Lexington,8/9/2012,55V50,9/16/2015,257,0.67,1905,35,650.15,84.7,19.83928149219006,15.364323981190264,23.988129092271752,0.3143636080975448,0,0,97.90353128063047,,0
258,1003,Kentucky,Lexington,8/9/2012,Phoenix,7/12/2013,225,0.94,1754,30,588.53,97.6,23.34048128107788,17.499615092696256,27.3497841719484,0.3482094401999799,0,0,91.87120953562719,,1
259,1587,Kentucky,Lexington,4/5/2016,Caliber,8/16/2016,227,1.17,376,34,724.33,180.7,24.648845998905855,20.98888889,30.45,0.27002826392275486,0,0,96.35350647530346,,1
260,1373,Kentucky,Lexington,4/5/2016,Evermore,8/18/2016,226,1.09,271,32,678.85,167.1,23.832065368900917,19.71873181817685,29.322726726210817,0.26472442621195713,0,0,93.76079009166274,,1
261,1579,Kentucky,Lexington,8/9/2012,Saranac AR,8/13/2018,257,0.72,1705,32,698.87,129.3,23.223050617652127,20.214465743399558,29.192029337484293,0.2807404936088664,0,0,78.06242856040386,,0
262,1279,Kentucky,Lexington,8/9/2012,Saranac AR,7/8/2017,254,0.4,1686,33,713.38,161.6,22.800495535692473,18.170373897936383,27.987240666712527,0.25541124230583073,0,0,90.25424950685984,,0
263,1095,Kentucky,Lexington,8/9/2012,Caliber,6/10/2014,161,1.66,831,33,700.54,75.5,22.909638186131208,13.165305735644573,27.010162258256667,0.33972754389938276,0,0,99.50148128442626,,1
264,1492,Kentucky,Lexington,4/5/2016,Saranac AR,7/10/2018,192,1.0,210,32,752.26,228.4,23.183084047682883,18.49773428279391,28.483879533671086,0.2735034996301498,0,1,95.005964740521,,0
265,943,Kentucky,Lexington,8/9/2012,Saranac AR,7/13/2016,194,1.76,325,32,638.6,92.4,23.814687575531295,18.6481416463207,28.925837435207804,0.2711630977828257,0,0,97.04735930410006,,1
266,1546,Kentucky,Lexington,4/5/2016,Saranac AR,8/13/2018,255,0.7,262,32,662.25,106.9,22.920314505126637,17.484801100898714,27.823835262122174,0.2879714274988308,0,0,95.55360509219182,,0
267,1626,Kentucky,Lexington,4/5/2016,Ameristand 403T Plus,7/10/2018,222,1.57,224,29,704.22,157.8,23.779213147896908,19.970575400260266,30.45,0.2531731650695509,0,0,92.89060106259384,,1
268,1320,Kentucky,Lexington,4/5/2016,Saranac AR,8/18/2016,131,0.98,360,238,761.29,170.8,24.342849645605767,7.517359685571718,18.644589523575455,0.26542938445965863,1,1,95.17379786453286,,0
269,1164,Kentucky,Lexington,8/9/2012,Withstand,6/11/2018,192,1.62,1797,29,730.43,156.2,22.46171792680727,16.881074368066535,27.34913419116913,0.26553070049287975,0,0,92.49546480121155,,1
270,1129,Kentucky,Lexington,8/9/2012,Saranac AR,9/16/2013,259,0.67,419,33,664.92,132.8,22.905450385857467,18.27130442497036,27.951284379138173,0.26289831827716154,0,0,96.47391521560705,,0
271,822,Kentucky,Lexington,8/9/2012,CW 085028,6/12/2013,164,1.62,1180,33,702.21,86.5,19.763489534089228,13.281814178553217,25.444039580564525,0.3457992556183919,0,0,97.8142158659449,,1
272,1260,Kentucky,Lexington,8/9/2012,Saranac AR,8/13/2018,225,1.05,1111,32,688.1,131.1,22.325165307319686,17.662284726810945,28.004641432960135,0.27987391038313714,0,0,92.33327050948803,,0
273,1254,Kentucky,Lexington,3/31/2015,Saranac AR,8/8/2017,257,0.43,1904,34,684.38,169.2,22.80083219167775,18.465628930026757,27.878595652450066,0.2573250149844644,0,0,68.7883311227491,,0
274,1589,Kentucky,Lexington,4/5/2016,NF11ALF006,8/13/2018,260,0.84,208,36,662.44,148.3,23.193144129400835,17.17148278159687,28.685028585252986,0.2630042274236968,0,0,92.92828549975414,,0
275,1598,Kentucky,Lexington,4/5/2016,Ameristand 403T Plus,5/10/2018,128,0.92,207,240,806.72,235.7,12.34823084584081,6.595890988474828,17.94717915491649,0.3388494095285182,0,1,91.72103092668485,,0
276,1651,Kentucky,Lexington,4/5/2016,Caliber,6/13/2018,162,1.23,267,34,694.88,135.6,22.888943335281954,17.467803306596867,27.24289375797898,0.27942212021112695,0,0,89.2356704459786,,1
277,1414,Kentucky,Lexington,3/31/2015,Saranac AR,5/10/2018,131,0.71,547,233,790.36,233.4,22.728784682613885,18.83165941221858,27.794289827217778,0.3298264502326316,0,1,87.88425598223137,,0
278,1531,Kentucky,Lexington,4/5/2016,AFX095005,6/13/2018,162,1.77,402,35,659.69,141.0,23.042955656893547,17.935112126013774,27.823382932009462,0.25354918556738015,0,0,93.0409446134593,,1
279,959,Kentucky,Lexington,8/9/2012,Evermore,5/2/2017,127,1.56,426,215,808.95,120.8,11.940393121513164,6.6850422219455545,18.753622917774987,0.32603850195610323,0,1,95.93902199788066,,1
280,906,Kentucky,Lexington,8/9/2012,Caliber,9/18/2014,259,1.05,89,34,687.55,101.4,22.716315911802337,17.75718870905429,27.136304035717217,0.3333628818700161,0,0,96.61890384015808,,1
281,1579,Kentucky,Lexington,4/5/2016,Saranac AR,8/13/2018,261,0.88,229,35,661.32,107.7,22.615392589932114,14.168326146973747,27.79789134588461,0.27255720878537154,0,0,92.30163997379152,,0
282,1428,Kentucky,Lexington,8/9/2012,Phoenix,7/13/2016,162,1.1,561,31,653.09,140.0,23.136978844857815,17.877781066795357,24.61491671159002,0.2908320686144408,0,0,93.6765301644837,,1
283,1246,Kentucky,Lexington,8/9/2012,Caliber,7/8/2017,223,1.25,509,30,689.59,177.6,22.28901611025315,17.934149228919363,27.503687906184105,0.3141996030084673,0,0,91.84981339235325,,1
284,1137,Kentucky,Lexington,8/9/2012,Ameristand 403T,9/19/2016,261,0.38,1207,34,691.18,86.1,22.102364076431236,18.33102254155817,28.08368907565553,0.2166570302326844,0,0,91.92839879239136,,0
285,1239,Kentucky,Lexington,8/9/2012,Saranac AR,8/8/2017,222,1.32,89,29,671.89,129.6,23.026094023206134,19.48942474259682,27.98542472194615,0.3003381212394322,0,0,90.34320086003267,,0
286,1064,Kentucky,Lexington,8/9/2012,Saranac AR,8/13/2018,224,0.56,1279,32,676.55,108.8,22.714053316605174,18.28680858006433,28.089031207581826,0.2902807108451184,0,0,89.88209250579212,,0
287,859,Kentucky,Lexington,8/9/2012,Caliber,7/13/2016,192,1.15,306,32,666.39,100.9,22.689868863647245,17.955027827902608,27.888016205404682,0.2631265692622176,0,0,97.66348262523181,,1
288,1676,Kentucky,Lexington,4/5/2016,Saranac AR,9/13/2018,259,0.38,272,31,476.88,113.5,22.809767393047657,14.893730876848002,27.357328573370467,0.32508067965852266,0,0,91.45138234949877,,0
289,894,Kentucky,Lexington,8/9/2012,4030,9/18/2014,304,0.93,167,31,588.72,146.2,22.278946641582515,17.377097873296158,27.62365397930966,0.22235368888357784,0,0,96.17189506521213,,1
290,1427,Kentucky,Lexington,8/9/2012,Caliber,7/10/2018,222,1.89,1205,31,711.96,180.1,23.71208629137974,20.291907572501554,30.45,0.3433906061260104,0,0,96.08654439887786,,1
291,1207,Kentucky,Lexington,8/9/2012,Saranac AR,7/10/2018,190,0.61,2140,32,483.69,96.3,24.257877263829872,18.601890420776538,28.78739301764838,0.378285714,0,0,62.94568050565225,,0
292,1121,Kentucky,Lexington,8/9/2012,Caliber,9/15/2017,160,1.61,915,34,765.47,77.5,19.99675622758463,14.903498926542763,24.610685957429865,0.30647499427219194,0,0,90.56996730765145,,1
293,1202,Kentucky,Lexington,8/9/2012,Saranac AR,8/13/2018,258,0.41,1555,32,684.24,112.0,22.043022392835528,17.709664311340674,27.525291526648328,0.28408332365474065,0,0,76.69596805863455,,0
294,1273,Kentucky,Lexington,8/9/2012,Radiance HD,5/6/2016,128,1.68,719,34,869.1,124.0,23.17662826669031,5.6109954543551535,18.357063150999757,0.27190431973822127,0,0,90.05850572162237,,1
295,1360,Kentucky,Lexington,8/9/2012,Saranac AR,9/14/2017,257,0.42,1366,33,614.67,76.3,20.01117202129781,14.377492833943414,24.315988488765573,0.26138302935335544,0,0,94.50261836101633,,0
296,1469,Kentucky,Lexington,4/5/2016,Saranac AR,5/6/2016,128,1.74,168,238,858.02,151.5,11.780724667929368,7.5663536501385105,18.01389848049759,0.292222882311699,0,1,95.38772794283008,,1
297,827,Kentucky,Lexington,8/9/2012,GA-ALFG-1,7/13/2016,258,0.95,854,32,662.64,92.6,23.796844779066955,18.302172957401773,27.89144118040624,0.26362924489553735,0,0,100.0,,0
298,1370,Kentucky,Lexington,3/31/2015,Caliber,8/13/2018,227,0.99,481,31,720.99,128.1,22.780465882439444,17.949256879970644,28.482351655340242,0.2737067485265489,0,0,95.56993377774542,,1
299,1679,Kentucky,Lexington,4/5/2017,Ameristand 403T Plus,7/8/2017,161,0.97,1977,34,832.15,252.7,22.443497047675105,17.478567139440557,27.627863822453726,0.28109353131169107,0,0,68.18576337232524,,0
300,1424,Kentucky,Lexington,4/5/2016,Evermore,8/13/2018,224,0.97,846,34,649.72,141.9,22.71216523383677,18.013961605713995,27.379120178850062,0.2617932896366241,0,0,89.65907452067792,,1
301,1192,Kentucky,Lexington,8/9/2012,Caliber,5/2/2017,125,1.56,1328,227,724.13,160.2,13.338704076400218,7.983743558777634,18.237717076340825,0.32811417908781887,0,1,93.50507675659185,,1
302,1679,Kentucky,Lexington,4/5/2016,Saranac AR,8/8/2017,222,0.75,986,31,695.25,126.6,22.788510156697285,20.98888889,29.81215449430448,0.32738849570070716,0,0,88.40722531453426,,0
303,1461,Kentucky,Lexington,4/5/2016,Contender,8/8/2017,222,0.81,117,31,672.69,108.5,23.674766519998098,18.383065860711827,28.037537388420994,0.27990409480969797,0,0,96.92667227229666,,0
304,1007,Kentucky,Lexington,8/9/2012,Saranac AR,5/8/2014,129,2.02,436,31,744.53,110.3,12.285546761257205,7.4295628206517375,16.95818119136274,0.31097608258757514,0,1,100.0,,1
305,1598,Kentucky,Lexington,4/5/2017,NF11ALF006,7/8/2017,258,0.71,141,33,841.39,155.1,22.735391596965524,15.668150960517236,27.220276019333586,0.2823450183878159,0,0,,,0
306,1615,Kentucky,Lexington,4/5/2016,NF11ALF006,7/8/2017,158,1.58,193,32,851.48,105.1,18.464920558609396,14.592362839376612,23.904676230020986,0.2695127538876758,0,1,92.65603399861654,,1
307,1253,Kentucky,Lexington,4/5/2016,Caliber,8/14/2015,256,0.35,337,33,615.82,95.4,23.286836723269108,18.479153075569542,27.572323744731488,0.264615381798952,1,0,93.90008635660323,,0
308,1504,Kentucky,Lexington,8/9/2012,Saranac AR,7/13/2016,192,0.76,216,34,852.09,227.1,23.44712112564672,17.79124050656018,27.62478156968404,0.279166955597567,0,0,93.7490638475903,,0
309,891,Kentucky,Lexington,8/9/2012,Radiance HD,7/13/2016,196,2.36,1111,32,723.33,95.9,23.72492888718317,17.272721375124846,30.45,0.2655378995429077,0,0,94.72179824026304,,1
310,1489,Kentucky,Lexington,4/5/2016,NF11ALF006,8/17/2017,226,0.87,505,36,783.15,127.5,23.054937918630586,19.20702366810184,28.39045103451073,0.28012786714063737,0,1,93.6035542098289,,0
311,926,Kentucky,Lexington,3/31/2015,Caliber,9/16/2013,193,0.68,127,34,703.23,152.3,22.51688227394444,17.956644361432932,28.297947626429693,0.26561836306779063,0,0,99.296198049046,,0
312,880,Kentucky,Lexington,8/9/2012,Saranac AR,9/18/2014,226,0.65,255,32,560.98,236.5,22.171913063204677,17.32426543202436,27.49509380481468,0.31613367583957785,0,0,98.44684250030947,,0
313,1244,Kentucky,Lexington,8/9/2012,Saranac AR,6/11/2018,162,1.2,1843,32,674.17,115.8,22.35079575923785,17.978366842426286,27.776294351190018,0.28574200536852573,0,0,75.64548492940021,,1
314,1172,Kentucky,Lexington,8/9/2012,Saranac AR,7/8/2017,190,0.58,1148,30,707.1,165.1,21.681374214336593,18.05388316863019,27.2699253334664,0.2291592431898629,0,0,90.73002910009306,,0
315,1051,Kentucky,Lexington,8/9/2012,Saranac AR,5/6/2016,129,1.64,168,221,786.26,155.0,12.463567368252223,6.929052437061789,19.222444069111305,0.3295714726107718,0,1,92.57173025111894,,1
316,1617,Kentucky,Lexington,4/5/2016,NF11ALF006,7/8/2017,190,1.96,296,31,693.57,185.7,23.06440073766318,15.175410117990467,27.902123426547842,0.26987861661336093,0,0,91.49574221149126,,1
317,1615,Kentucky,Lexington,4/5/2016,Saranac AR,5/10/2018,310,0.46,294,36,787.59,231.3,11.579798053163929,5.664561068242644,17.070031836420767,0.2778158759581594,1,1,91.33407883163807,,0
318,1217,Kentucky,Lexington,8/9/2012,Caliber,6/6/2017,158,1.6,1035,34,613.54,136.9,18.556874038289564,12.622335344921973,23.908073319657692,0.3233433008688023,0,0,91.77128273579734,,1
319,1181,Kentucky,Lexington,8/9/2012,Saranac AR,5/2/2017,125,1.77,1206,233,727.72,169.1,13.935413967047024,9.176660112593202,18.13792972844017,0.2505689532171175,0,1,93.29228412483346,,1
320,1126,Kentucky,Lexington,8/9/2012,Arc,9/16/2015,258,0.49,1317,34,836.05,58.2,22.46897587180533,16.864481988029873,27.958259947946328,0.21694024827692868,0,0,92.24598742406363,,0
321,1001,Kentucky,Lexington,8/9/2012,Saranac AR,7/16/2015,194,1.63,1438,35,784.23,178.4,23.575482766640828,16.996625896301047,28.098658549620506,0.3070270050904943,0,0,99.57938544803766,,1
322,1438,Kentucky,Lexington,8/9/2012,Saranac AR,6/13/2018,162,1.97,1474,33,681.8,88.6,22.555989713879313,17.343544021084785,27.797798455035917,0.2875125321228821,0,0,94.6721812375144,,1
323,925,Kentucky,Lexington,8/9/2012,Saranac AR,8/12/2013,225,0.65,426,33,588.44,141.4,22.676840996001864,17.723895243702533,27.9942579173888,0.33913164597250983,0,0,97.60352008098113,,0
324,1178,Kentucky,Lexington,8/9/2012,Saranac AR,9/12/2018,259,0.68,1235,30,663.46,142.8,22.04053898834823,18.630825335647533,27.369992896607627,0.32998177151468283,0,0,89.05351530249366,,0
325,1243,Kentucky,Lexington,8/9/2012,Saranac AR,5/6/2016,125,1.44,812,216,740.44,123.7,12.992967621844342,7.186363032155611,17.40046476216666,0.2746967996913846,0,1,93.43706748119837,,1
326,1287,Kentucky,Lexington,8/9/2012,Saranac AR,7/13/2016,193,1.12,1003,35,786.11,78.3,23.305621139096704,17.97447077065281,29.246671100049518,0.2543959021764375,0,0,89.3204011321247,,1
327,927,Kentucky,Lexington,4/5/2016,Caliber,5/2/2017,128,2.08,240,245,877.14,157.7,12.711753256959094,8.141089773126504,17.318029741091294,0.326612685690758,0,1,92.80635591963365,,1
328,1278,Kentucky,Lexington,8/9/2012,Evermore,8/13/2018,225,0.89,1344,33,624.52,85.9,24.043647008253178,18.04470509002944,28.174359043590023,0.2727498359639557,0,0,94.90227253778907,,1
329,1179,Kentucky,Lexington,8/9/2012,Withstand,6/11/2018,161,1.79,1855,35,624.28,149.2,23.016949204091063,16.816257156712112,27.588460228785387,0.2774084244446472,0,0,84.86920686944691,,1
330,944,Kentucky,Lexington,8/9/2012,Evermore,7/16/2015,224,0.99,345,31,562.34,228.7,23.188184250090206,17.921599973751317,27.546309440388406,0.3237260316584837,0,0,100.0,,1
331,1479,Kentucky,Lexington,4/5/2016,Contender,9/15/2017,225,1.06,216,31,707.59,159.1,23.672134769088185,19.23391685999279,28.910035460302296,0.27210537640501,0,0,91.55907064760687,,1
332,953,Kentucky,Lexington,8/9/2012,Caliber,7/13/2016,223,1.17,823,32,648.54,104.1,23.779749830069623,18.15194691038341,29.52373632732528,0.2921472896513625,0,0,91.69546321275652,,1
333,822,Kentucky,Lexington,8/9/2012,Caliber,8/12/2013,226,0.92,485,33,660.95,84.6,22.720607874567612,17.122846090172533,27.954201728040353,0.3224201767002348,0,0,100.0,,1
334,1000,Kentucky,Lexington,8/9/2012,Ameristand 403T,9/16/2013,260,0.62,1392,34,620.62,70.7,22.353913623700365,18.45365246670883,27.766134146169893,0.24883670906527897,0,0,93.44176148637031,,0
335,1471,Kentucky,Lexington,3/31/2015,Saranac AR,8/13/2018,226,0.45,89,34,671.22,135.4,24.095795627748174,18.622261494797698,29.025456898483746,0.28110150317392435,0,0,92.31130054908554,,0
336,1402,Kentucky,Lexington,8/9/2012,Saranac AR,9/19/2016,227,0.44,1385,32,729.57,116.6,22.216950146389262,18.105280489673063,28.40893199037416,0.2804572703504946,0,0,93.25118461140369,,0
337,1634,Kentucky,Lexington,4/5/2016,Contender,8/13/2018,226,0.28,346,33,664.07,96.2,23.366789422570186,18.520507886580013,28.588043249643736,0.2805603686052359,1,0,91.06236009635913,,0
338,1017,Kentucky,Lexington,8/9/2012,Saranac AR,7/13/2016,192,1.07,1236,33,774.31,123.1,23.650309383001925,19.18997015322405,28.078978623728368,0.3064627560934789,0,0,95.9241436131386,,1
339,1477,Kentucky,Lexington,4/5/2016,NF11ALF006,9/14/2017,259,0.6,351,32,765.42,132.5,22.98454087665169,19.065111321855632,27.936436659612646,0.2775082412724347,0,0,93.20756056726246,,0
340,1507,Kentucky,Lexington,4/5/2016,Caliber,7/10/2018,193,0.59,377,31,1008.42,170.4,23.6201721121195,18.457126271317936,27.781618266781166,0.30753460336831956,0,0,100.0,,1
341,1063,Kentucky,Lexington,8/9/2012,Radiance HD,7/13/2016,194,1.39,1347,30,716.31,117.5,23.406706313822873,17.54046515042996,28.715019994484777,0.2359724810199183,0,0,97.049754705498,,1
342,1312,Kentucky,Lexington,8/9/2012,Withstand,7/13/2016,192,1.39,1980,32,857.16,238.6,24.02858570371214,18.491771467296022,27.88112975650754,0.28141967067589374,0,0,76.20059721134982,,1
343,918,Kentucky,Lexington,4/5/2016,Caliber,8/18/2016,224,1.5,323,223,827.74,151.8,24.332771506797414,7.038383835406003,28.357285783734035,0.3253467447999559,0,1,89.14687386268882,,1
344,1679,Kentucky,Lexington,4/5/2016,NF11ALF006,7/10/2018,191,0.93,164,30,581.83,67.8,25.03696189404205,20.664977997870775,30.40291153813529,0.2874183240564256,0,0,94.86438108211951,,0
345,1580,Kentucky,Lexington,3/31/2015,Ameristand 403T Plus,8/13/2018,224,0.83,129,33,711.67,114.0,23.139816966991738,18.13759393305348,27.368124839417455,0.26244522890680294,0,0,90.50093122280057,,0
346,1336,Kentucky,Lexington,8/9/2012,Saranac AR,7/8/2017,257,0.64,477,33,692.7,120.3,22.001148450052884,12.00789279352284,27.107170112063223,0.3095374145812307,0,0,96.95968096661316,,0
347,1259,Kentucky,Lexington,8/9/2012,Saranac AR,8/13/2015,223,0.92,318,30,563.5,210.3,23.96816285514249,17.456420216512573,28.23698585144612,0.27898379977876714,0,0,100.0,,1
348,889,Kentucky,Lexington,8/9/2012,Evermore,5/10/2018,130,1.65,98,225,805.76,92.7,11.601395438465373,5.805951504218404,17.369373451444673,0.3601345333800516,0,1,97.59283703271967,,1
349,1089,Kentucky,Lexington,8/9/2012,Arc,7/13/2016,193,1.0,1667,33,671.03,123.2,22.94777229275445,18.100039799811057,27.70085678195297,0.2702958583942097,0,0,88.5305067389683,,1
350,824,Kentucky,Lexington,8/9/2012,Evermore,8/13/2015,225,1.05,264,33,683.78,104.6,23.974612120288636,18.09531125495381,28.527027142669976,0.33160056439283564,0,0,94.18667830976479,,0
351,1267,Kentucky,Lexington,8/9/2012,Saranac AR,6/13/2018,160,0.81,1214,32,700.81,134.3,21.613324938773722,16.722080222475384,26.677243982159908,0.25728755828738836,0,0,87.92612821708548,,1
352,875,Kentucky,Lexington,8/9/2012,Evermore,8/18/2016,226,1.2,229,35,785.85,173.3,23.706868944395094,20.181044609406893,29.42626604701389,0.31720946734748046,1,0,99.01976326508766,,1
353,977,Kentucky,Lexington,8/9/2012,GA-ALFG-1,6/11/2018,259,0.48,1767,30,658.97,76.0,22.05810667533087,17.493114825335045,26.776937252362632,0.2696841224942486,0,0,68.31814473332183,,0
354,1435,Kentucky,Lexington,8/9/2012,Saranac AR,5/6/2016,125,1.49,1174,238,857.57,181.1,12.416639559407729,6.021572968098747,18.696255794787437,0.31419547300680406,0,1,92.87559560395583,,1
355,1130,Kentucky,Lexington,8/9/2012,Saranac AR,5/10/2018,128,0.64,2001,34,823.94,230.7,23.553020410075796,6.7253478404183475,27.666792383944465,0.26644307224997316,0,0,94.59930065947529,,0
356,994,Kentucky,Lexington,8/9/2012,Saranac AR,8/13/2018,257,1.1,1518,33,662.59,101.8,23.217920516997008,18.108877221354067,27.743067075583067,0.2775963985891507,0,0,94.83899848084978,,0
357,1088,Kentucky,Lexington,8/9/2012,Arc,6/11/2018,255,0.45,1870,31,704.27,79.8,22.863422439907968,17.7455549603797,28.27900025449121,0.255198379783243,0,0,80.58332355171139,,0
358,822,Kentucky,Lexington,8/9/2012,55V50,8/12/2013,226,1.11,751,30,692.28,133.7,22.86309107771162,17.472548697412417,27.009255825730527,0.32933237153764156,0,0,99.55783675070913,,1
359,857,Kentucky,Lexington,8/9/2012,Saranac AR,6/9/2016,162,1.22,1305,36,681.14,71.8,18.85390535672539,13.568327873126298,24.84635827780244,0.29600531245828354,0,0,93.68007266775864,,1
360,1098,Kentucky,Lexington,8/9/2012,Saranac AR,5/8/2015,126,1.77,269,221,806.55,316.4,12.603111262230014,6.867502188248263,17.85071547644297,0.32541709536274216,0,1,97.03406927216847,,1
361,1344,Kentucky,Lexington,8/9/2012,Saranac AR,7/8/2017,155,1.49,1076,32,689.34,128.8,22.243733004217717,15.501452585183685,28.122487179778894,0.2674860864240034,0,0,92.91350317715722,,1
362,966,Kentucky,Lexington,8/9/2012,GA-ALFG-1,9/16/2015,263,0.93,1139,34,668.64,91.6,19.37804497703405,16.019857397580463,27.398846213662424,0.21643154301253192,0,0,96.79799936322473,,0
363,1420,Kentucky,Lexington,4/5/2016,Contender,9/14/2017,224,0.87,399,33,683.14,122.9,23.260418306699748,18.36089809459051,29.300938148951364,0.24989949612898643,0,0,91.51088591140318,,0
364,1613,Kentucky,Lexington,4/5/2016,Caliber,8/13/2018,226,1.85,930,35,804.22,209.7,22.890663582381762,17.525784883746958,27.65347733502242,0.28008269993449814,0,0,93.33649451678689,,1
365,1613,Kentucky,Lexington,4/5/2016,Contender,9/13/2018,255,0.83,460,30,541.12,100.7,22.99832584775997,18.112975488101267,27.77626543000965,0.31375690939607037,0,0,89.68372624551961,,0
366,1476,Kentucky,Lexington,4/5/2016,Caliber,5/6/2016,126,2.02,546,228,845.74,110.3,12.64685686400713,5.816083905221348,18.075934522481834,0.34033018023334527,0,1,95.92447230233076,,1
367,1441,Kentucky,Lexington,3/31/2015,Saranac AR,8/13/2018,224,0.75,332,33,693.82,88.9,22.597128056312528,18.391997662564496,27.854320020458204,0.28227287905502685,0,0,95.55425325259432,,0
368,1349,Kentucky,Lexington,8/9/2012,Saranac AR,6/11/2015,162,1.46,856,31,782.27,148.2,19.522521427352977,15.912770944112983,24.43954915289456,0.2618765732086563,0,0,93.39756696118523,,1
369,1018,Kentucky,Lexington,8/9/2012,Arc,6/11/2015,158,1.86,1767,34,819.24,112.5,19.376992701688,15.054474214641383,24.875800081836918,0.28121465914938054,0,0,72.7926727725592,,1
370,1535,Kentucky,Lexington,4/5/2016,Caliber,5/2/2017,126,1.41,425,215,571.81,163.5,13.373660958109413,7.434291181884318,17.953759312039722,0.3017703096037103,0,1,94.41820732502828,,1
371,1639,Kentucky,Lexington,4/5/2016,Caliber,8/8/2017,223,1.1,670,30,576.96,113.7,23.540314525095265,17.705392808464463,28.51914739039504,0.30179909943791716,0,0,93.7804799512343,,1
372,1369,Kentucky,Lexington,8/9/2012,Caliber,5/2/2017,131,1.87,1259,235,761.0,109.7,12.812046352655397,5.6919564564827345,18.42659686719781,0.3174003168173094,0,1,91.52667745905808,,1
373,1184,Kentucky,Lexington,8/9/2012,Saranac AR,8/13/2015,225,0.81,1275,31,597.77,227.7,22.80021741655569,17.73869701320656,27.991263268038264,0.3649477999993432,0,0,72.6685265359412,,0
374,1679,Kentucky,Lexington,4/5/2016,Ameristand 403T Plus,5/2/2017,123,1.21,1448,32,783.95,91.1,23.993868283188466,20.98888889,29.434625582086557,0.24035831509470312,0,0,93.88220542560632,,1
375,1593,Kentucky,Lexington,4/5/2016,Ameristand 403T Plus,9/19/2016,225,0.68,89,33,680.92,122.0,23.434203889936654,17.949363374620596,28.49532263407949,0.27336192208338106,1,0,94.7831219497562,,0
376,1090,Kentucky,Lexington,3/31/2015,Saranac AR,9/12/2018,255,0.44,536,33,527.34,113.8,22.355053793821565,18.41583719751928,27.63933844825776,0.33617997817384837,0,0,93.09932010600377,,0
377,1480,Kentucky,Lexington,4/5/2016,Contender,6/13/2018,161,2.07,796,35,672.27,104.1,23.823043237956625,17.700022671764064,29.278342221931464,0.2654050121258256,0,0,94.83116343241026,,1
378,1213,Kentucky,Lexington,8/9/2012,Saranac AR,7/13/2016,226,0.59,1401,34,700.41,100.2,22.98885930445909,18.369125749454547,27.76994922048282,0.28764355136822084,0,0,91.70836639269656,,1
379,1025,Kentucky,Lexington,8/9/2012,Arc,8/12/2013,224,0.56,1244,28,723.91,129.5,22.548558543728394,18.694885989264275,27.359952913962378,0.32667655755610003,0,0,99.35711611677182,,0
380,1563,Kentucky,Lexington,4/5/2017,Contender,9/13/2018,255,0.47,368,30,512.95,129.0,23.037858271177388,18.225899254691125,27.68907409667167,0.27786306656099674,0,0,92.81682024521568,,0
381,948,Kentucky,Lexington,8/9/2012,Saranac AR,5/2/2017,128,1.35,429,35,811.94,175.0,12.955046675619618,5.68914136211011,18.05924902467573,0.28177065347419095,0,0,90.64340100391864,,1
382,1099,Kentucky,Lexington,3/31/2015,Saranac AR,7/10/2018,193,0.58,2055,34,796.1,135.0,23.781633380352215,17.791327695542346,30.45,0.28035464422143164,0,0,79.38013682829616,,0
383,1510,Kentucky,Lexington,4/5/2016,Caliber,8/13/2018,226,1.23,339,35,649.19,179.6,23.388631726093987,18.263129657985992,28.060664887787915,0.3242072493830068,0,0,91.73620856095891,,1
384,1200,Kentucky,Lexington,4/5/2016,Saranac AR,9/15/2017,227,0.63,89,36,717.94,168.7,19.6878888633709,15.59568208806591,24.218224441795158,0.26451384352635243,0,0,94.64390048857996,,0
385,961,Kentucky,Lexington,8/9/2012,Withstand,8/15/2014,260,0.77,1364,32,525.7,101.4,21.185869664817922,17.536683176569184,26.52457695872968,0.29792662034260986,0,0,90.35147991475758,,0
386,1112,Kentucky,Lexington,3/31/2015,Saranac AR,7/10/2018,195,0.71,1257,33,581.21,119.1,24.271162967305777,19.13268382189709,30.106497634694342,0.26305725032358945,0,0,92.38158118751335,,0
387,1491,Kentucky,Lexington,3/31/2015,Saranac AR,7/10/2018,190,0.46,973,31,476.88,82.1,23.7643020754479,17.854501090126945,28.439293890951593,0.35358601687004654,0,0,94.06559857741138,,0
388,1307,Kentucky,Lexington,8/9/2012,Caliber,8/8/2017,160,1.96,2142,32,687.98,150.8,23.215659469616842,18.321783710829994,28.114761936073208,0.2653546676733296,0,0,94.2510520016448,,1
389,1525,Kentucky,Lexington,4/5/2016,Caliber,8/13/2018,257,0.62,89,33,650.67,71.2,23.014394555898665,18.165307167548118,27.986806348681245,0.2956942638746857,0,0,90.94238695534843,,0
390,956,Kentucky,Lexington,8/9/2012,4030,9/16/2013,162,1.49,1142,34,671.7,119.2,22.78316861612418,18.749398459991628,28.539757584600977,0.283665937661883,0,0,96.07666423437387,,1
391,1271,Kentucky,Lexington,8/9/2012,Radiance HD,6/11/2018,162,1.37,1385,35,678.03,113.7,22.47805385274687,13.681144462783408,27.87752641657065,0.274118589221586,0,0,91.6380549959711,,1
392,1258,Kentucky,Lexington,3/31/2015,Saranac AR,7/10/2018,259,0.75,2159,31,587.91,93.9,19.808398420227398,19.601964811110573,25.14979776366541,0.2773756788528398,0,0,88.1209251131781,,0
393,1295,Kentucky,Lexington,8/9/2012,Caliber,6/11/2015,157,1.54,508,33,688.5,130.8,20.06938160552558,15.446380986187359,25.23856934024941,0.3084833478214361,0,0,94.41210555142943,,1
394,1108,Kentucky,Lexington,3/31/2015,Saranac AR,7/8/2017,255,0.86,269,33,709.62,92.2,19.203763201243895,13.340887876791221,25.006373667206184,0.2758596191540611,0,0,94.40346278075667,,0
395,1074,Kentucky,Lexington,8/9/2012,Caliber,8/15/2014,260,0.9,212,33,622.35,113.6,22.189454368863924,16.818406049830603,27.474747683853334,0.20573529399999999,0,0,99.94654259376769,,0
396,927,Kentucky,Lexington,8/9/2012,Saranac AR,8/12/2013,258,1.03,1228,35,704.14,143.8,22.565640770432836,16.841791213353915,27.42204075239308,0.3188613792489196,0,0,93.22174687656836,,1
397,1520,Kentucky,Lexington,4/5/2016,Saranac AR,9/19/2016,227,0.89,174,35,674.18,92.7,24.01183539438412,17.914268992526914,28.407612337778275,0.25471179798602733,0,0,95.55645062568036,,0
398,1162,Kentucky,Lexington,8/9/2012,Saranac AR,5/10/2018,127,0.88,122,230,787.24,191.4,12.46262364593757,6.699179602162809,17.369862155470273,0.3778082423392141,0,1,94.84350324488243,,0
399,1263,Kentucky,Lexington,3/31/2015,Saranac AR,7/8/2017,256,0.42,1910,33,686.16,151.5,23.144681980184856,18.49053875646764,28.071704168791236,0.2566913812659955,0,0,91.9911835734207,,0
400,1341,Kentucky,Lexington,8/9/2012,Saranac AR,9/12/2018,224,0.54,952,27,744.77,100.0,23.003560330477974,17.912258978745655,27.782602578983845,0.35127233686119097,0,0,91.74268555553286,,0
401,1407,Kentucky,Lexington,3/31/2015,Saranac AR,9/16/2013,259,0.52,115,36,691.16,69.4,23.304355464529284,14.242882674475345,28.155360490624542,0.237541419152283,0,0,95.04621333531601,,0
402,1438,Kentucky,Lexington,4/5/2016,Saranac AR,5/6/2016,124,1.48,450,229,823.08,116.4,12.860506577730066,6.654233552262056,17.999468685695973,0.2568640940913053,0,1,92.24904820203093,,1
403,1474,Kentucky,Lexington,4/5/2016,Saranac AR,7/8/2017,224,1.54,329,30,653.17,93.6,22.792567029490577,18.197114171260374,28.24965345045733,0.2910944479625938,0,0,96.59849880945075,,1
404,1096,Kentucky,Lexington,8/9/2012,Saranac AR,8/13/2018,258,0.67,1006,34,655.82,144.1,24.17620190237428,17.842190874639055,30.17474074888347,0.27524249672043044,0,0,97.58092127279387,,0
405,1178,Kentucky,Lexington,8/9/2012,Saranac AR,8/13/2018,226,2.0,1306,32,811.51,215.7,24.39215415243864,18.107116578422655,28.09771743021068,0.25975633527473985,0,0,91.17287999202586,,1
406,1425,Kentucky,Lexington,4/5/2016,Caliber,5/2/2017,125,1.15,299,226,871.12,168.3,12.255149580439815,7.4110426439784804,18.58862230755326,0.32319779767937307,0,1,94.30865413309175,,1
407,1540,Kentucky,Lexington,8/9/2012,Saranac AR,5/10/2018,125,1.11,933,234,776.36,215.0,12.727551478798542,7.5673293510897555,17.644583506618048,0.3194960176811746,0,1,91.1045599105792,,1
408,1661,Kentucky,Lexington,3/31/2015,Saranac AR,7/10/2018,193,0.92,1457,30,612.16,109.3,23.897853820754417,18.447389025334726,29.334572973903445,0.28588831880457943,0,0,91.08731028582291,,0
409,1272,Kentucky,Lexington,8/9/2012,Saranac AR,8/13/2018,190,1.45,1852,32,635.09,171.9,24.040326483551162,18.07556836373704,27.35669819663241,0.2660858057094455,0,0,75.78723412680687,,0
410,1524,Kentucky,Lexington,8/9/2012,Caliber,6/11/2015,162,1.96,1030,36,669.59,96.2,18.890198111460258,13.40081922437034,25.351510136159526,0.26259570136727883,0,0,94.8155644336576,,1
411,960,Kentucky,Lexington,3/31/2015,Saranac AR,7/17/2015,192,1.49,89,96,929.19,265.9,23.22013463041618,18.53843310595676,27.932528659224435,0.308058910553372,1,1,94.69315256202684,,1
412,1278,Kentucky,Lexington,3/31/2015,Saranac AR,5/10/2018,128,0.89,2098,216,800.19,217.6,11.75638905038203,6.251274631353209,17.652912878241526,0.378285714,0,1,75.69070354492074,,0
413,1262,Kentucky,Lexington,4/5/2016,Saranac AR,9/19/2016,260,0.69,142,32,704.99,125.0,23.590449018284954,18.80809513691918,27.981648382230247,0.26745821911632134,1,0,93.4344711142882,,0
414,1414,Kentucky,Lexington,4/5/2016,Saranac AR,5/6/2016,127,2.22,383,226,855.76,116.7,12.128530134002283,6.300583224495181,18.16942048917771,0.31895033623682,0,1,93.49783750580595,,1
415,892,Kentucky,Lexington,8/9/2012,Caliber,8/13/2018,225,0.47,1067,32,728.72,104.0,23.037597078655338,18.214958056373344,27.308989170850705,0.26431969839143576,0,0,91.11202483065665,,0
416,1571,Kentucky,Lexington,4/5/2016,NF11ALF006,9/14/2017,257,0.78,269,35,678.4,128.5,23.7628774532673,17.874228211100675,24.712772916539624,0.27142951613527866,1,0,93.98697706663384,,0
417,1463,Kentucky,Lexington,4/5/2016,Contender,7/10/2018,258,0.65,318,33,576.74,160.4,20.06543322467186,16.179664614695675,25.184570453563868,0.27132173332957166,0,0,92.98255339730777,,0
418,965,Kentucky,Lexington,8/9/2012,Withstand,7/12/2013,192,1.09,489,30,635.9,215.6,22.593050228799658,17.557228190088903,27.14880855766414,0.32813786526345207,0,0,100.0,,1
419,900,Kentucky,Lexington,8/9/2012,CW 065030,8/12/2013,193,1.25,1234,33,640.19,99.7,23.00520215865586,18.404062541842755,27.96539058156717,0.21107824697228272,0,0,97.07039097486017,,1
420,1629,Kentucky,Lexington,4/5/2016,Caliber,8/8/2017,223,1.14,329,31,712.12,108.2,23.257584784405697,18.109087460253754,28.186263048302518,0.2868683760644328,0,0,93.15711234427812,,1
421,1639,Kentucky,Lexington,4/5/2016,NF11ALF006,8/18/2016,229,0.74,89,34,575.63,178.6,24.786991186532344,20.98888889,30.45,0.2602357257534798,1,0,93.87721127449016,,0
422,1404,Kentucky,Lexington,8/9/2012,Saranac AR,9/16/2013,227,0.92,960,34,712.59,90.4,22.68334117860162,17.22904258446227,27.628972020840855,0.29557453028670866,0,0,94.16051734263513,,0
423,1553,Kentucky,Lexington,4/5/2016,Caliber,8/8/2017,223,1.01,401,32,686.77,101.6,23.78133041998249,18.929125809217727,28.735201930639228,0.2811705508131813,0,0,95.48521074678594,,1
424,1564,Kentucky,Lexington,4/5/2016,Contender,9/14/2017,260,0.46,230,32,663.74,127.4,24.112366590289792,20.98888889,29.26248449910195,0.26394499556293155,1,0,91.92503851722599,,0
425,1519,Kentucky,Lexington,4/5/2016,Contender,7/10/2018,258,0.41,293,33,602.71,127.6,20.781680932945516,18.94563541095893,28.819990865100586,0.27097390428838053,1,0,88.98146792030819,,0
426,1546,Kentucky,Lexington,4/5/2016,Evermore,8/13/2018,224,0.91,312,34,567.47,217.5,23.54265178084006,17.95309729664023,27.772979895447108,0.29691081170848915,0,0,92.28254660037881,,1
427,897,Kentucky,Lexington,8/9/2012,Saranac AR,9/18/2014,291,1.2,266,32,574.68,110.3,22.824508870269064,18.282390166466048,27.757710796379783,0.3203173612865911,0,0,98.30931309305397,,1
428,1250,Kentucky,Lexington,8/9/2012,Saranac AR,6/9/2016,159,1.19,790,34,682.9,107.9,22.42334312967777,13.022808085244892,27.138995592542077,0.2806985423297922,0,0,92.96216184880713,,1
429,1536,Kentucky,Lexington,4/5/2016,NF11ALF006,5/10/2018,125,1.27,389,228,810.25,213.4,11.822452434781816,6.92428858652925,16.82950228894633,0.2645951843063149,0,1,95.19619116949625,,0
430,1539,Kentucky,Lexington,4/5/2016,Contender,9/15/2017,122,1.65,556,35,859.26,144.9,23.953936490816194,20.98888889,30.18145103760519,0.2954525549723325,0,0,93.61003659347509,,1
431,1239,Kentucky,Lexington,8/9/2012,Saranac AR,5/6/2016,125,1.59,1174,232,825.04,79.9,12.508980566817314,5.472837504081888,18.203617718697252,0.27130119202950204,0,1,93.17236677030589,,1
432,1177,Kentucky,Lexington,3/31/2015,Saranac AR,9/13/2018,259,0.89,374,32,531.49,120.8,22.617138470434647,17.84747788800698,27.31420134279034,0.2695596894310139,0,0,91.57835251350204,,0
433,1497,Kentucky,Lexington,3/31/2015,Saranac AR,7/8/2017,192,1.42,89,29,680.45,58.9,23.03944696280533,17.80192066886436,27.764234384743187,0.2658735370704579,0,0,93.80687392761001,,1
434,1648,Kentucky,Lexington,8/9/2012,Saranac AR,7/8/2017,224,0.53,1196,36,684.94,134.3,22.28917611042254,18.407121019913472,26.75473272301237,0.33360720886726003,0,0,91.68285612591208,,0
435,1226,Kentucky,Lexington,8/9/2012,Saranac AR,8/13/2018,260,1.19,376,35,638.71,120.7,23.144020632524352,17.431776698503597,27.763054815794714,0.2569387317112257,0,0,90.66701918202146,,1
436,836,Kentucky,Lexington,8/9/2012,55V50,7/17/2014,230,1.05,299,35,579.06,87.9,23.38605598832075,19.19100819735942,28.507678238907193,0.21634251547277972,0,0,97.16623581532315,,0
437,1571,Kentucky,Lexington,4/5/2016,Saranac AR,6/6/2017,259,1.02,89,32,662.42,103.5,23.642827130014453,14.649064838806794,27.165173324220405,0.2770119566921725,0,0,97.22727205479251,,1
438,837,Kentucky,Lexington,8/9/2012,Saranac AR,6/11/2015,160,1.66,707,32,845.58,150.3,19.1340853648001,14.222018599321945,25.364023911759897,0.25175462931087483,0,0,93.17988313510104,,1
439,1508,Kentucky,Lexington,4/5/2016,Contender,8/16/2016,228,1.08,322,33,703.79,172.2,24.743745386804214,20.800028960371744,29.275716647420793,0.28483333324676596,0,0,94.65439783140133,,1
440,884,Kentucky,Lexington,8/9/2012,Withstand,6/11/2018,221,0.6,1899,32,704.42,58.1,22.44386877470502,17.34688468587513,28.30811865336227,0.3006918266951591,0,0,77.94529886398777,,0
441,1553,Kentucky,Lexington,4/5/2016,Contender,5/2/2017,124,2.02,89,210,795.76,163.1,12.257439439249653,6.134324044994247,19.771537389121825,0.32859713135790786,0,1,92.7512444557189,,1
442,1143,Kentucky,Lexington,8/9/2012,Saranac AR,8/8/2017,223,0.53,1894,30,667.8,104.3,23.787213965359797,18.46041899449099,27.992495783910663,0.26150477030345687,0,0,75.97730300303735,,0
443,1658,Kentucky,Lexington,4/5/2016,NF11ALF006,7/8/2017,189,1.36,347,31,692.22,139.4,18.850819067694488,14.471216776326377,24.539499396041613,0.28613763929924535,0,0,,,1
444,1073,Kentucky,Lexington,3/31/2015,Saranac AR,9/15/2017,256,0.42,1656,36,681.78,131.1,19.390697280168094,14.469939972759407,24.65634506641949,0.27568590103197477,0,0,94.43443163442787,,0
445,1037,Kentucky,Lexington,8/9/2012,Caliber,9/16/2013,260,0.73,684,35,673.68,101.6,22.03573499299044,16.67306494612064,27.01985587930398,0.26010676659257087,0,0,93.75304229121387,,0
446,878,Kentucky,Lexington,3/31/2015,Caliber,9/19/2016,261,0.58,408,32,594.46,101.7,22.23403487663621,18.858649960483415,27.73448899748902,0.3133359349546946,1,0,99.02580186066896,,0
447,880,Kentucky,Lexington,8/9/2012,GA-ALFG-1,6/12/2013,159,1.02,1620,31,796.68,90.8,20.01377470780969,14.71453739561467,24.52271665430464,0.3125545637133623,0,0,98.29587778444174,,1
448,860,Kentucky,Lexington,8/9/2012,Saranac AR,7/13/2016,227,0.63,1334,35,685.56,92.5,23.501878059360187,18.71761837962968,28.584476331521387,0.2606181304339539,0,0,92.28547629423227,,0
449,1320,Kentucky,Lexington,8/9/2012,Saranac AR,7/8/2017,189,1.65,2124,33,639.46,111.8,23.180616242781078,17.847204360596823,27.724829002131735,0.26583068308446256,0,0,68.17076471207368,,1
450,1679,Kentucky,Lexington,3/31/2015,Saranac AR,5/10/2018,225,0.98,1645,36,803.64,231.5,22.503145128530956,17.541444592629464,27.288778274077057,0.378285714,0,0,92.14539707151938,,0
451,839,Kentucky,Lexington,8/9/2012,Caliber,8/13/2015,223,1.99,1462,31,699.29,156.1,23.4523799046824,18.771870720765058,30.27463263845307,0.3152335088939657,0,0,93.1725957457979,,1
452,926,Kentucky,Lexington,8/9/2012,55V50,6/11/2015,162,1.23,768,32,676.37,97.3,23.165019266630875,15.247275849244454,28.259961482614592,0.26096194579209464,0,0,96.6935794821138,,1
453,1097,Kentucky,Lexington,8/9/2012,Caliber,9/13/2018,224,0.77,787,30,523.32,157.1,22.726175452046956,18.871503122527894,27.235123624037517,0.3196308526635777,0,0,98.63472744549094,,0
454,1060,Kentucky,Lexington,8/9/2012,Phoenix,9/16/2013,257,1.04,1268,33,707.15,93.9,21.305353889583106,17.485058168031344,26.917189776165973,0.2704754381571396,0,0,99.38276080743361,,1
455,999,Kentucky,Lexington,8/9/2012,Caliber,9/16/2013,259,0.86,110,34,697.49,52.7,22.035747425452083,15.091852298048448,28.0414526500066,0.21497681751829462,1,0,97.108069016524,,0
456,1332,Kentucky,Lexington,8/9/2012,Saranac AR,7/10/2018,189,0.4,1964,34,593.72,233.6,23.320842982331445,17.958438008992665,28.751667968017568,0.35885174136166104,0,0,72.06627638930374,,0
457,1268,Kentucky,Lexington,8/9/2012,Saranac AR,8/18/2016,228,1.04,322,34,689.42,125.3,23.282421114063396,17.951084316248185,28.66408501552346,0.2862466272575879,0,0,91.55517618520992,,0
458,1417,Kentucky,Lexington,8/9/2012,Saranac AR,7/13/2016,125,1.22,2225,34,799.16,224.2,23.044265437742656,17.544443746398642,28.396376849385668,0.25158996114356846,0,0,78.0358840073819,,1
459,1184,Kentucky,Lexington,8/9/2012,Saranac AR,6/6/2017,159,1.65,89,33,677.42,115.6,18.92319393030918,14.379567542410904,24.24644397252212,0.28305608780141583,0,0,95.37924771529639,,1
460,1071,Kentucky,Lexington,8/9/2012,Withstand,9/16/2013,261,1.07,1002,31,709.51,106.6,20.918831037367106,16.61106583853187,26.85094147314634,0.268814695850277,0,0,93.06447103138622,,1
461,1155,Kentucky,Lexington,3/31/2015,Caliber,7/8/2017,192,0.49,284,31,644.71,137.8,21.84433609365814,16.96503936689471,27.2130394495875,0.2844874424638936,1,0,99.9455453542621,,0
462,1509,Kentucky,Lexington,4/5/2016,Saranac AR,5/2/2017,192,1.65,307,32,769.61,126.5,23.64884856526433,15.483289076641928,28.104662557956942,0.3162465851265278,0,1,94.7500909630992,,1
463,902,Kentucky,Lexington,8/9/2012,Saranac AR,7/13/2016,195,1.54,1518,35,809.91,315.0,23.741818605787703,18.59936719173581,28.844002131792895,0.26204976362227317,0,0,95.26617982128639,,1
464,1237,Kentucky,Lexington,8/9/2012,Caliber,9/19/2016,259,0.42,833,31,574.06,141.0,23.242865297490543,17.833032842627887,28.54533883512196,0.2743775048682858,0,0,100.0,,0
465,1614,Kentucky,Lexington,3/31/2015,Saranac AR,8/13/2018,225,0.58,1138,34,608.47,188.4,22.903798451802245,17.815821192988412,28.099606929592756,0.2653549423555953,0,0,92.74006064750807,,0
466,1257,Kentucky,Lexington,8/9/2012,Saranac AR,9/15/2017,260,0.61,374,33,669.57,143.1,19.709296472166262,14.026705109485526,24.52128430438527,0.28782714750717225,0,0,91.07767944287679,,0
467,1379,Kentucky,Lexington,3/31/2015,Saranac AR,7/8/2017,258,0.94,1202,35,675.14,123.4,23.23748837181062,13.254892612322337,27.68887667673424,0.26450680499170354,0,0,93.75049013299885,,0
468,1480,Kentucky,Lexington,4/5/2016,Contender,8/13/2018,224,1.34,844,32,644.16,133.4,23.046813863474387,18.00860942936896,28.67447036472846,0.28088376500453666,0,0,95.02086083671139,,1
469,1545,Kentucky,Lexington,4/5/2016,Caliber,6/6/2017,157,1.05,439,31,703.55,156.1,18.81287235035994,13.449473185991048,24.261668929034375,0.32967784649595283,0,0,95.42992898875636,,1
470,1490,Kentucky,Lexington,8/9/2012,Saranac AR,5/10/2018,127,0.88,826,30,726.83,217.0,13.056333364272916,5.535980894862659,16.95955998376183,0.34364250943065694,0,1,92.27260050971071,,0
471,1521,Kentucky,Lexington,4/5/2017,Ameristand 403T Plus,8/13/2018,225,0.89,295,35,681.97,115.2,22.923623920591417,18.12854135510556,28.73738823512502,0.27658176860775413,0,0,93.11400905805482,,0
472,1219,Kentucky,Lexington,8/9/2012,Saranac AR,5/2/2017,125,1.49,117,234,783.29,160.4,12.528595030792323,6.0052025080105516,18.65350448141381,0.3012132087566941,0,1,94.92436171953258,,1
473,1302,Kentucky,Lexington,4/5/2016,Saranac AR,7/13/2016,196,1.61,277,35,693.36,148.4,23.747535311536282,18.043837580016746,27.459804390239015,0.28184092004143224,0,0,90.52343389753591,,1
474,977,Kentucky,Lexington,8/9/2012,Saranac AR,9/16/2013,257,0.51,128,34,690.3,77.9,21.234268197118453,15.504968306453735,27.212777393011404,0.20573529399999999,1,0,100.0,,0
475,1540,Kentucky,Lexington,4/5/2016,Contender,7/10/2018,225,0.74,100,30,691.55,128.4,23.52209743071286,18.655801207930505,29.674333764746137,0.26214817152224246,0,0,92.17395241570948,,0
476,1593,Kentucky,Lexington,8/9/2012,Saranac AR,8/13/2018,162,1.16,952,35,676.82,118.7,22.42435072885499,18.078642639438176,27.852364254617093,0.253312222140372,0,0,92.13010687131576,,1
477,1213,Kentucky,Lexington,8/9/2012,Saranac AR,8/13/2018,257,0.59,1942,33,627.65,92.8,22.891628390391347,18.511796642844445,27.758395440606254,0.2552784162522125,0,0,89.05109745527542,,0
478,1484,Kentucky,Lexington,3/31/2015,Saranac AR,9/19/2016,261,0.42,909,34,647.45,108.1,23.35952216097267,17.91876348931738,28.171137373284633,0.2716284346214545,0,0,89.11616725899839,,0
479,1582,Kentucky,Lexington,4/5/2016,Contender,8/13/2018,222,1.06,745,34,647.15,137.1,23.423127702913334,18.202319579081625,28.326014213531515,0.26864775007861896,0,0,93.73979109049701,,1
480,1679,Kentucky,Lexington,4/5/2016,NF11ALF006,7/10/2018,193,0.51,216,31,940.57,123.7,23.702872201944967,18.12290196694622,28.36662723558439,0.27521600214811337,1,1,92.2406121527217,,0
481,1523,Kentucky,Lexington,4/5/2016,Ameristand 403T Plus,7/8/2017,158,1.34,454,34,695.31,136.7,22.08155464639295,18.04913246453306,28.176785480074454,0.26235487562665916,0,0,91.58202970383451,,1
482,936,Kentucky,Lexington,8/9/2012,Withstand,9/16/2013,259,0.65,1885,32,719.25,89.6,21.73946203835215,17.73421187469458,27.018840249609788,0.24043287478656605,0,0,90.44563276080514,,0
483,1353,Kentucky,Lexington,8/9/2012,Saranac AR,8/13/2015,191,1.67,89,31,872.08,159.2,23.971321825784617,18.954401640172094,27.522531803913267,0.28064497809116085,0,0,92.10678434844776,,0
484,1408,Kentucky,Lexington,4/5/2016,Ameristand 403T Plus,8/18/2016,227,1.11,306,34,634.23,173.2,24.39867388572072,19.629342826840368,30.32972616432674,0.2930796565598399,0,0,91.91212333287373,,1
485,1189,Kentucky,Lexington,8/9/2012,Saranac AR,6/9/2016,163,1.1,2225,34,737.72,241.0,23.240562283940207,17.584441705234905,28.077466505604296,0.378285714,0,0,81.73941474017849,,1
486,954,Kentucky,Lexington,8/9/2012,Saranac AR,7/17/2014,193,1.58,89,34,871.01,78.7,23.82379723646811,5.232653061000001,19.706733585142665,0.22586390801999606,0,0,100.0,,1
487,1596,Kentucky,Lexington,4/5/2016,Contender,7/8/2017,159,1.76,340,32,668.42,128.5,22.696550396749277,14.63153403837727,28.236467383211256,0.28183180653689544,0,0,91.90402063018836,,1
488,1228,Kentucky,Lexington,8/9/2012,Saranac AR,5/10/2018,159,1.13,1389,35,755.48,226.0,23.19778308801338,18.863321250987223,27.48224587187376,0.33607778628470353,0,0,91.8703389559509,,1
489,962,Kentucky,Lexington,8/9/2012,Ameristand 403T,9/16/2015,259,0.63,1246,34,677.79,72.2,22.310586956196286,14.630597342131118,28.672560560356988,0.22300644116450716,0,0,96.00010575835627,,0
490,917,Kentucky,Lexington,8/9/2012,Saranac AR,7/16/2015,193,1.5,1013,32,679.97,224.4,22.81364691051944,18.0073896512477,27.774714910146855,0.35861610935925986,0,0,99.66439552159439,,1
491,1111,Kentucky,Lexington,8/9/2012,Saranac AR,7/10/2018,259,0.46,1988,33,483.34,100.9,23.82489691296921,17.558433956170838,29.214198147155837,0.2640733278662329,0,0,85.63265308477186,,0
492,978,Kentucky,Lexington,8/9/2012,55V50,7/16/2015,194,1.68,1099,32,677.88,135.9,24.176706362240825,15.450352731361335,27.682195830050812,0.3190980186612806,0,0,96.31243233158408,,1
493,972,Kentucky,Lexington,8/9/2012,Evermore,8/18/2016,227,1.61,201,33,670.44,158.8,24.747231555823046,19.08045917902371,29.321361251102942,0.33114496238901603,0,0,91.90225122262319,,1
494,1478,Kentucky,Lexington,4/5/2016,Saranac AR,7/14/2016,194,0.75,190,34,718.16,350.8,23.433372542070142,18.235170783531448,28.313217030272657,0.24136401663301452,0,0,97.71074416716311,,0
495,1335,Kentucky,Lexington,3/31/2015,Saranac AR,7/10/2018,224,0.27,237,29,616.36,109.9,23.76745415612902,18.643250285958068,28.68971408548298,0.28956463821682144,0,0,92.88403245209585,,0
496,977,Kentucky,Lexington,8/9/2012,55V50,6/11/2015,162,1.7,966,31,698.91,80.8,19.334164822497524,15.124879190809665,25.060274266124416,0.3234821641137206,0,0,98.79738623005349,,1
497,1469,Kentucky,Lexington,4/5/2016,Evermore,8/8/2017,224,1.38,380,30,632.79,131.5,23.594448132249255,17.204537725847228,28.65894842383304,0.3358380510314926,0,0,97.99069169629541,,1
498,1624,Kentucky,Lexington,4/5/2016,Caliber,6/13/2018,162,1.15,605,31,822.31,85.5,23.364613102696723,17.757408930108557,28.486196752502753,0.2766053521012083,0,0,93.43150942042666,,1
499,1222,Kentucky,Lexington,8/9/2012,Saranac AR,6/9/2016,162,1.63,972,31,656.83,129.8,22.912989284527416,18.350796718759106,27.27238035165505,0.26643901111553736,0,0,92.67194533060247,,1
