,State,City,Date Sown,Variety,Date of Cut,Julian Day,Yield (tons/acre),Time Since Sown (Days),Time Since Last Harvest (Days),Total Radiation (MJ/m^2),Total Rainfall (mm),Avg Air Temp (C),Avg Min Temp (C),Avg Max Temp (C),Avg Soil Moisture (%),Class
0,Wisconsin,Marshfield,41365,55V50,41919,244,5.0,1070,366,4811.03,816.8,7.56685932,0.894678009803896,11.15611749,0.07421839712539723,2
1,Wisconsin,Arlington,41365,55V50,41885,247,5.69,817,365,4672.74,779.4,6.14338748,1.0653144070802314,10.92,0.08144770748582843,3
2,Kentucky,Lexington,8/9/2012,Caliber,9/15/2017,254,8.01,419,367,4632.06,824.9,21.99798691,16.203991598697367,24.97357502,0.2886337954327829,3
3,Wisconsin,Marshfield,41365,55V50,42240,238,6.05,784,361,4640.37,761.0,7.43998229,0.5794452861964915,12.38239005,0.08345180526924037,2
4,Kentucky,Lexington,4/5/2016,Caliber,9/19/2016,258,1.95,139,3,2762.86,494.6,21.64035398,17.135354287253335,26.21836013,0.2873661633026945,1
5,Wisconsin,Arlington,41730,55V50,42251,246,4.49,1097,364,4787.99,807.1,5.53,0.6525981621140234,11.56482492,0.07892050236092946,2
6,Kentucky,Lexington,4/5/2016,Caliber,9/19/2016,262,1.66,221,2,2535.42,616.3,22.51131624,16.379022932353767,25.18806159,0.2790833907617892,1
7,Wisconsin,Marshfield,41730,55V50,41890,231,4.92,130,1,2836.67,550.6,17.01045089,16.354970179514112,24.76435264,0.07424995442468559,1
8,Wisconsin,Marshfield,42095,55V50,42243,238,2.11,130,1,3139.29,449.6,21.77772657,15.475911868101234,25.11129969,0.07880769850641585,1
9,Kentucky,Lexington,4/5/2017,Saranac AR,9/14/2017,256,5.79,568,9,3042.84,825.6,22.88774833,17.009428322458792,25.62951306,0.2959590980553911,2
10,Kentucky,Lexington,4/5/2016,Caliber,9/14/2017,256,2.34,206,9,2503.54,547.7,20.36493008,17.24630600520778,25.39317166,0.2831294426035935,1
11,Kentucky,Lexington,41730,55V50,9/14/2017,259,5.66,493,364,4702.18,989.2,21.77042158,14.857215350467612,24.96839105,0.2851461430444677,2
12,Kentucky,Lexington,4/5/2016,Caliber,9/19/2016,261,5.72,924,364,4651.24,1010.3,21.24028736,16.728285464454796,25.98980809,0.28370488199895466,3
13,Wisconsin,Arlington,41365,55V50,41885,246,5.72,1126,367,4801.78,786.7,6.72375471,0.5743480697308322,11.197728,0.08308092682234297,4
14,Wisconsin,Marshfield,41365,55V50,42240,240,4.75,901,366,4675.76,713.7,7.13198122,3.634906775944403,12.36617055,0.07832057271450266,2
15,Kentucky,Lexington,8/9/2012,Caliber,9/15/2017,259,5.13,519,364,3133.69,751.3,22.40893698,14.549709428117689,25.84814458,0.2918321116208629,2
16,Wisconsin,Arlington,41730,Nuton Alf,41886,246,2.81,167,9,3275.48,238.9,16.27153771,10.518081891042845,22.83564914,0.07427113539151066,2
17,Wisconsin,Arlington,41730,55V50,42251,249,6.87,865,361,4744.49,774.4,9.25474116,1.1913920755244956,13.16725307,0.08500302605703693,4
18,Wisconsin,Arlington,41730,55V50,42251,243,5.08,481,360,4668.6,769.8,6.97247345,2.3532095207514074,11.76861304,0.07845685082259345,3
19,Kentucky,Lexington,4/5/2016,Caliber,9/14/2017,257,5.55,1101,366,3285.43,993.4,23.21627035,15.26234821415562,24.53412561,0.2832169501571605,3
20,Kentucky,Lexington,4/5/2016,Caliber,9/14/2017,258,1.45,140,1,2738.02,998.1,20.80966292,14.745803415093539,24.70727856,0.2924833585266828,1
21,Wisconsin,Arlington,41730,55V50,42249,245,6.85,543,363,4694.07,809.8,7.69910232,2.693248655002482,12.17866289,0.07779378696983692,4
22,Wisconsin,Marshfield,41365,55V50,42240,233,5.1,565,367,4660.53,795.0,7.17380868,0.08777636239067732,12.36086671,0.08396839984419642,2
23,Kentucky,Marshfield,4/5/2017,Saranac AR,9/14/2017,250,2.43,130,4,3035.19,590.3,16.4770435,16.293741198437274,23.97713013,0.28148922204346505,1
24,Kentucky,Lexington,3/31/2015,Caliber,9/12/2018,254,5.94,1096,366,4783.13,807.0,20.48466311,15.4538305308855,24.74740983,0.28817250520581034,2
25,Wisconsin,Marshfield,41365,55V50,42240,235,5.52,1029,366,4689.04,802.3,7.46978629,2.4927140064556976,12.17769542,0.07985562893627124,2
26,Kentucky,Lexington,8/9/2012,Caliber,9/15/2017,257,4.91,543,365,3224.3,787.8,20.34184934,15.032921606513383,23.90565476,0.28496557047283244,2
27,Wisconsin,Marshfield,41365,55V50,42240,236,6.71,937,364,4529.14,766.1,7.59019368,2.331940123718226,13.28458893,0.07838231972388511,2
28,Kentucky,Lexington,8/9/2012,Caliber,9/12/2018,258,4.74,1085,363,2999.0,757.4,20.15496118,15.072450789072883,25.69202398,0.29665902514860626,2
29,Wisconsin,Arlington,41730,55V50,42249,246,7.18,1131,366,4588.47,756.2,6.08478407,0.6152368157282675,12.47925724,0.07975811523380275,4
30,Wisconsin,Arlington,41730,55V50,42251,245,6.72,915,367,4564.86,376.3,7.41401479,1.679456547848405,25.18993234,0.07305017398079258,3
31,Wisconsin,Arlington,41730,55V50,41886,248,4.93,536,3,3208.03,753.0,16.40955316,10.19604323445456,24.16055205,0.07655619765632693,2
32,Wisconsin,Marshfield,41730,55V50,41890,259,5.67,174,1,2753.47,581.1,15.85970386,10.699477858839087,24.63733564,0.6574497184204086,2
33,Kentucky,Lexington,4/5/2016,55V50,9/14/2017,257,2.48,184,1,2844.42,973.4,22.50628057,15.501206442166538,25.10358195,0.2836503084878064,1
34,Wisconsin,Arlington,41730,55V50,41886,245,2.43,130,8,3011.86,109.7,16.88442299,10.78685967335671,21.20014025,0.07647396905953387,2
35,Kentucky,Lexington,4/5/2017,Caliber,9/14/2017,257,1.76,254,2,3035.95,663.8,21.1900121,16.367815680414946,25.57630201,0.28527760361435195,1
36,Wisconsin,Arlington,41730,55V50,42249,238,5.69,710,367,4752.74,746.5,8.08236019,1.4350540728949386,12.5630048,0.0793477353439635,3
37,Wisconsin,Arlington,41365,55V50,41885,244,6.1,631,366,4750.34,715.0,7.31690663,-0.42286625665673805,12.29394081,0.07467845800344909,2
38,Wisconsin,Marshfield,42095,55V50,42243,257,1.64,130,1,2961.5,535.9,21.81058913,13.967436718992015,23.3766333,0.07940346843233159,1
39,Wisconsin,Arlington,41730,55V50,41886,245,2.77,146,9,3145.48,179.9,16.0451401,10.773949989975995,23.6757066,0.0790817644137626,1
40,Wisconsin,Arlington,41730,55V50,42249,248,8.23,463,366,4708.45,723.9,6.17185975,2.156086053309052,12.28662643,0.08270153385993512,4
41,Wisconsin,Arlington,41730,55Q27,41886,249,2.23,218,2,3008.65,150.6,20.80327308,10.321808620767603,24.0444043,0.07316285846775633,2
42,Wisconsin,Arlington,41730,55V50,42251,248,4.46,666,366,4671.87,794.9,6.73755725,0.8879108889786345,12.94592217,0.08229437111608191,3
43,Wisconsin,Lexington,41730,55V50,42604,234,4.71,556,366,4762.3,747.5,7.54018796,1.6196360605398035,12.91504361,0.07972114637628933,3
44,Kentucky,Lexington,8/9/2012,Caliber,9/14/2017,255,5.37,1297,363,3366.43,767.2,21.98532751,12.971258648786598,24.45694291,0.2858082987519981,2
45,Wisconsin,Lexington,41730,Caliber,9/14/2017,252,2.74,157,15,3194.78,831.1,19.79403207,14.757651951641854,23.03276232,0.07361201263134877,4
46,Wisconsin,Marshfield,41365,55V50,41919,255,5.42,916,367,4678.39,768.0,21.65884794,15.583641042995163,12.02576784,0.08169847130855783,2
47,Wisconsin,Arlington,41365,55V50,41885,243,4.91,997,368,4691.96,758.2,6.81275428,1.8141071649559979,12.03612858,0.07516080454182818,2
48,Kentucky,Lexington,4/5/2016,Caliber,9/19/2016,256,4.45,1119,362,4638.98,917.1,21.60372927,15.71672486744565,25.10833394,0.28176914834517863,1
49,Kentucky,Lexington,4/5/2016,Caliber,9/19/2016,258,2.57,198,368,3002.21,590.8,22.15921876,16.188531330355502,24.38168419,0.287214652958982,1
50,Wisconsin,Arlington,40664,55V50,41885,247,9.05,912,363,4781.66,695.4,5.53,0.6757009544934846,11.20151864,0.07881644442039913,3
51,Kentucky,Lexington,3/31/2015,Contender,9/14/2017,264,2.69,139,363,3124.53,617.9,20.94998182,16.11611216699347,23.67890058,0.28495614152080617,1
52,Kentucky,Lexington,8/9/2012,Caliber,9/15/2017,258,4.3,485,362,3168.63,801.4,19.8632621,15.04484581796861,23.63910295,0.29074722125773894,3
53,Wisconsin,Marshfield,42095,55V50,42243,233,1.5,130,6,4547.85,455.0,22.86074147,16.267555805802658,25.34272766,0.07914091636143533,1
54,Wisconsin,Marshfield,41730,55V50,41890,233,5.09,207,3,2753.5,541.5,16.53558808,10.801917710397145,23.26168478,0.08634035735932695,2
55,Wisconsin,Marshfield,41365,55V50,42240,238,5.33,907,364,4765.24,797.4,6.93128306,0.9599523008620834,12.04861035,0.07566601630050108,2
56,Kentucky,Lexington,8/9/2012,Radiance HD,9/15/2017,259,5.5,415,363,3294.39,732.7,21.22352677,13.656139965363836,24.52622135,0.2950973853657066,3
57,Wisconsin,Arlington,41730,55V50,41885,244,5.59,910,362,2952.83,831.2,20.38642461,14.940791339749845,22.40260775,0.07828116066096451,3
58,Kentucky,Lexington,4/12/2018,Ameristand 403T Plus,8/20/2018,256,2.31,204,6,2808.31,511.9,21.32793912,15.420095246733752,25.95971369,0.2746188194975416,1
59,Wisconsin,Marshfield,41730,55V50,9/14/2017,258,6.35,145,5,3127.35,696.4,22.30844249,16.54668753942603,24.20441293,0.07435869776855282,2
60,Wisconsin,Arlington,41730,55V50,42249,245,7.86,447,364,4743.15,725.4,8.12722516,0.5879787531916383,12.27141043,0.07818671138425495,4
61,Wisconsin,Marshfield,41730,AFX064022,41890,254,2.06,130,1,2945.48,509.3,16.52961594,9.616067081247358,22.75607652,0.7,1
62,Wisconsin,Arlington,41730,55V50,41886,245,5.98,130,5,2798.78,328.4,15.78435992,9.766128482394208,23.48079761,0.08235340425177336,2
63,Wisconsin,Arlington,41365,55V50,41885,247,5.97,1043,366,4690.2,755.2,6.44148732,-0.009012277357656862,12.41164252,0.07876278006080611,3
64,Wisconsin,Arlington,41730,55V50,42251,245,6.06,1027,365,4718.57,753.0,7.52816062,2.3511278849363704,11.90609216,0.07651401730401754,2
65,Wisconsin,Arlington,41730,55V50,41885,242,6.07,515,364,2767.82,756.7,19.56956653,10.27121591852753,24.51664944,0.08079459859404059,3
66,Wisconsin,Marshfield,41365,55V50,41885,245,4.46,1109,363,4607.56,676.6,5.95415505,1.3047712903670767,23.43933869,0.07597941114333166,2
67,Wisconsin,Arlington,41730,55V50,42251,246,5.48,466,363,4571.89,772.6,6.03487274,1.567933069316144,11.47113817,0.0799962471005172,3
68,Kentucky,Lexington,8/9/2012,Caliber,9/18/2014,259,5.93,987,371,2913.84,781.0,20.50113212,14.797617589910516,25.3204584,0.27824667867743463,4
69,Wisconsin,Lexington,41730,55V50,41885,259,6.06,521,362,3068.88,792.9,20.3051741,13.758099407916383,24.76759671,0.07966048531236292,3
70,Wisconsin,Marshfield,41730,55V50,41890,233,2.34,199,3,2701.14,510.2,16.45724278,10.36909891345188,23.36734031,0.077867388479379,2
71,Kentucky,Lexington,8/9/2012,55V50,9/14/2017,259,4.58,988,363,3025.55,758.3,20.07699356,14.572739127936504,25.56452421,0.28737490698198065,2
72,Wisconsin,Marshfield,41730,55V50,9/14/2017,235,1.4,130,1,4587.08,456.9,20.57743927,14.725827208435456,23.80059893,0.0863918026518949,1
73,Kentucky,Lexington,8/9/2012,Caliber,9/19/2016,256,5.3,1008,363,4726.67,732.0,21.89130401,15.819891032688716,23.30992654,0.28174732732530583,3
74,Wisconsin,Arlington,41730,55Q27,42251,246,5.16,863,367,4576.33,746.5,7.31988706,0.39693957391757473,11.57920419,0.08297176637857546,1
75,Wisconsin,Marshfield,41365,55V50,42240,226,5.58,805,362,4717.73,815.8,5.87064854,0.9076659665012038,24.85638635,0.08535719521970939,1
76,Kentucky,Lexington,8/9/2012,Caliber,9/12/2018,256,5.29,1193,361,2856.74,783.3,21.48560734,15.997537274054933,25.86604833,0.2941935569844545,2
77,Kentucky,Lexington,3/31/2015,Saranac AR,9/12/2018,253,5.6,1047,360,3387.47,761.1,21.10928662,15.12925020564021,26.28870993,0.29341391922947124,1
78,Wisconsin,Arlington,41730,55V50,42604,232,5.01,479,366,4784.04,1043.2,6.27953575,2.469609772712266,13.58640509,0.08030633287915359,4
79,Wisconsin,Arlington,41730,55V50,42249,246,7.44,505,365,4680.96,747.8,6.50574753,1.4525006382833123,11.00207239,0.0801628863893968,4
80,Wisconsin,Marshfield,41730,55V50,42613,238,5.61,529,366,4674.94,910.8,8.15694354,2.6030047929102684,12.55610757,0.0787788114695434,3
81,Wisconsin,Marshfield,41730,55V50,41890,254,5.47,862,361,2973.69,772.0,21.1227889,15.892019124943161,23.74475125,0.07797636669844481,2
82,Kentucky,Lexington,8/9/2012,Ameristand 403T,9/18/2014,260,5.93,1209,371,4718.84,795.8,20.92188646,15.426594712340723,24.05098786,0.28529246782505435,4
83,Wisconsin,Marshfield,41730,55V50,41890,230,5.74,180,6,2863.12,571.5,17.66981834,10.526952345737447,25.75413385,0.07982252669868566,1
84,Wisconsin,Arlington,40664,55V50,41885,246,6.15,530,366,4716.6,819.0,7.79117291,0.2843254450268651,10.97891816,0.07752079764789324,3
85,Wisconsin,Arlington,41365,55V50,42251,245,5.45,1009,365,4617.58,743.3,8.09623754,1.1226438330783366,12.27581223,0.08420678524126993,2
86,Wisconsin,Marshfield,41730,55V50,42613,239,6.73,547,367,4652.13,1043.2,9.02469353,3.9514948217685424,13.40883212,0.0794688782543835,4
87,Wisconsin,Arlington,41730,55V50,8/12/2013,242,6.35,460,2,2883.56,700.7,16.185548,9.583212313090609,22.90030405,0.08258289579992391,4
88,Wisconsin,Marshfield,42095,55Q27,42243,240,2.47,150,5,3071.4,533.1,16.27669725,10.687874810246234,22.24164598,0.08038090125649316,1
89,Wisconsin,Marshfield,41730,55V50,41886,248,1.19,130,6,2768.03,186.5,16.86518653,10.340216136249774,23.35844442,0.07770755301190535,2
90,Kentucky,Lexington,8/9/2012,Caliber,9/18/2014,261,6.86,1086,369,4823.51,816.7,21.2668106,15.112563367289045,24.34871267,0.2828673762120061,4
91,Wisconsin,Marshfield,41730,55V50,42613,230,4.87,1065,367,4595.31,1015.4,7.81459588,3.7504697841949133,14.49840462,0.07977265833718396,2
92,Wisconsin,Marshfield,41730,55Q27,41890,248,1.88,130,9,2990.04,419.4,15.70547268,10.015699369650537,22.88695731,0.07813234819781345,2
93,Wisconsin,Lexington,41730,55V50,9/14/2017,262,1.73,212,365,2740.58,379.4,21.36403314,15.353732021267778,24.82038506,0.07753343984435201,2
94,Wisconsin,Arlington,41365,55V50,42251,245,5.27,843,364,4718.83,745.0,6.98041827,1.00103042337616,12.2178468,0.0753960084021303,2
95,Kentucky,Lexington,4/5/2016,Ameristand 403T Plus,9/19/2016,262,1.85,177,1,2714.2,466.0,23.2932757,16.439416727490112,26.77807419,0.2775340697663289,1
96,Wisconsin,Arlington,41730,55V50,42251,246,7.49,1006,365,4776.03,766.7,6.71252474,1.8473355081702751,11.98944015,0.07993447976040968,4
97,Wisconsin,Lexington,41730,55V50,9/14/2017,262,5.71,1151,360,3289.32,723.8,20.32611008,15.963368634137048,23.42135313,0.2908396599466671,2
98,Wisconsin,Marshfield,41730,55Q27,42243,233,2.81,210,3,2845.45,537.4,15.93147409,10.671869285553088,22.44140948,0.07166609459405547,1
99,Kentucky,Lexington,4/5/2017,Saranac AR,9/14/2017,255,2.66,200,1,3111.33,573.1,20.81036276,15.195031448077977,25.52008672,0.29207487305627466,1
100,Kentucky,Lexington,4/5/2016,Caliber,9/19/2016,262,2.34,1132,368,2455.39,779.5,20.40076845,16.512170329862197,25.9996674,0.28233652114492286,3
101,Wisconsin,Marshfield,41730,55V50,42240,237,5.48,437,367,4675.58,792.7,5.75960646,0.522075224192097,23.50145103,0.07783086922730247,2
102,Wisconsin,Arlington,41730,55Q27,41886,247,2.27,183,3,2432.96,109.7,17.00771668,10.928499432517158,24.29378932,0.07216065553370397,1
103,Wisconsin,Marshfield,41365,55V50,42240,236,5.33,1039,362,4513.2,764.2,6.4163428,0.4925708441449186,11.94486998,0.0802986139125564,2
104,Wisconsin,Arlington,41365,55V50,42251,246,5.75,703,365,4696.14,800.5,7.34823166,-0.0960760514965533,12.89680587,0.08041932606393283,3
105,Wisconsin,Marshfield,41730,55V50,41890,237,2.59,130,1,2821.83,532.8,15.51739915,9.878085066571055,22.11191058,0.07847294141353486,1
106,Wisconsin,Arlington,41365,55V50,41885,249,6.8,1225,367,4650.21,813.8,5.53,2.0369374109590614,11.93492498,0.0741945834591302,4
107,Wisconsin,Arlington,41730,55V50,41886,245,2.82,130,3,2935.82,234.4,16.41340117,9.591476400057125,23.91549697,0.07545604818684341,2
108,Wisconsin,Marshfield,41730,55V50,9/14/2017,237,2.43,130,9,3189.08,403.7,16.03588638,17.29725494408052,24.3195661,0.07783358471934529,1
109,Kentucky,Lexington,8/9/2012,Caliber,9/12/2018,257,5.13,1254,362,3195.84,778.2,21.10552169,13.594837088953096,25.10520425,0.2918910910788349,2
110,Wisconsin,Marshfield,41730,55V50,42613,235,7.56,549,361,4533.36,1043.2,7.82009795,0.692858675581594,12.60667753,0.07834104309674632,3
111,Kentucky,Lexington,8/9/2012,GA-505,9/15/2017,258,4.3,1097,368,4823.96,868.5,19.24413955,13.339041619904098,25.38418216,0.2865657458127431,3
112,Wisconsin,Lexington,41730,55V50,9/15/2017,255,6.03,580,367,3169.27,753.2,20.74869216,13.921177018034406,25.15718695,0.2886901191570827,3
113,Kentucky,Lexington,8/9/2012,Caliber,9/15/2017,257,5.93,1015,363,3740.23,787.9,21.04103244,13.417811256699165,25.34825376,0.2922773025726472,4
114,Wisconsin,Marshfield,41730,55V50,41890,231,4.79,178,1,2952.28,799.4,16.81851171,10.880035967683783,23.71534844,0.0775986046759326,2
115,Wisconsin,Arlington,41365,55V50,42251,245,6.11,997,363,4674.14,764.6,8.20839805,0.5829798114042302,11.20948627,0.08341233544039629,2
116,Kentucky,Lexington,41730,55V50,42613,231,7.09,461,363,4765.29,937.5,7.75614368,2.914621633745457,12.99618787,0.2895150353731525,2
117,Wisconsin,Marshfield,42095,55V50,41890,231,2.07,149,1,3060.52,563.0,16.04370163,9.916596596687423,22.9756963,0.08059740142095084,1
118,Wisconsin,Arlington,41730,55V50,41886,246,1.77,130,1,3020.05,153.1,16.01291601,11.695305956525203,21.83457707,0.07236188169028557,1
119,Wisconsin,Arlington,41730,55V50,41886,247,5.18,130,1,2877.43,109.7,7.64402157,11.002724635523004,23.22564791,0.07437657426159612,2
120,Wisconsin,Arlington,41730,55V50,42251,247,5.65,435,363,4603.06,833.7,6.51317404,1.2950201930621357,12.80305131,0.07832133805224703,3
121,Wisconsin,Arlington,41730,55V50,41885,246,7.39,1028,364,4789.48,790.7,7.29390766,0.36481614426534414,10.92,0.07262370908290841,4
122,Wisconsin,Arlington,41730,55V50,41886,245,2.39,156,1,4716.3,216.5,16.03307125,10.25933205913478,24.77434361,0.07765760118430456,2
123,Wisconsin,Arlington,41730,5312,42251,247,5.14,895,365,4605.15,769.9,6.61341869,0.6103599476989267,12.16892957,0.08484419526175203,4
124,Kentucky,Marshfield,3/31/2015,55V50,9/12/2018,257,5.52,130,1,2780.4,1008.5,21.63831827,15.928293431420808,25.23030968,0.29183418478149925,2
125,Kentucky,Lexington,3/31/2015,Caliber,9/12/2018,255,5.29,968,363,3500.1,776.0,21.23845003,16.350665532019004,24.79850037,0.2870789014586955,3
126,Wisconsin,Marshfield,41365,55V50,41919,250,4.6,928,362,4732.51,768.9,6.26369497,-0.53,22.69896923,0.08276648784748286,2
127,Kentucky,Lexington,8/9/2012,Caliber,9/15/2017,260,5.41,1004,368,3310.78,837.4,19.45654281,14.454657406826824,26.36396587,0.2775184093216391,4
128,Wisconsin,Marshfield,41365,55V50,42240,236,4.98,1066,365,4823.96,781.1,7.59239564,0.14106714433491052,11.80036067,0.08442029106685174,1
129,Wisconsin,Arlington,41730,55V50,41885,245,5.1,1019,365,4755.08,840.9,19.65995929,0.1938472715878936,23.58661108,0.07216961954349393,4
130,Wisconsin,Arlington,41730,55V50,42251,247,5.8,1012,367,4580.09,712.5,7.08167035,1.7908140814802278,11.64752622,0.07915800243920582,3
131,Wisconsin,Marshfield,41730,55V50,42240,241,5.28,481,366,4665.07,769.4,6.58715659,1.1128252533274876,12.32532406,0.08046331932514307,2
132,Kentucky,Lexington,8/9/2012,Caliber,9/18/2014,262,5.24,881,367,4676.33,1043.2,21.47385733,15.240130426052495,26.5796758,0.28516360705244115,3
133,Kentucky,Lexington,3/31/2015,Saranac AR,9/12/2018,257,6.86,836,367,3073.62,776.3,20.57748311,14.456007751659895,22.86569429,0.2880012692605839,1
134,Kentucky,Lexington,4/5/2016,Caliber,9/19/2016,261,2.48,177,11,2740.97,491.8,20.42429254,15.372737955534658,24.72233742,0.2878680108587268,1
135,Wisconsin,Arlington,41365,55V50,41885,248,5.71,903,366,4691.93,798.2,6.08203218,2.184045692914812,11.07386135,0.07604295612677703,3
136,Kentucky,Lexington,3/31/2015,Caliber,9/12/2018,257,4.66,950,367,4628.04,827.1,21.79173804,16.095434442628815,25.08751714,0.2812973858890393,3
137,Kentucky,Lexington,4/5/2016,Caliber,9/19/2016,254,1.48,189,367,4538.81,993.9,21.62811663,16.97461904127004,26.21113011,0.28052722560787074,1
138,Wisconsin,Lexington,41730,55V50,9/15/2017,254,6.87,461,364,2853.48,782.5,21.6063095,14.798499065617833,23.82099903,0.08030665389752385,4
139,Kentucky,Lexington,3/31/2015,Caliber,9/12/2018,256,5.51,1254,364,2721.4,809.3,20.50208415,16.856159958861898,23.76644736,0.29166916548714683,2
140,Kentucky,Lexington,41730,55V50,9/14/2017,262,4.91,1024,367,2780.02,990.1,22.97400399,16.95327973061286,24.73480274,0.28576888434250114,2
141,Kentucky,Lexington,4/5/2016,55V50,42613,235,5.45,1079,364,4561.27,1030.8,21.8406846,16.425242598416634,27.40753982,0.28520076004695666,1
142,Wisconsin,Marshfield,41730,55V50,42240,235,5.44,512,363,4737.04,757.7,6.26691731,1.4574719512618715,12.25363778,0.07640261371876317,2
143,Wisconsin,Arlington,41730,55V50,42251,234,5.79,856,366,4657.41,769.6,7.45365884,2.367044151411863,12.02011751,0.08343872404184928,3
144,Wisconsin,Marshfield,42095,55V50,42243,239,1.52,130,4,2714.45,613.1,16.74639867,16.043918371247063,25.60999214,0.08121335980631705,1
145,Wisconsin,Arlington,41730,5312,42251,243,8.03,1060,363,4605.25,722.3,7.54568059,0.9416742101414869,12.58672115,0.07693361655040239,3
146,Wisconsin,Marshfield,41365,55Q27,42240,248,4.86,130,367,4689.54,819.7,6.04229746,1.8516155395674325,23.5241985,0.08226933405049294,2
147,Wisconsin,Arlington,41730,55V50,42604,239,8.45,982,363,4706.88,1004.3,7.83805366,2.834503873210476,12.23196778,0.0765891711740204,4
148,Kentucky,Lexington,8/9/2012,Caliber,9/14/2017,257,5.28,1232,366,3643.55,787.4,21.08391542,15.452354357606056,26.02619952,0.29161272353608386,2
149,Wisconsin,Arlington,41730,55V50,42604,245,6.15,1001,364,4655.87,785.7,8.40684255,4.3488235746184305,12.46932727,0.08081531074806637,4
150,Kentucky,Lexington,3/31/2015,Caliber,9/12/2018,253,4.87,907,363,3152.21,835.9,21.92752222,16.046511762830683,25.38422662,0.29774673298562926,2
151,Wisconsin,Marshfield,41365,55V50,41919,246,4.7,1116,364,4731.71,789.5,6.95351305,-0.17440305209831264,11.65872048,0.08326272515358871,3
152,Kentucky,Lexington,4/5/2016,Caliber,9/19/2016,255,2.69,1105,365,2899.01,836.5,20.00213311,14.256950821039075,25.19975551,0.278835698577592,3
153,Wisconsin,Marshfield,41730,55V50,42613,238,5.91,515,365,4631.85,919.0,7.7063617,2.3250173682237594,12.33019258,0.07453419467343192,3
154,Kentucky,Lexington,8/9/2012,Caliber,9/15/2017,260,5.52,1031,362,4823.96,776.2,19.72340684,15.73587915668997,25.09650069,0.2880679174619349,2
155,Wisconsin,Arlington,41730,55V50,42249,246,7.91,1017,364,4689.42,757.4,7.07711405,0.8936906544255835,11.79199714,0.0821832662181845,4
156,Wisconsin,Marshfield,41730,55V50,42251,239,5.5,756,363,4823.96,781.4,6.66802128,1.3690918221482606,24.66319863,0.07935807534284771,2
157,Kentucky,Lexington,8/9/2012,Caliber,9/15/2017,229,8.16,556,362,4614.94,767.4,20.21184111,16.04603069702728,11.08411785,0.29299843072391907,3
158,Wisconsin,Arlington,41730,55V50,42249,246,7.76,502,366,4644.71,761.2,6.39174602,0.9965657493091624,11.98050301,0.08369145685027729,3
159,Wisconsin,Arlington,41730,55V50,41886,243,7.18,518,1,3261.24,733.0,20.15562546,15.09996088871645,24.73092956,0.07643066343823217,3
160,Wisconsin,Marshfield,41730,55V50,41919,256,4.91,880,358,3009.49,784.1,20.19939672,14.764878206844813,23.34405914,0.08252268867056685,2
161,Kentucky,Lexington,8/9/2012,55V50,42604,239,6.03,1134,366,4823.96,994.1,6.78125162,1.277508792692318,13.57569802,0.2897831632904811,3
162,Wisconsin,Lexington,41730,55V50,8/12/2013,234,5.97,513,364,2916.55,768.6,20.48053983,14.502963133372253,23.41907299,0.28664286744083306,2
163,Wisconsin,Arlington,41365,55V50,41885,246,5.88,1109,367,4717.45,794.6,6.58767559,1.0492823586960451,11.10013049,0.07408738104196139,2
164,Wisconsin,Marshfield,41365,55V50,41919,258,4.61,865,364,3231.94,796.8,19.62646995,15.368095037286098,26.38791775,0.2934597635286774,2
165,Wisconsin,Arlington,41730,55V50,9/15/2017,241,5.57,507,362,4748.48,744.0,6.35792213,0.7775024770326753,11.8289327,0.07693444689959507,3
166,Kentucky,Lexington,4/12/2018,Saranac AR,42243,254,2.07,168,4,2777.69,421.4,21.93506833,17.170697139540643,25.60976512,0.27996445981772444,1
167,Wisconsin,Marshfield,41730,55V50,42243,242,2.07,130,3,3136.92,499.4,16.01348738,10.183750956718523,23.52587408,0.07545636031412174,1
168,Wisconsin,Arlington,41730,55V50,42613,233,5.11,945,367,4619.55,980.4,8.28275808,3.31807006247843,12.77813221,0.07721028337187409,2
169,Kentucky,Lexington,8/9/2012,Caliber,9/13/2018,255,5.7,451,361,2795.01,774.4,20.90056591,15.077312066113322,24.57739785,0.2988293546709727,2
170,Wisconsin,Arlington,41365,55V50,42251,247,6.54,1086,362,4489.2,787.3,7.40803594,1.9745819924036052,11.49265602,0.08612007092885053,3
171,Kentucky,Lexington,3/31/2015,GA-505,9/12/2018,261,5.05,1243,367,3273.2,861.4,21.81425119,14.702319469111114,25.10425609,0.29513681716273066,2
172,Wisconsin,Marshfield,41365,55V50,41919,246,5.95,1018,365,4744.1,783.2,6.91958783,0.7619837203128862,12.41944157,0.08150639848907554,2
173,Kentucky,Lexington,8/9/2012,Caliber,9/12/2018,254,5.17,932,361,3176.81,753.7,20.56223922,15.597775479929975,26.26293978,0.2960439794217872,1
174,Kentucky,Lexington,3/31/2015,Contender,9/19/2016,264,3.43,1275,361,2956.33,627.6,21.25508658,16.561271647809658,26.01139148,0.28901401863784404,1
175,Wisconsin,Arlington,41730,55V50,42249,247,7.73,1004,367,4637.93,789.9,7.43563264,0.1285876242429722,11.9423195,0.07990053346640508,3
176,Wisconsin,Marshfield,41730,55V50,42613,229,5.33,498,365,4722.93,1043.2,6.41615858,2.1511593823691744,11.99545625,0.08456005307936795,3
177,Wisconsin,Lexington,41730,55V50,9/14/2017,255,2.14,130,1,3023.7,465.8,15.47892851,15.40127958352072,25.12938733,0.2899738188257386,1
178,Wisconsin,Arlington,41365,55V50,41885,245,5.56,1186,366,4807.43,734.8,7.29382442,0.684657217508168,11.22798408,0.07399013963225999,3
179,Wisconsin,Marshfield,41730,55V50,42613,225,5.01,515,361,4694.58,769.1,7.37193807,1.9692368125061717,25.11459751,0.08009282703077723,2
180,Wisconsin,Marshfield,41730,55V50,41890,245,3.61,130,1,2655.74,554.2,16.76683864,10.683004837401572,22.29534082,0.07633739042120141,1
181,Kentucky,Lexington,8/9/2012,Caliber,9/15/2017,254,4.93,578,357,3184.25,785.4,20.04723397,15.405273193742135,24.55953104,0.297947122491689,2
182,Kentucky,Lexington,8/9/2012,Caliber,9/15/2017,255,5.37,476,359,3197.22,703.2,18.73208757,14.313269894508865,24.21902941,0.29626542621594615,4
183,Wisconsin,Marshfield,41730,55V50,9/12/2018,257,5.07,1074,362,2713.27,753.3,20.5786203,17.103797140869947,24.00303938,0.29185398956527486,2
184,Wisconsin,Marshfield,41365,55V50,41919,229,4.74,1220,362,4775.64,729.5,6.6497795,0.01847817390325579,11.09027994,0.08278012465504336,2
185,Wisconsin,Lexington,41730,55V50,9/14/2017,259,2.63,218,1,2881.2,371.6,22.6153754,16.802633724933212,23.62184181,0.28320115246090016,2
186,Kentucky,Lexington,8/9/2012,Caliber,9/15/2017,259,5.54,1196,362,4765.42,787.2,19.19195452,15.668632197861674,23.77518382,0.2881247514348898,3
187,Wisconsin,Marshfield,41365,55V50,42240,241,5.47,487,366,4580.57,778.1,6.47254942,2.118589847737585,12.30182707,0.07158294183002926,2
188,Kentucky,Lexington,8/9/2012,Caliber,9/14/2017,262,6.19,486,364,2880.69,774.3,19.09552976,14.459193404149941,25.17639161,0.29322337581311747,3
189,Wisconsin,Marshfield,41365,55V50,42240,237,4.76,504,362,4772.82,799.2,6.57733299,2.3700862718689573,12.77272462,0.07964048496596601,3
190,Wisconsin,Marshfield,41730,55V50,41890,246,4.97,200,7,2926.56,516.5,16.08076115,10.083442221748669,23.0564591,0.7,2
191,Kentucky,Lexington,8/9/2012,Caliber,9/12/2018,258,4.56,1188,363,4690.5,791.9,21.80758451,16.319255348499727,24.56758908,0.29352963387013825,2
192,Wisconsin,Arlington,41730,55V50,42251,248,5.57,513,362,4410.85,774.7,7.2977365,-0.53,11.81373376,0.07849299295609871,1
193,Kentucky,Lexington,8/9/2012,Caliber,9/13/2018,257,4.65,1146,360,2979.45,744.4,19.71269254,13.936387206834796,27.19725776,0.29410858695213793,2
194,Wisconsin,Arlington,40664,55V50,41885,246,6.42,906,367,4823.96,810.2,6.18805687,0.694953413712848,11.7213042,0.07552963987669352,3
195,Wisconsin,Marshfield,41365,55Q27,42240,247,4.65,866,364,4680.64,780.4,6.8165452,2.060054941195719,10.92,0.0807057203088897,2
196,Wisconsin,Marshfield,41365,55V50,42240,259,4.61,1046,363,4636.8,804.3,20.45670021,15.98680989019492,23.87807797,0.2915803878797833,2
197,Kentucky,Lexington,8/9/2012,Caliber,9/15/2017,256,6.51,533,361,3106.75,757.1,20.42767149,14.530277391057814,25.11840103,0.28894759351593063,3
198,Wisconsin,Arlington,41365,55V50,41885,246,7.29,1203,363,4823.96,747.6,5.83582252,-0.53,11.77846687,0.07233214934091133,3
199,Kentucky,Lexington,8/9/2012,Caliber,9/19/2016,258,5.3,1168,367,3510.22,584.4,18.66764477,15.193998159862312,25.76792628,0.29037291403451754,2
200,Wisconsin,Arlington,41730,55V50,42251,233,5.07,532,364,4561.46,761.8,6.76493992,-0.53,12.24082718,0.08146385861291418,2
201,Wisconsin,Marshfield,41365,55V50,42240,235,4.81,1202,366,4714.91,782.4,7.52248575,2.6394439612946927,12.15697231,0.07968457577512794,2
202,Wisconsin,Arlington,41730,55V50,42249,244,7.31,583,367,4634.68,787.4,8.47806543,0.672464293554884,12.25032793,0.08018108830874791,4
203,Kentucky,Lexington,41730,55V50,9/14/2017,261,2.09,133,2,3306.24,542.0,21.41930396,15.734963017953056,22.12520194,0.2842420865487576,2
204,Wisconsin,Marshfield,42095,55Q27,42243,239,1.29,130,2,4704.57,497.3,17.42955922,10.49668695176327,22.74493365,0.07436352280597149,1
205,Wisconsin,Arlington,41730,55V50,41885,246,5.9,1061,366,4707.48,748.8,5.66676431,1.368500141692713,24.52875308,0.07001115951163993,2
206,Wisconsin,Marshfield,41730,55V50,41890,231,2.13,208,1,2992.27,536.0,16.32729095,10.174838173026552,23.00123826,0.07674066241244795,2
207,Wisconsin,Marshfield,41365,55V50,42240,257,5.23,1282,366,4823.96,742.5,8.03649688,1.77610498883924,12.54368381,0.08738583472745194,3
208,Kentucky,Lexington,8/9/2012,Caliber,9/15/2017,253,5.98,1238,366,4770.27,806.3,21.15718873,15.362510022679185,25.85507055,0.286580681255872,3
209,Wisconsin,Marshfield,41365,55V50,41919,246,5.11,161,360,4696.85,825.1,6.86718957,0.1801416090340242,23.23070914,0.08787536406356083,2
210,Wisconsin,Lexington,41730,55V50,41890,259,5.34,130,3,3211.45,769.7,21.08048486,16.33072109535463,25.79398501,0.29251253068891797,2
211,Wisconsin,Marshfield,41730,55V50,42613,230,6.09,425,366,4652.46,1043.0,7.7862175,3.3967046057161614,12.94178813,0.07809121446980001,3
212,Kentucky,Lexington,3/31/2015,Caliber,9/13/2018,259,4.89,535,362,4709.3,795.9,21.76206323,15.378691844948003,25.99531983,0.28531929475425166,2
213,Kentucky,Lexington,8/9/2012,Caliber,9/12/2018,257,5.57,1117,363,4671.85,816.1,20.32549764,16.0009549599862,25.45701575,0.28484912169868215,3
214,Kentucky,Lexington,4/5/2017,Saranac AR,9/14/2017,255,2.86,131,1,3366.3,816.2,19.92181429,14.730738137527085,23.94757151,0.289323499775366,1
215,Kentucky,Lexington,8/9/2012,GA-505,9/12/2018,263,4.37,1123,362,3036.39,791.4,20.14784287,16.54247042960943,24.25119907,0.29352695302394377,2
216,Wisconsin,Arlington,41365,55V50,42251,245,5.08,440,363,4579.15,814.4,6.93106055,1.3647124438022427,12.61311605,0.07745233636014974,2
217,Kentucky,Lexington,4/5/2017,Ameristand 403T Plus,9/14/2017,255,1.19,132,1,2721.93,589.1,21.77471414,13.506141058044248,24.50798872,0.2851360297658738,1
218,Wisconsin,Arlington,41730,55V50,42251,248,6.86,1135,366,4787.44,730.2,7.43718173,1.1066862667779298,11.40024511,0.08190493512387816,2
219,Wisconsin,Marshfield,41365,55Q27,42240,248,5.03,823,366,4627.05,716.3,7.5941506,2.095106376350822,12.80799139,0.08407579074803671,1
220,Wisconsin,Arlington,40664,55V50,41885,272,5.21,1151,363,4768.24,804.3,5.97136062,0.38735378617312066,11.22376125,0.07635024846207854,3
221,Wisconsin,Arlington,41730,55V50,42251,246,5.97,833,366,4582.87,765.7,7.95122752,2.9060807649879576,12.08570714,0.07943440969746898,2
222,Kentucky,Lexington,3/31/2015,Caliber,9/12/2018,260,4.23,956,365,3111.78,782.8,21.70769169,16.50511126985712,25.12158799,0.290189229942623,2
223,Wisconsin,Lexington,41365,55V50,41885,255,4.57,428,366,4758.98,799.5,6.32553737,1.0980369424075545,12.13385224,0.07859552634720189,3
224,Kentucky,Lexington,3/31/2015,Caliber,9/14/2017,255,2.79,1117,1,2942.6,778.3,19.79885433,16.793857627925867,25.80817469,0.2872831040783473,1
225,Wisconsin,Arlington,41730,55V50,42251,245,5.52,558,366,4556.66,767.7,6.47638002,0.15418078145134317,11.8355776,0.07702098423156704,2
226,Kentucky,Lexington,8/9/2012,Caliber,9/15/2017,257,5.78,1083,362,3226.12,781.1,20.24819557,13.582113665761744,24.16329585,0.2873884423560651,3
227,Wisconsin,Arlington,40664,Hybriforce-3400,41885,246,6.65,816,366,4684.05,833.5,7.64825705,-0.53,11.42459166,0.07964958211609627,2
228,Kentucky,Lexington,4/5/2016,Caliber,9/19/2016,257,6.14,1088,366,4744.66,912.2,21.63899895,17.673711884383884,26.70902073,0.2811772828335592,3
229,Wisconsin,Marshfield,41365,55Q27,42240,246,6.0,1162,367,4703.68,768.8,5.71136395,1.2951000298390047,12.74438381,0.07641425536722525,2
230,Wisconsin,Lexington,41730,55V50,42604,232,7.92,596,366,4567.14,1002.3,8.76066873,2.2055573748485453,13.17731886,0.07995416046877589,4
231,Kentucky,Lexington,4/5/2016,Caliber,9/19/2016,260,1.24,161,368,2650.68,484.9,21.27227266,16.5976435442567,23.65775144,0.28289468480385327,2
232,Kentucky,Lexington,41730,55V50,9/14/2017,233,6.85,240,1,2821.52,781.6,20.80487424,13.6691673866906,24.56014332,0.28574383297132355,2
233,Kentucky,Lexington,8/9/2012,Caliber,9/14/2017,253,5.2,1226,368,4715.1,794.7,19.97728804,16.01640447752045,24.54266116,0.2873022379800887,2
234,Kentucky,Lexington,8/9/2012,Caliber,9/15/2017,259,5.93,1118,368,3500.12,831.2,22.93814847,16.399330464771683,25.55456328,0.2860652789293557,3
235,Kentucky,Lexington,42095,Saranac AR,9/19/2016,242,1.58,147,7,4697.58,987.1,22.68117975,15.776483390308469,26.79147099,0.28726924082391125,1
236,Wisconsin,Arlington,41730,55V50,42249,246,9.45,1024,360,4692.16,733.0,6.35176922,2.3152851264465415,12.2704433,0.08396604844456765,3
237,Kentucky,Lexington,8/9/2012,Caliber,9/14/2017,257,5.75,1175,364,3220.87,742.4,20.08677662,14.633122218068491,23.86488623,0.2833387335478542,3
238,Kentucky,Lexington,8/9/2012,Caliber,9/15/2017,258,6.3,393,363,3214.79,708.4,18.74974108,14.649781076668749,24.92031457,0.29083343511818205,3
239,Wisconsin,Marshfield,41365,55V50,41885,257,6.32,1003,365,4702.71,811.3,7.02594302,0.6854237591467103,13.11224869,0.07788179207447878,2
240,Kentucky,Lexington,8/9/2012,Caliber,9/18/2014,256,5.16,981,367,4765.55,826.7,20.95607123,15.576094096268832,25.49003965,0.2872181547116638,2
241,Kentucky,Lexington,4/5/2016,Saranac AR,9/14/2017,255,2.37,130,6,3196.21,1043.2,21.38287349,16.03882046306721,26.25781471,0.28026399144146713,1
242,Wisconsin,Arlington,41730,55V50,41886,244,5.26,243,2,4652.19,258.1,5.72980828,10.398689537002685,22.94903374,0.08077502228497746,2
243,Kentucky,Lexington,4/5/2017,Contender,9/14/2017,259,2.98,239,1,2803.92,1043.2,21.47301997,16.929563288450396,25.82025933,0.2851556014039335,1
244,Kentucky,Lexington,8/9/2012,Saranac AR,8/12/2013,257,5.08,507,2,3437.69,838.7,16.54794451,15.54244186415695,23.76304837,0.3020700860901913,2
245,Wisconsin,Arlington,41730,55V50,42240,247,6.76,726,363,4575.96,807.4,6.39729875,0.36254005397573286,11.64899885,0.07885385601250981,1
246,Wisconsin,Arlington,41365,55V50,42251,245,4.62,1107,366,4762.68,762.7,7.33039303,2.5143755660941,11.95170518,0.0759549293944019,3
247,Wisconsin,Arlington,41365,55V50,42251,248,5.96,937,363,4681.23,799.5,7.62647305,0.8330571979472003,12.9573666,0.0770985833239688,2
248,Wisconsin,Marshfield,41365,55V50,42240,235,5.73,1013,364,4658.07,726.7,5.53740085,-0.3867868644265855,12.32586655,0.08206466840877723,2
249,Wisconsin,Arlington,41365,55V50,41885,247,4.67,1103,366,4782.58,777.9,6.36966307,-0.3979035284729364,11.94448971,0.07648398054648459,2
250,Wisconsin,Marshfield,41365,55V50,41885,280,5.57,526,364,4823.96,779.5,6.88234339,0.6721739545594656,11.16653026,0.07942035835869705,3
251,Kentucky,Lexington,8/9/2012,Caliber,9/13/2018,255,6.14,479,366,4680.04,722.8,19.36261078,16.648176005401766,25.6783172,0.2966833639762872,2
252,Wisconsin,Arlington,41730,AFX 064022,41886,245,2.05,130,3,3224.65,219.0,15.59670347,9.859517290633061,23.10929808,0.07190387365483926,1
253,Wisconsin,Marshfield,41730,55V50,41886,248,1.42,132,6,3076.78,194.6,16.4884827,9.077563457505432,23.64922591,0.07305377193742961,1
254,Wisconsin,Marshfield,42095,55Q27,42243,229,2.95,196,1,2749.65,456.2,21.05369748,15.843209324760364,23.94018383,0.07503177032661466,1
255,Kentucky,Lexington,4/5/2016,55V50,9/19/2016,262,6.22,986,363,4788.35,748.7,23.79017857,14.525024985165302,24.9126556,0.28979154859010975,2
256,Wisconsin,Marshfield,41730,55Q27,41886,233,1.19,220,1,3017.82,605.3,16.12149145,10.93057882264045,24.8569675,0.07739226562761842,1
257,Kentucky,Lexington,8/9/2012,Caliber,9/13/2018,251,5.76,532,365,4744.48,754.6,22.43538417,16.824389566503378,27.27239263,0.2939336027493769,2
258,Wisconsin,Arlington,41365,55V50,41885,245,7.4,1222,362,4644.64,752.0,7.52822288,1.8970497877638732,12.20496075,0.08411076532668313,3
259,Wisconsin,Marshfield,41730,55V50,41890,246,1.59,193,5,3009.08,499.5,16.68705731,9.330242258085013,22.7124878,0.07678538252730974,1
260,Kentucky,Lexington,8/9/2012,Caliber,9/15/2017,258,5.71,987,361,3404.97,760.8,20.64084379,14.546470019807247,23.88559568,0.29425890165347773,2
261,Wisconsin,Arlington,41730,55V50,41886,245,6.05,130,5,2867.81,323.2,15.60051585,10.223245145331942,23.09812721,0.07746265404787656,2
262,Wisconsin,Arlington,41730,55V50,41885,247,5.95,788,365,4579.05,757.1,7.56736005,0.06512576170506668,10.92,0.08100538765634631,4
263,Wisconsin,Marshfield,41730,55V50,42240,241,5.34,130,367,4569.0,811.6,20.24604204,1.0068363776583085,23.82362139,0.07935196529720671,2
264,Kentucky,Lexington,8/9/2012,Caliber,9/13/2018,259,4.55,496,366,3110.37,826.1,21.03174367,15.202007817143993,25.72817031,0.29533954354850017,2
265,Kentucky,Lexington,8/9/2012,Caliber,8/12/2013,249,5.7,494,361,3093.24,766.0,20.53649971,16.060988572735802,24.68424248,0.292033652866827,2
266,Wisconsin,Arlington,41730,55V50,41885,245,5.31,879,362,4664.64,745.9,5.75801989,1.2058520380443447,11.59703324,0.07574329789040639,3
267,Wisconsin,Arlington,41730,55V50,42249,246,7.18,951,364,4702.74,737.9,7.21900823,1.8059480607348184,11.72425009,0.07416572288927539,3
268,Wisconsin,Lexington,4/5/2016,55V50,9/19/2016,232,2.07,130,1,4504.02,963.0,22.55683651,18.131316245307943,25.27764744,0.07639034814720098,1
269,Wisconsin,Marshfield,42095,55V50,42243,236,1.19,130,5,2883.06,552.5,21.13312948,15.986083618290492,22.683718,0.07220093483318461,1
270,Wisconsin,Arlington,41730,55V50,41886,246,5.51,130,12,3014.52,109.7,15.74914606,10.408202612491204,22.56098074,0.07231450188926083,2
271,Kentucky,Lexington,4/5/2016,Caliber,9/19/2016,237,2.06,178,1,4527.46,1033.0,22.11179151,17.192871572084254,27.3833437,0.2897846125659593,1
272,Wisconsin,Arlington,41730,55Q27,41886,249,2.46,146,1,2986.59,109.7,16.17688759,11.685492657147925,22.78137134,0.07455068523850279,1
273,Wisconsin,Marshfield,41730,Vernal,41886,248,5.9,130,2,2816.15,382.9,16.03763442,10.116846094247396,21.51865693,0.07140131195336347,2
274,Kentucky,Lexington,8/9/2012,Saranac AR,9/12/2018,257,5.54,239,359,2917.6,806.9,21.11359582,15.536280680743852,25.21931783,0.2962745692133026,2
275,Wisconsin,Arlington,41730,55V50,41885,244,6.91,1059,364,4622.61,788.5,7.3188538,-0.4496328452278866,11.82880886,0.07367671647826529,3
276,Kentucky,Lexington,8/9/2012,Caliber,9/13/2018,255,6.14,623,364,3210.76,836.0,21.32018198,15.218666208094978,23.99384373,0.2998329483440172,3
277,Kentucky,Lexington,8/9/2012,Caliber,9/12/2018,258,5.13,1151,361,2812.43,784.9,19.31944019,17.78801211371146,24.59518576,0.2994958313635006,2
278,Wisconsin,Marshfield,41365,55V50,41919,276,4.94,864,364,4798.64,805.9,5.53,2.20436993453145,12.54809257,0.08866654352582848,2
279,Wisconsin,Marshfield,41730,55V50,41886,243,1.8,149,1,2784.0,203.5,16.15056635,12.592885972973654,23.56178173,0.07869606395773585,1
280,Wisconsin,Arlington,41730,55V50,41886,247,2.11,228,7,2682.19,265.6,15.99307704,9.220883102291168,22.81173338,0.0728506720738474,2
281,Kentucky,Lexington,8/9/2012,Caliber,9/19/2016,258,8.62,1064,369,3026.5,1043.2,20.86826672,17.901248503021645,25.32009522,0.288483739405949,2
282,Wisconsin,Arlington,41730,55V50,42251,246,5.84,949,364,4606.11,1043.2,7.48461006,1.8320906151381255,12.79902093,0.08059991416340676,2
283,Wisconsin,Marshfield,41365,55V50,42240,245,5.54,932,364,4682.85,727.0,8.48379006,1.0086524846172988,12.66281078,0.08139664804332718,2
284,Wisconsin,Arlington,41730,55V50,41885,246,6.2,487,366,4611.64,736.4,6.78772923,0.8158507498968169,11.1563088,0.07779852092235623,2
285,Wisconsin,Arlington,41730,55V50,42604,243,7.72,555,363,4760.3,737.0,8.79672562,1.3323532352465897,12.62029405,0.07894453378937766,3
286,Kentucky,Lexington,8/9/2012,Caliber,9/18/2014,255,4.4,869,366,4683.65,830.9,19.61628843,15.906590407954623,24.17340103,0.2841981050910204,2
287,Wisconsin,Marshfield,41730,55V50,42240,247,5.88,496,363,4579.13,756.3,7.69732403,0.9319273379426746,12.41709986,0.0795393439788277,2
288,Wisconsin,Marshfield,41730,55V50,42613,232,5.84,535,365,4801.75,803.9,7.12360613,1.7771958394268543,11.82503408,0.07626122691678829,3
289,Wisconsin,Arlington,41730,55V50,42249,244,6.97,622,364,4765.09,704.4,6.54646853,0.6099571487772915,12.74788242,0.07515016085087196,4
290,Wisconsin,Marshfield,41365,55V50,41885,237,5.25,1106,365,4633.69,748.5,8.04588681,2.222998116410098,12.16779243,0.08456800146109478,2
291,Kentucky,Lexington,8/9/2012,Caliber,9/15/2017,259,7.36,521,364,4745.57,785.5,20.41550722,16.765351459984522,26.29029935,0.2929543389180251,4
292,Wisconsin,Arlington,41730,55V50,42251,245,8.77,877,366,4643.35,793.5,8.50409353,1.3117890130569523,12.13584596,0.07514413015434984,4
293,Kentucky,Lexington,4/5/2017,Saranac AR,9/14/2017,252,5.31,175,3,3097.01,776.8,21.42532473,15.57151226190618,24.704557,0.28930801445417814,2
294,Kentucky,Marshfield,41730,55V50,41890,257,6.46,160,363,2919.83,769.9,20.51734096,16.45588567490562,24.49898566,0.29089092478211576,2
295,Wisconsin,Arlington,41730,55Q27,41886,248,5.94,160,3,2928.06,123.6,15.98081273,10.836115919546053,22.80100866,0.07307207073291741,2
296,Wisconsin,Marshfield,41365,55V50,42240,237,4.43,1115,370,4628.8,751.0,8.13737082,3.2972709451004447,12.4609415,0.07535008309942541,3
297,Wisconsin,Arlington,41730,55V50,42604,230,6.66,510,366,4676.73,964.0,6.26893309,2.8147946893131577,12.93162193,0.07362295711584771,3
298,Wisconsin,Marshfield,42095,55V50,42613,238,7.24,925,365,4645.44,1043.2,7.53681675,1.8055429737631854,13.72714613,0.08355830752560024,3
299,Kentucky,Lexington,3/31/2015,Caliber,9/14/2017,264,6.0,1284,366,3264.13,795.8,21.28969409,15.197185438000664,25.75282503,0.292173716641512,3
300,Wisconsin,Marshfield,41365,55V50,42240,248,4.47,867,364,4710.29,769.8,5.53,0.6191315858467547,12.03708105,0.0826543365444189,2
301,Wisconsin,Arlington,41730,55V50,41886,247,5.93,209,5,4636.7,324.2,6.65556773,1.811132927191005,24.02859534,0.07500164241782507,1
302,Wisconsin,Arlington,41730,55V50,41886,245,6.23,460,6,2734.88,758.3,7.05394811,10.070074435952044,24.482112,0.07708282043099218,2
303,Wisconsin,Marshfield,41730,55Q27,41890,251,1.2,130,4,3184.68,589.9,15.82211339,10.082766209167389,21.41351132,0.0715754737323307,1
304,Kentucky,Lexington,8/9/2012,Caliber,9/15/2017,256,6.2,516,367,4710.93,741.2,21.88438413,15.27163315761015,24.53279609,0.29476706818813514,3
305,Kentucky,Lexington,3/31/2015,Caliber,9/14/2017,258,5.68,994,364,2875.64,739.3,20.16183931,14.749718401901932,26.69983738,0.285579932368924,2
306,Wisconsin,Marshfield,42095,55V50,42240,239,4.61,273,367,4594.76,947.4,8.49679633,1.0612889889231405,12.01075822,0.07742909139451286,1
307,Wisconsin,Marshfield,41730,Nuton,41890,258,4.54,131,1,2881.79,508.2,16.6083088,10.683364122840805,23.90710377,0.7,2
308,Kentucky,Lexington,4/5/2017,Saranac AR,9/12/2018,255,4.82,200,3,4617.5,1043.2,23.41125041,17.614715059343524,26.77095721,0.29291505089828895,1
309,Wisconsin,Arlington,41730,55V50,42249,247,9.45,853,365,4665.64,762.7,7.35454784,1.0601217840019088,11.28276945,0.0839263884430043,3
310,Kentucky,Lexington,4/5/2016,Saranac AR,9/19/2016,256,1.39,206,1,2961.52,539.0,22.36553389,14.41913786668978,24.93910042,0.2811928545167446,1
311,Wisconsin,Arlington,41730,55V50,42251,249,5.93,476,362,4711.52,826.5,5.67159434,1.5339294546422613,12.65302818,0.08199600894341037,2
312,Kentucky,Lexington,4/5/2016,Contender,9/14/2017,255,2.71,1316,360,3201.69,1043.2,21.50917661,14.677163205483847,25.57527852,0.28969531581564634,2
313,Wisconsin,Arlington,41365,FSG 424,42251,246,4.83,1020,367,4649.67,777.2,7.68110686,1.386911053874542,11.90077152,0.07786559066314448,2
314,Wisconsin,Arlington,41730,55V50,8/12/2013,231,5.31,514,362,4722.58,808.1,7.30809693,2.2782867399350524,23.5013097,0.08320900425862318,2
315,Wisconsin,Marshfield,42095,55Q27,42243,241,2.21,187,1,3071.42,458.2,17.12161731,15.255715827692624,23.19312175,0.08006736952033759,1
316,Wisconsin,Arlington,41133,5312,42251,248,6.26,836,365,4736.09,758.8,6.77159828,1.8579819234246764,11.06416216,0.07918793594175597,4
317,Kentucky,Lexington,4/5/2017,Saranac AR,9/14/2017,255,2.19,151,2,2968.95,1043.2,22.97354206,15.490125522462707,25.23226029,0.28964825444629566,1
318,Wisconsin,Arlington,41730,55V50,9/15/2017,262,5.39,552,363,4725.51,820.5,7.46410123,0.17192383696948665,24.75017714,0.08036993255334089,3
319,Wisconsin,Marshfield,41730,55V50,41919,238,4.21,519,365,4567.59,810.3,20.22042485,15.51216673913121,23.13410668,0.08412117622368487,1
320,Wisconsin,Arlington,41365,55V50,41885,246,5.13,913,362,4737.5,823.9,6.18460692,0.7565187374180237,12.04637444,0.07536752856223052,3
321,Wisconsin,Marshfield,41365,55V50,42240,236,6.12,742,364,4750.04,861.7,5.81660609,2.0007241814292467,12.46565283,0.08451901616393892,3
322,Wisconsin,Marshfield,42095,55V50,42243,244,2.41,188,1,3001.25,556.1,16.8177285,11.575987111770456,23.54199087,0.07536518819234285,2
323,Kentucky,Marshfield,41365,55V50,9/13/2018,233,5.8,1179,364,4661.98,756.0,7.43612988,14.679266600807116,11.8171021,0.2906063987979646,2
324,Wisconsin,Arlington,41730,55V50,42251,245,5.94,633,364,4633.01,717.8,6.97863078,1.249225101405628,11.44523759,0.08003833836142496,2
325,Kentucky,Lexington,41730,55V50,9/13/2018,231,3.86,482,362,4624.98,796.2,22.88544674,16.021778213086307,23.63473608,0.2885701663171039,1
326,Wisconsin,Lexington,41730,55V50,9/14/2017,259,1.78,204,7,2912.93,420.2,21.8312279,15.136035775561178,23.49843473,0.2871907073297074,1
327,Wisconsin,Marshfield,41365,55V50,42240,260,4.59,502,362,4674.25,830.6,17.85686086,14.540264432150202,25.06257714,0.08007654264773696,2
328,Kentucky,Lexington,4/5/2017,Saranac AR,9/14/2017,255,2.2,130,6,2984.33,806.2,22.44211866,16.296558248049237,25.33203759,0.28753589906347604,1
329,Wisconsin,Marshfield,41730,55V50,42240,246,4.79,436,366,4736.23,801.6,7.1349507,-0.53,24.36237873,0.07774194155742614,2
330,Kentucky,Lexington,8/9/2012,55V50,9/13/2018,250,6.06,531,363,3043.71,698.8,18.99773884,15.170512787016815,24.68094858,0.2909353829092515,2
331,Wisconsin,Marshfield,41730,55V50,42240,240,6.61,741,362,4602.57,763.7,7.9291792,1.860427225749801,12.95809592,0.07949693503281176,2
332,Kentucky,Lexington,3/31/2015,Fierce,9/12/2018,256,4.95,141,362,2912.27,870.5,22.11253506,16.633495203879068,25.89399951,0.291199716930839,1
333,Kentucky,Lexington,3/31/2015,Contender,9/14/2017,259,1.84,225,3,3397.01,583.0,20.59115582,16.66712634824735,26.02415468,0.2841979037477437,1
334,Kentucky,Lexington,8/9/2012,Caliber,9/19/2016,262,5.99,188,368,2946.85,633.0,20.09357154,15.67380538477902,24.96167777,0.2786804801110799,3
335,Kentucky,Lexington,8/9/2012,Caliber,9/14/2017,252,5.59,534,363,3289.98,820.3,20.86049513,14.082597849449986,25.96120316,0.2969735164149566,3
336,Kentucky,Lexington,8/9/2012,Caliber,9/13/2018,258,4.7,623,365,4781.76,780.5,21.40704246,16.209120952775372,25.0051858,0.28899459707813824,2
337,Kentucky,Lexington,3/31/2015,Contender,9/14/2017,261,2.1,1070,365,3388.88,828.9,21.81019446,16.280255433984543,26.52232667,0.28992833271564694,1
338,Wisconsin,Arlington,41365,55V50,42251,244,5.06,1134,360,4726.49,786.3,8.44697646,1.2878728175637992,11.64208045,0.08246350816463928,2
339,Wisconsin,Arlington,41365,55V50,41885,246,4.32,700,366,4663.53,725.9,6.65397611,-0.41915395301746106,11.48508907,0.0769019400784827,3
340,Wisconsin,Arlington,41730,55V50,42251,247,6.31,939,367,4631.29,766.4,6.83232874,0.7634821597872489,10.93254653,0.0789267937257737,3
341,Kentucky,Lexington,3/31/2015,Caliber,9/19/2016,257,4.84,148,361,4767.71,888.0,21.46102427,15.849220665663035,25.36756043,0.2863882803652064,1
342,Wisconsin,Arlington,41730,55V50,42604,238,7.93,463,363,4706.9,771.5,7.42049909,3.013344435133713,12.52571593,0.07937820790150388,3
343,Wisconsin,Marshfield,41365,55V50,41919,263,6.01,959,361,4742.26,776.5,21.21741182,15.148406012072371,22.87467686,0.08562755502374399,1
344,Kentucky,Lexington,8/9/2012,55V50,9/13/2018,260,5.81,549,363,4726.28,874.9,22.4642239,17.40203425696175,27.53355518,0.29197645688592183,2
345,Kentucky,Lexington,8/9/2012,Caliber,9/14/2017,258,5.55,979,362,3186.89,820.8,19.87137691,14.639518253347495,24.81276418,0.2886023775053544,2
346,Wisconsin,Marshfield,41365,55V50,42240,242,5.24,1102,362,4671.55,801.3,7.34398405,2.499874778598808,12.16033818,0.08638910257817876,1
347,Wisconsin,Arlington,41730,55V50,41885,249,6.03,925,365,4741.11,783.4,20.77011675,15.656335853730699,25.05664928,0.07628071109257936,3
348,Wisconsin,Marshfield,41365,55V50,42240,280,4.96,1059,364,4621.41,723.6,6.65055265,-0.53,12.11791218,0.07742368275746077,2
349,Wisconsin,Marshfield,41730,55V50,42604,235,7.54,515,366,4655.09,1043.2,8.90164192,2.7567655076973496,12.75015149,0.07739670640408783,4
350,Wisconsin,Marshfield,41730,55V50,42613,233,6.34,421,8,4609.48,1017.1,17.28186605,1.1154057147557337,26.27405704,0.07908176214473393,2
351,Wisconsin,Arlington,41365,55V50,42251,245,5.16,1049,366,4645.56,745.1,7.09765101,0.4230682430333237,11.31057419,0.07744718283799747,2
352,Kentucky,Lexington,4/5/2016,Caliber,9/19/2016,257,5.56,873,365,4762.95,1043.2,22.5105497,15.430677584454303,26.30653559,0.2830407161859786,2
353,Wisconsin,Arlington,41730,55V50,42251,247,5.73,866,366,4698.61,754.4,8.18504689,2.176998603028541,12.59094541,0.07923698268470025,3
354,Wisconsin,Marshfield,41365,55V50,41919,247,5.49,1109,366,4751.44,791.0,7.35193877,1.2167147988788787,11.99256026,0.0802998799576716,1
355,Kentucky,Lexington,8/9/2012,Caliber,9/12/2018,258,6.39,994,365,4619.17,831.2,20.47221509,16.270914086187464,26.2617372,0.28480174449456014,3
356,Kentucky,Lexington,4/5/2017,Saranac AR,9/14/2017,258,2.62,130,1,2554.13,604.7,23.18272514,15.903086347917197,25.05494398,0.2850838815318395,1
357,Wisconsin,Lexington,41730,55V50,42604,240,6.41,562,364,4690.56,832.2,7.59321934,2.1534183183820232,13.89237738,0.07481521717780895,4
358,Wisconsin,Marshfield,41365,55V50,42240,243,5.71,525,364,4736.97,759.3,5.53,-0.14561250420298455,11.86235799,0.08143283749505048,1
359,Wisconsin,Arlington,41730,55V50,41885,247,5.95,940,362,4750.72,797.6,5.53,1.656847233999104,11.78617272,0.07441941943736638,3
360,Kentucky,Lexington,8/9/2012,55V50,9/15/2017,260,3.95,566,361,3007.17,790.0,20.65086253,14.690233771174995,25.48357232,0.2943243420939514,3
361,Wisconsin,Marshfield,42095,55V50,42613,240,5.14,622,365,4619.6,1026.3,7.40373631,2.403788639874069,13.74919736,0.08088611899603311,2
362,Wisconsin,Arlington,41730,55V50,42249,236,3.26,541,364,4784.58,944.7,7.04963874,4.138334838006198,24.78526033,0.07137727199348463,3
363,Kentucky,Lexington,4/5/2016,Caliber,9/19/2016,257,3.08,200,3,3134.98,618.1,21.71520254,15.517823919097,25.86831552,0.2779189669172057,1
364,Wisconsin,Arlington,41730,55V50,42251,246,7.56,1020,363,4706.97,785.5,7.40559842,2.081771951600325,12.8408735,0.07922616442342889,3
365,Kentucky,Lexington,8/9/2012,Caliber,9/15/2017,259,6.08,546,370,4608.11,811.1,20.63567263,16.329683285652443,25.05019789,0.2877501381425419,3
366,Wisconsin,Marshfield,41365,55V50,41919,273,4.49,1070,369,4507.31,756.5,5.53,-0.22881828263034865,12.10401556,0.07866583050647871,2
367,Kentucky,Lexington,8/9/2012,Caliber,9/13/2018,259,6.25,445,364,2755.39,765.5,20.01118043,14.560878835026418,23.7528249,0.28978520182665035,3
368,Wisconsin,Arlington,41730,55V50,42249,232,6.35,865,365,4639.54,743.1,7.03024526,1.8246327639227968,12.09335924,0.07464745234792894,3
369,Kentucky,Lexington,4/5/2016,Ameristand 403T Plus,9/19/2016,256,1.24,228,5,2363.35,507.1,23.65128165,17.178755134223742,27.2075551,0.2834059599212028,1
370,Wisconsin,Arlington,41365,WL 354 HQ,41885,248,5.39,968,367,4640.06,798.3,6.90062437,-0.53,11.71038306,0.07235995740313513,2
371,Kentucky,Lexington,4/5/2016,Caliber,9/14/2017,257,2.69,130,3,3382.84,918.6,20.91102209,15.219884108249408,24.08743753,0.2792104190924664,1
372,Wisconsin,Lexington,8/9/2012,55V50,41885,256,7.68,1276,363,4680.06,766.5,7.7503683,-0.53,11.42817786,0.0790816335698995,4
373,Kentucky,Lexington,8/9/2012,Caliber,9/14/2017,257,4.92,553,367,3160.46,773.1,20.17767288,14.305380201101595,25.19118054,0.2888348226380307,3
374,Wisconsin,Marshfield,41730,55V50,42240,246,5.12,130,1,3127.86,448.1,16.40211229,10.858098577746375,23.56759088,0.08217667190555694,2
375,Wisconsin,Marshfield,41365,55V50,42240,239,5.56,1224,368,4706.87,806.5,7.96858975,0.6595068792126462,11.80639776,0.08011255955032635,2
376,Wisconsin,Arlington,41730,55V50,42604,229,6.5,1159,370,4657.94,949.5,6.93182602,3.0195985132059486,13.90747814,0.07739396662448013,3
377,Kentucky,Lexington,4/5/2016,Caliber,9/15/2017,255,8.75,968,366,4580.83,710.8,5.53,1.7642224075638986,23.77851038,0.08252161358929339,4
378,Wisconsin,Marshfield,41730,Vernal,41890,247,2.04,134,1,2842.05,466.0,16.61491569,9.93656214919403,21.64730637,0.08355630759108026,2
379,Kentucky,Lexington,4/5/2016,Caliber,9/14/2017,252,2.58,162,2,3595.54,557.5,21.73209847,15.604022875620522,25.41165108,0.28840260482994085,1
380,Wisconsin,Arlington,41730,55V50,42251,246,7.64,1129,363,4587.11,727.9,6.08681693,1.6355548775019004,12.28863328,0.0750260058870509,3
381,Kentucky,Lexington,4/5/2017,Caliber,9/14/2017,258,2.43,159,1,3157.29,456.6,21.19633164,16.735744336858886,23.94727028,0.288804640930001,1
382,Kentucky,Lexington,4/5/2016,Caliber,42604,239,7.58,957,366,4618.25,959.6,21.70796347,18.688742037959308,26.41234354,0.2862702917674257,4
383,Wisconsin,Marshfield,41365,55V50,42240,238,5.03,1024,365,4641.44,805.9,6.73904526,1.887802360215161,11.4495281,0.08305617022433619,2
384,Wisconsin,Arlington,41730,55V50,42251,248,7.98,1016,366,4735.18,770.6,6.85170112,0.587013946415019,12.36334801,0.0765579047678021,4
385,Kentucky,Lexington,8/9/2012,Caliber,9/15/2017,264,5.53,1218,362,3701.43,785.5,19.78993647,12.502275312994117,23.78429133,0.2826493176766462,3
386,Wisconsin,Arlington,41730,55V50,42604,231,5.68,898,363,4650.17,851.6,7.81235808,2.391845204412582,12.59571358,0.08267620347625651,3
387,Wisconsin,Marshfield,42095,55V50,42240,234,6.3,948,362,4665.51,1043.2,20.24623302,16.96613411099362,25.25050769,0.0812493655426901,2
388,Wisconsin,Marshfield,41730,55V50,41890,232,2.32,209,3,3200.03,610.5,15.78900688,10.286140622713429,24.03768653,0.08284924920424186,2
389,Wisconsin,Arlington,41730,55V50,41885,247,5.62,1110,361,4823.96,773.3,5.53,1.1254527070081084,11.13762296,0.07007763762692189,3
390,Kentucky,Lexington,3/31/2015,Caliber,9/12/2018,258,6.56,1028,364,3177.1,844.2,20.91623617,17.070259470108436,25.51368454,0.2926445253661051,1
391,Wisconsin,Lexington,8/9/2012,55V50,9/13/2018,260,5.55,801,363,4624.89,715.3,20.75970958,14.236113000636223,25.95259797,0.2928259047202631,2
392,Wisconsin,Marshfield,41730,55V50,42243,233,2.51,210,2,4709.27,535.9,21.97152164,16.08115341444274,25.47858546,0.07897210395526556,1
393,Wisconsin,Arlington,41365,55Q27,42251,246,4.5,1184,365,4556.62,754.2,7.70848158,-0.0377602543099671,11.94779757,0.07449222413696917,2
394,Kentucky,Lexington,3/31/2015,Caliber,9/14/2017,256,3.12,334,1,3212.81,610.0,20.89965452,15.812194895371775,25.12507804,0.2855622682408167,1
395,Kentucky,Lexington,8/9/2012,55V50,9/15/2017,256,5.3,540,359,3528.13,740.2,21.20294893,15.194166831950552,25.36415796,0.2938559876090579,3
396,Wisconsin,Arlington,41730,55V50,42251,246,5.27,545,365,4770.67,713.1,6.89775324,1.4917067483250142,12.56491992,0.07880112838200695,4
397,Wisconsin,Marshfield,41730,55V50,42240,232,6.15,992,366,4532.74,1028.3,7.56547086,1.0858738726122246,12.28658644,0.07987665856924427,2
398,Kentucky,Lexington,8/9/2012,Caliber,9/15/2017,259,6.44,937,362,3570.09,702.1,19.05330847,13.075347595132294,25.82084559,0.2876069852059343,2
399,Kentucky,Lexington,4/5/2017,Caliber,9/14/2017,262,5.4,169,1,3013.51,812.2,21.10041352,15.293088134150027,23.79903253,0.2822362261180825,2
400,Wisconsin,Arlington,41365,55V50,41885,244,5.79,1038,361,4778.34,773.5,7.44481647,-0.09269781914801545,12.14904302,0.07866340074841704,4
401,Wisconsin,Marshfield,41365,55V50,41919,257,4.27,507,363,3117.55,860.9,20.07155868,14.500529805661987,25.69609679,0.08710896286899683,2
402,Wisconsin,Arlington,41365,55V50,42251,247,5.88,1038,364,4735.29,754.4,6.78281247,2.0101790162785496,12.29274687,0.07955126398313722,2
403,Kentucky,Lexington,8/9/2012,GA-505,9/13/2018,255,4.5,1014,367,4646.9,815.3,20.76874,15.572103031449295,25.10228279,0.28674448557347304,3
404,Wisconsin,Arlington,41730,55V50,41885,245,5.28,514,361,3062.63,756.8,5.53,-0.53,23.04504099,0.07679361892968731,3
405,Kentucky,Lexington,3/31/2015,Caliber,9/14/2017,261,5.79,1117,363,3432.28,784.2,19.92416691,16.300561987561572,24.77098746,0.2933189114305242,2
406,Wisconsin,Arlington,41730,55V50,41886,245,1.58,184,2,2812.9,113.4,16.2403731,9.481850069839616,22.70040937,0.07555810892463402,1
407,Kentucky,Lexington,8/9/2012,Caliber,9/15/2017,261,4.88,1040,360,3390.34,816.0,21.00645549,14.703677075045027,24.31912455,0.29579958348094837,3
408,Wisconsin,Marshfield,41730,55V50,9/14/2017,256,5.54,196,1,3086.28,799.0,20.69545028,15.943621438798878,24.87226073,0.07669644652446336,2
409,Kentucky,Lexington,4/5/2017,55V50,9/14/2017,255,5.16,153,1,3092.53,551.9,21.38761504,16.27006168567247,24.54308786,0.29014418643541995,2
410,Wisconsin,Marshfield,41730,55V50,9/14/2017,228,2.52,195,15,2939.99,302.1,17.17104745,9.743819241687456,22.94000117,0.0840615796314331,1
411,Kentucky,Lexington,8/9/2012,GA-505,9/19/2016,259,5.31,1267,366,3988.35,840.0,19.39558214,15.286760261078777,25.6214034,0.28535997197673,3
412,Wisconsin,Arlington,40664,55V50,41885,248,7.01,498,363,4733.5,763.4,7.28157513,0.05178371822639405,11.86330083,0.07851117218722663,4
413,Kentucky,Lexington,42095,55V50,9/14/2017,240,1.63,191,1,3313.24,501.0,21.35228779,16.395640748401533,25.31552194,0.2778357902989659,1
414,Wisconsin,Marshfield,41730,55V50,42251,234,5.44,955,364,4655.7,977.3,7.67603843,1.6976361681724732,12.92262193,0.08318044931460064,3
415,Kentucky,Lexington,8/9/2012,Saranac AR,9/12/2018,255,5.28,1128,363,3123.67,791.7,20.82991369,14.939977843466785,24.71850816,0.2959682489333931,2
416,Wisconsin,Marshfield,41365,55Q27,41919,246,5.84,948,361,4708.89,786.1,7.51738069,-0.305975570014005,11.82783927,0.08014895117989264,2
417,Wisconsin,Arlington,41730,55V50,42604,244,7.62,920,363,4675.57,908.7,8.97354076,3.2291448766635593,13.54586167,0.07870931680830966,3
418,Wisconsin,Arlington,41730,55V50,41886,248,6.32,198,2,3240.7,787.4,19.88795038,10.349774538893001,22.84278971,0.07795297558021264,2
419,Kentucky,Lexington,4/5/2016,Caliber,9/19/2016,254,1.34,130,1,4666.78,474.9,20.64290008,14.204508767339332,25.90401431,0.28340397814498874,1
420,Wisconsin,Marshfield,41730,55V50,42240,235,5.12,488,364,4604.24,971.2,8.41234439,3.389397549429119,12.67552568,0.07654407789447976,2
421,Wisconsin,Arlington,41730,55V50,42249,246,6.27,536,368,4823.96,759.5,8.07318598,1.4312775011449665,12.70009602,0.07956958567983935,3
422,Wisconsin,Arlington,41730,55V50,42249,244,6.05,514,364,4726.15,740.4,6.95559669,0.721256212390065,11.72562306,0.07194710347260547,3
423,Kentucky,Lexington,8/9/2012,Caliber,9/15/2017,256,5.36,1028,362,3104.67,778.2,18.3591022,16.650601913567073,24.19733026,0.2900400126707399,3
424,Wisconsin,Arlington,41730,55V50,41886,247,6.14,130,1,2801.09,200.7,15.51903852,9.821974104105353,23.43886088,0.0741096927885548,2
425,Wisconsin,Arlington,41730,55V50,41885,244,6.06,1319,363,4716.14,766.0,8.03413312,1.6802193792902713,11.32754675,0.07915346457556781,3
426,Kentucky,Lexington,8/9/2012,Caliber,9/13/2018,259,6.39,943,364,4811.7,775.7,20.29416024,16.641547109612706,12.67889,0.29344977739067607,3
427,Wisconsin,Lexington,8/9/2012,55V50,9/15/2017,258,5.4,889,363,4658.29,802.4,21.27827634,14.506276040679172,25.28827205,0.07898189048123186,3
428,Wisconsin,Marshfield,41365,55V50,42604,236,5.36,1178,370,4532.94,1043.2,8.4638187,3.0928853378853325,13.24701433,0.07356622614881088,3
429,Wisconsin,Arlington,41730,55V50,41885,245,6.31,645,365,4626.06,695.0,7.50528784,0.3171427526844286,12.00548858,0.07750636574361469,3
430,Wisconsin,Lexington,41730,55V50,9/15/2017,257,5.69,529,364,3296.22,785.3,22.79121862,15.176530849972167,24.48023823,0.28633270255654647,2
431,Wisconsin,Marshfield,41365,55V50,42240,242,5.58,966,363,4768.5,723.8,5.8161546,2.380185578294897,11.67433911,0.08676571087568481,2
432,Wisconsin,Arlington,40664,55V50,41885,245,5.96,1216,366,4775.52,788.0,7.06828364,-0.4560259618758409,11.98320771,0.07802697676758297,2
433,Wisconsin,Arlington,41730,55V50,42251,247,8.43,1099,368,4663.15,783.0,6.99015458,3.7640262593665037,11.88599277,0.07969216151721964,4
434,Wisconsin,Marshfield,42095,Vernal,42240,231,5.8,190,3,4687.2,528.4,16.47135827,11.122930058228981,23.25858107,0.07970710583146638,2
435,Kentucky,Lexington,8/9/2012,Caliber,9/19/2016,262,5.44,903,370,4643.64,1043.2,21.16092294,15.069162016929518,26.27916913,0.28027616424358986,2
436,Kentucky,Lexington,3/31/2015,Caliber,9/13/2018,260,4.56,1224,364,2933.88,795.7,22.60983303,16.193644441890978,25.85668484,0.283120048990924,2
437,Kentucky,Lexington,3/31/2015,55V50,9/12/2018,258,4.51,135,362,2794.35,828.1,20.19552441,15.057864700875143,24.95388046,0.2953729601890133,2
438,Wisconsin,Arlington,41730,55V50,42251,248,5.42,1180,361,4644.55,745.3,5.53,0.9902281586067402,11.5990139,0.07731039356048346,2
439,Wisconsin,Marshfield,41730,55V50,42613,224,5.83,463,361,4464.84,944.7,8.59690162,1.9768350236182295,12.88493805,0.07998028755126661,4
440,Kentucky,Lexington,8/9/2012,Caliber,9/14/2017,259,6.17,1355,363,3710.6,766.7,20.76362953,17.157262811917626,26.4809793,0.29410595088344743,3
441,Wisconsin,Lexington,41730,55V50,9/19/2016,264,2.93,142,1,3047.92,611.4,19.73990097,16.745614665758218,23.96643456,0.0771428692494809,2
442,Wisconsin,Marshfield,41730,55V50,9/13/2018,235,4.78,436,366,4632.27,772.0,7.33535759,1.2218383776635178,12.60523931,0.07887958055335745,2
443,Kentucky,Lexington,41730,Caliber,9/14/2017,259,2.89,190,2,2793.75,781.8,19.93177318,15.933547724690413,24.88347959,0.2915143424378047,4
444,Wisconsin,Arlington,41365,55V50,42251,245,5.64,1008,364,4690.88,754.9,8.1023734,0.686790340337651,13.07550537,0.0802847039637222,2
445,Wisconsin,Lexington,8/9/2012,55V50,9/18/2014,258,7.81,1043,368,4669.7,1025.2,7.79389226,2.053648796114115,12.47882808,0.07014395328561308,3
446,Wisconsin,Marshfield,41365,55Q27,42240,234,3.98,130,367,4650.85,544.9,15.7358284,-0.53,23.60171025,0.08535851260246312,1
447,Wisconsin,Marshfield,41730,55Q27,41890,233,2.26,181,2,3452.23,540.7,15.7019399,10.640267464475512,24.04747436,0.07515012950889793,1
448,Wisconsin,Lexington,41730,55V50,9/14/2017,258,4.99,139,366,2829.18,776.2,19.13633588,15.653935326358113,23.83223517,0.0792721621516589,1
449,Wisconsin,Arlington,41730,55V50,41886,245,4.5,415,363,4715.71,810.2,6.29084286,1.5106027496869487,11.93276309,0.08293505088356645,2
450,Kentucky,Lexington,8/9/2012,Caliber,9/14/2017,260,4.36,952,361,3216.16,740.4,20.01418088,16.504184991163502,24.54342747,0.29168885423589275,1
451,Kentucky,Lexington,8/9/2012,Caliber,9/18/2014,257,7.79,896,369,4778.09,808.2,20.92288535,14.198933616610603,11.80933098,0.28657117036929447,3
452,Wisconsin,Arlington,41365,55V50,42251,248,5.92,1030,370,4697.17,824.0,6.69423697,2.2766452943347995,13.27786157,0.0782824155488388,2
453,Wisconsin,Lexington,8/9/2012,55V50,9/15/2017,259,5.6,762,361,4673.66,793.6,22.16461631,15.828236663368557,24.14895001,0.2884447814900738,2
454,Wisconsin,Arlington,41365,55V50,41885,258,5.15,552,363,4823.96,802.8,6.92038096,-0.53,12.21635786,0.07380149363774306,2
455,Wisconsin,Arlington,41730,55V50,41886,246,2.23,192,6,2568.72,231.5,15.50132096,10.044808081283024,24.26618764,0.07674129565084156,2
456,Wisconsin,Arlington,41730,55V50,42249,245,6.9,401,364,4666.08,774.0,7.32026171,0.6964015696923014,11.54153108,0.08110388102366768,4
457,Kentucky,Lexington,8/9/2012,55V50,9/18/2014,260,5.9,1055,367,4697.58,782.9,19.79330868,15.418217343118085,27.03715984,0.2819681829339859,2
458,Wisconsin,Arlington,41365,55V50,42251,247,4.45,988,364,4687.5,778.1,6.33428138,3.0066426516772866,11.686052,0.07870227831283046,2
459,Wisconsin,Arlington,41730,55V50,9/15/2017,259,6.25,912,361,3184.48,760.6,21.43687929,12.099643757041246,23.30973322,0.07759254374212338,2
460,Wisconsin,Marshfield,42095,55V50,41890,259,1.81,201,1,2920.38,577.8,17.17530929,16.535288406358774,24.13616294,0.6437159217790962,1
461,Wisconsin,Arlington,41730,55V50,41886,246,6.5,143,1,2984.11,109.7,15.78865473,11.27807553240225,23.62130412,0.07313274942912935,1
462,Wisconsin,Marshfield,41730,55V50,42240,236,5.33,896,369,4682.23,738.6,8.06517379,1.5363269805486914,12.77562198,0.07807347884608266,2
463,Wisconsin,Marshfield,41730,55V50,41886,246,5.79,493,363,3442.62,791.4,20.50863085,9.99832017696999,24.44816895,0.07713609577100829,2
464,Wisconsin,Arlington,41730,55V50,42251,231,5.94,479,363,4659.75,778.1,6.46175715,0.8980934309313138,13.37682527,0.0727507852889214,3
465,Wisconsin,Marshfield,42095,55V50,42243,244,1.72,141,6,2575.16,488.7,21.93576817,15.589276874927533,24.72130209,0.07,1
466,Wisconsin,Arlington,41730,55V50,41886,246,5.25,130,1,3282.03,754.9,16.5431922,9.579748384401533,24.66423565,0.0808315042635973,2
467,Wisconsin,Marshfield,41730,55Q27,42243,237,1.51,140,4,2457.41,515.4,15.59131826,10.562578144669063,22.56355291,0.08161393891306107,1
468,Wisconsin,Marshfield,41730,55Q27,42240,248,4.82,130,3,4589.24,600.9,16.25334291,10.782642362880726,23.43327167,0.0832093039093657,1
469,Kentucky,Lexington,8/9/2012,55V50,42613,239,5.71,506,366,4734.28,1005.4,22.55979135,17.003300809904275,26.10407713,0.28157477180247453,3
470,Wisconsin,Marshfield,41730,55V50,42240,248,4.77,1053,363,4804.23,781.3,7.01211748,0.27825981815213074,11.80892995,0.08351291679919803,2
471,Wisconsin,Arlington,41730,55V50,42249,247,8.21,492,363,4749.73,741.6,6.73826687,-0.53,11.78016789,0.07885999257132506,4
472,Wisconsin,Arlington,41730,55V50,41886,247,1.71,179,2,2943.08,109.7,16.22689353,10.887019955693532,23.42067204,0.07641400039120809,1
473,Wisconsin,Marshfield,41730,55V50,41890,232,1.65,130,9,2927.81,469.9,16.62080531,10.829285156949233,22.57114858,0.07739132557637945,1
474,Wisconsin,Arlington,41365,55V50,42249,241,5.28,1030,365,4595.63,825.1,6.77941966,2.848134954344408,13.69800229,0.07193438665120774,3
475,Wisconsin,Marshfield,41365,55V50,42240,241,4.13,1043,365,4573.66,804.0,20.72607516,15.652186502930821,25.84511464,0.07983474411434363,2
476,Wisconsin,Marshfield,41730,55V50,41890,255,3.01,170,1,2927.75,152.8,15.75460227,10.23582454686181,24.0912794,0.6377948522585115,2
477,Wisconsin,Marshfield,41365,55V50,42251,235,5.48,1025,364,4753.74,729.1,7.32560246,-0.280940803760263,11.67287171,0.08017292839982522,3
478,Kentucky,Lexington,4/5/2017,Saranac AR,9/14/2017,257,1.2,148,6,3205.6,475.4,19.78578618,15.800072953010833,24.50509079,0.2924748937837232,1
479,Wisconsin,Marshfield,42095,54Q14,42243,236,1.5,186,1,2939.74,500.5,16.95747393,15.072668004859427,24.58558154,0.07005964924669991,1
480,Wisconsin,Marshfield,41730,55V50,9/14/2017,233,1.8,146,7,4823.96,596.5,21.68653217,14.810568589924623,26.15520588,0.07860701167934799,1
481,Wisconsin,Marshfield,41730,55V50,41890,255,5.92,520,363,3289.39,778.7,21.22307983,15.34597221911738,24.69196778,0.0748401165175101,2
482,Kentucky,Lexington,8/9/2012,55V50,9/12/2018,256,5.49,582,365,4688.62,807.8,21.6759089,16.35025875468683,27.008946,0.30025454263612933,2
483,Kentucky,Lexington,8/9/2012,55V50,9/12/2018,258,4.06,972,365,4704.37,818.3,20.69126966,16.850557775199416,26.00637416,0.2952525599041389,2
484,Kentucky,Lexington,8/9/2012,Caliber,9/19/2016,260,5.15,1195,370,3726.36,834.7,21.45093923,15.756598657112908,25.48717205,0.28055695629508487,3
485,Wisconsin,Arlington,41730,55V50,41886,237,2.98,130,1,2738.29,171.3,17.33785287,9.999559677856723,24.28913264,0.07580592374639562,1
486,Wisconsin,Arlington,41730,55V50,42251,246,6.34,943,364,4576.6,753.0,6.42043218,1.0227080528650023,10.95084411,0.07575436439665426,2
487,Wisconsin,Arlington,41730,55V50,42251,247,6.86,954,368,4620.35,743.0,7.52477496,2.5863879866240636,12.28898281,0.09128373099103373,2
488,Kentucky,Lexington,8/9/2012,55V50,9/13/2018,231,5.37,466,364,4663.55,777.0,22.77273234,17.24592233483735,25.86045856,0.2919534288348757,2
489,Kentucky,Lexington,8/9/2012,Caliber,9/19/2016,262,5.79,652,366,3145.49,841.7,20.75138137,16.226987922591153,24.43295207,0.2866824308673847,2
490,Kentucky,Lexington,42095,55V50,9/19/2016,247,1.89,219,1,4627.39,941.3,22.48863575,15.147740271502485,26.81880663,0.07199384272894423,1
491,Kentucky,Lexington,8/9/2012,Caliber,9/13/2018,262,3.7,1040,363,3098.15,795.2,21.68200122,16.92302168006555,25.35047368,0.2937993515932431,2
492,Kentucky,Lexington,4/5/2016,Caliber,9/19/2016,262,4.5,1168,366,4741.71,758.7,21.46432289,16.521517928950626,24.67180144,0.2885661138824396,2
493,Wisconsin,Arlington,41730,55V50,42249,246,6.89,732,366,4602.42,777.0,6.37923908,1.2396599965830206,12.72881996,0.08380804907471553,3
494,Wisconsin,Marshfield,41365,55V50,41919,241,4.46,1198,363,4580.1,784.9,5.53,0.9437212682134669,12.61932907,0.0785702883590908,2
495,Wisconsin,Arlington,41730,55V50,9/14/2017,259,5.76,179,3,2929.34,761.9,21.23456986,14.029902159702013,23.51925488,0.07642397632563874,3
496,Kentucky,Lexington,8/9/2012,Caliber,9/15/2017,256,5.42,551,364,2749.59,732.7,21.04234663,15.049564980897518,26.58386422,0.29616559295863376,4
497,Wisconsin,Marshfield,41365,55V50,42240,236,5.41,516,368,4823.96,755.8,7.43409269,1.7174234599642053,24.67284793,0.07803163599943753,1
498,Wisconsin,Arlington,41365,55V50,41885,248,5.72,988,366,4782.0,822.2,7.18032842,-0.21008984168909484,12.71583145,0.08456604849739105,3
499,Wisconsin,Marshfield,41365,55V50,42240,242,5.73,969,368,4594.0,777.3,6.99167688,0.384800979912586,11.67039124,0.07754836876642582,2
